Date,Area Name,Road Name,Congestion_Level,Average_Speed,Incident_Reports,Road_Capacity_Utilization,Pedestrian_and_Cyclist_Count,Public_Transport_Usage,Traffic_Signal_Compliance,Traffic_Volume,Weather_Condition,Roadwork_Activity
2023-09-21,Indiranagar,Road_13,79.0,12.1,0,91.5,137,64.3,87.5,2809,Clear,Major
2022-12-22,Electronic City,Road_9,82.3,17.7,2,87.9,227,67.2,82.1,787,Clear,Major
2022-03-07,Silk Board,Road_6,68.1,23.3,0,69.7,244,32.0,65.4,3845,Cloudy,Major
2024-07-17,Silk Board,Road_6,63.9,27.2,0,62.3,142,51.4,67.9,1084,Cloudy,Major
2022-06-04,Brigade Road,Road_7,55.9,25.9,1,65.3,216,43.0,83.9,3365,Clear,Major
2022-01-08,Koramangala,Road_13,78.5,15.0,2,88.5,57,35.2,83.4,1129,Cloudy,Minor
2022-03-18,MG Road,Road_10,72.0,18.4,1,81.6,202,49.7,67.5,1744,Rain,Major
2022-08-13,MG Road,Road_1,59.0,27.1,0,67.9,75,65.3,83.3,3006,Rain,Minor
2022-11-05,Electronic City,Road_14,68.6,19.1,1,70.6,83,52.5,65.3,2737,Cloudy,Minor
2023-01-01,Electronic City,Road_3,67.9,15.4,0,72.3,118,73.3,91.8,1031,Rain,Major
2024-01-04,Electronic City,Road_5,68.7,20.1,0,79.6,243,34.3,91.6,1074,Rain,Major
2022-10-21,Koramangala,Road_12,77.9,17.8,3,78.1,78,59.2,63.0,3128,Haze,Minor
2022-06-22,MG Road,Road_1,80.0,12.2,0,87.9,148,37.7,92.4,4953,Cloudy,Minor
2023-07-22,Whitefield,Road_10,67.3,22.7,0,60.6,62,51.9,77.2,872,Rain,Major
2023-06-05,Koramangala,Road_10,78.2,17.1,1,76.7,144,67.2,91.4,2942,Clear,None
2022-04-15,Marathahalli,Road_6,64.2,26.5,1,68.7,172,40.4,61.3,4622,Clear,Minor
2022-10-25,Marathahalli,Road_6,80.1,16.4,1,77.8,215,41.5,92.8,1313,Clear,Minor
2023-02-22,Indiranagar,Road_5,54.7,26.5,0,61.0,94,53.3,71.1,4520,Clear,Major
2023-01-29,Whitefield,Road_11,75.1,13.8,0,92.4,124,40.8,64.3,804,Haze,Major
2022-06-22,Koramangala,Road_12,92.5,12.0,3,88.7,236,40.3,64.6,562,Clear,Major
2022-10-12,Brigade Road,Road_2,59.9,22.7,0,55.1,151,62.2,85.9,4216,Clear,Minor
2024-06-09,Indiranagar,Road_10,64.2,24.7,0,66.6,112,42.9,92.4,4800,Rain,None
2022-05-23,Marathahalli,Road_9,57.0,35.1,0,62.7,176,56.8,92.7,3822,Haze,Minor
2024-01-24,Electronic City,Road_11,76.8,17.5,2,91.4,203,69.0,81.1,3227,Rain,Minor
2024-06-08,Indiranagar,Road_6,68.9,29.4,0,59.8,135,40.6,86.1,4283,Haze,Major
2022-03-05,Indiranagar,Road_15,65.6,21.1,1,73.3,233,37.4,70.0,4644,Cloudy,None
2023-06-03,Electronic City,Road_2,69.8,22.5,0,76.7,54,60.6,73.8,4226,Rain,Major
2024-04-20,Marathahalli,Road_12,61.3,34.8,0,68.9,95,55.7,74.6,1622,Rain,None
2024-06-07,Indiranagar,Road_6,56.7,27.1,0,71.2,154,34.5,89.5,4103,Haze,None
2024-02-09,Brigade Road,Road_6,73.2,18.4,1,78.6,114,68.6,76.2,2814,Haze,Minor
2022-08-28,Silk Board,Road_11,65.5,29.0,0,56.5,103,46.5,72.8,3816,Rain,Minor
2023-10-21,Electronic City,Road_3,69.0,25.6,1,84.4,142,68.2,82.8,2909,Clear,Major
2024-01-06,Marathahalli,Road_9,61.6,26.6,0,74.5,176,68.7,64.6,4786,Cloudy,Minor
2023-11-28,Indiranagar,Road_10,78.8,12.7,0,71.2,83,56.7,87.4,4103,Haze,Major
2022-03-28,Brigade Road,Road_16,55.4,23.0,0,55.0,100,55.4,80.0,2641,Rain,Major
2024-01-04,Marathahalli,Road_12,75.0,12.4,2,92.9,194,59.6,74.7,894,Haze,Major
2023-12-03,Koramangala,Road_11,77.8,14.3,0,84.7,116,44.1,65.5,4825,Clear,None
2023-02-25,Brigade Road,Road_9,68.5,24.4,2,85.4,77,74.4,85.1,2193,Haze,Major
2022-09-18,Electronic City,Road_2,70.5,20.7,1,59.5,220,50.4,88.9,2440,Rain,Major
2023-03-01,Electronic City,Road_6,78.3,8.4,1,87.5,58,42.8,89.3,4456,Clear,None
2022-01-24,Silk Board,Road_16,71.7,17.1,1,82.7,183,36.4,87.2,4137,Clear,None
2023-09-23,Brigade Road,Road_5,66.8,13.6,0,70.9,246,40.7,89.7,4106,Clear,None
2024-07-18,Silk Board,Road_13,72.4,16.6,1,86.1,235,35.6,77.7,2929,Cloudy,Minor
2024-03-28,Silk Board,Road_2,62.9,21.6,0,56.0,69,74.1,81.4,3694,Cloudy,None
2022-01-05,Indiranagar,Road_10,68.4,18.6,0,58.8,58,38.3,94.3,3163,Rain,Minor
2023-09-03,MG Road,Road_5,73.9,13.2,1,81.8,157,59.2,92.9,3648,Clear,None
2023-10-26,Electronic City,Road_9,96.4,11.9,0,100.0,130,43.7,75.0,4035,Cloudy,Minor
2023-01-31,Silk Board,Road_16,60.0,19.5,0,52.3,234,48.8,76.6,662,Clear,None
2022-12-03,Indiranagar,Road_10,65.1,20.9,1,67.8,163,54.7,75.1,2883,Cloudy,Minor
2023-05-08,Whitefield,Road_16,87.2,16.2,3,92.9,153,52.2,64.1,4268,Clear,None
2024-02-29,MG Road,Road_14,66.6,25.4,0,75.2,61,63.4,60.5,2465,Haze,Major
2022-12-24,MG Road,Road_7,80.7,8.0,0,80.0,150,74.8,87.0,4812,Rain,None
2022-05-19,MG Road,Road_12,66.4,24.9,0,72.2,191,53.6,65.7,3701,Clear,Minor
2024-08-07,MG Road,Road_15,58.4,30.2,1,56.3,218,33.6,86.4,2266,Clear,Minor
2024-06-01,Electronic City,Road_8,61.7,17.1,0,63.1,80,43.1,77.2,4980,Cloudy,Major
2022-03-22,Electronic City,Road_1,52.8,25.8,0,51.2,131,64.3,62.0,3515,Cloudy,Minor
2024-04-25,Silk Board,Road_9,74.6,17.7,2,84.1,117,56.4,89.8,2228,Rain,Minor
2023-05-26,Electronic City,Road_14,62.3,20.1,1,66.8,51,38.6,60.9,2024,Cloudy,Major
2023-02-08,Silk Board,Road_8,52.6,23.0,0,57.1,111,58.5,94.4,4112,Cloudy,Major
2024-01-01,Electronic City,Road_16,77.4,25.9,3,63.1,211,54.9,82.9,2480,Rain,Major
2022-05-28,Indiranagar,Road_16,91.9,11.2,0,83.6,107,52.0,94.5,4369,Rain,None
2023-01-31,Brigade Road,Road_4,63.1,20.4,0,78.3,103,67.0,61.3,4661,Clear,Minor
2022-12-21,Brigade Road,Road_1,72.8,20.5,3,66.4,71,40.6,81.8,1551,Haze,Minor
2023-05-10,Indiranagar,Road_16,62.6,21.5,0,71.3,172,40.7,89.8,3522,Cloudy,Minor
2024-05-16,MG Road,Road_14,46.8,27.9,0,50.0,109,38.4,63.0,3537,Rain,Minor
2024-02-15,Silk Board,Road_7,94.6,14.3,1,100.0,87,61.5,80.8,4989,Clear,Minor
2022-07-30,Electronic City,Road_15,70.9,22.5,0,89.3,149,30.8,75.9,4834,Cloudy,Major
2023-02-08,Whitefield,Road_8,49.7,26.2,0,54.6,119,40.6,71.4,4536,Haze,Major
2024-08-02,Whitefield,Road_9,79.4,11.9,0,86.6,198,44.5,65.4,2061,Haze,None
2023-06-24,Whitefield,Road_1,74.7,23.9,1,78.3,167,66.7,91.6,3535,Rain,Major
2022-06-14,Electronic City,Road_3,91.0,8.0,3,92.3,162,34.6,61.4,730,Clear,Minor
2023-03-13,Indiranagar,Road_16,67.6,17.2,0,81.5,177,32.7,84.4,2230,Rain,None
2023-04-16,Brigade Road,Road_5,77.8,13.6,0,82.7,128,30.1,77.8,1736,Rain,None
2023-02-19,Whitefield,Road_7,65.8,26.5,0,62.6,169,51.6,83.9,1591,Rain,None
2022-08-25,Silk Board,Road_6,56.3,25.5,0,52.4,236,32.1,64.8,592,Haze,None
2022-06-30,Indiranagar,Road_15,79.7,21.9,1,71.7,96,68.2,60.2,3155,Rain,Major
2023-03-16,Marathahalli,Road_10,65.5,20.9,0,63.4,82,50.5,81.1,4592,Haze,None
2024-02-20,Whitefield,Road_12,80.3,19.5,1,90.4,177,33.5,61.0,1929,Cloudy,Minor
2023-11-06,Electronic City,Road_1,57.6,25.8,1,76.1,83,56.7,64.4,3993,Clear,Major
2022-06-16,Silk Board,Road_1,70.7,19.9,0,65.3,160,56.3,64.4,4968,Cloudy,Major
2023-02-03,Indiranagar,Road_15,57.0,20.0,0,60.8,157,43.3,83.2,4895,Haze,None
2023-07-26,Indiranagar,Road_1,82.7,12.7,0,95.9,87,47.8,83.7,2990,Cloudy,Major
2022-09-14,MG Road,Road_10,55.1,24.9,0,57.5,201,65.8,78.2,2426,Rain,Major
2024-05-04,Indiranagar,Road_13,65.2,17.6,0,72.1,103,39.0,90.1,1302,Haze,Major
2022-11-25,Koramangala,Road_4,52.7,26.1,0,57.9,143,63.4,85.6,2902,Haze,Major
2022-04-11,Marathahalli,Road_8,65.4,27.8,1,64.4,136,31.0,94.3,3846,Haze,Minor
2024-06-13,MG Road,Road_12,71.6,17.1,1,79.5,227,57.1,92.7,2769,Rain,None
2022-12-29,Koramangala,Road_6,78.3,19.3,0,83.5,59,73.0,68.5,2027,Clear,None
2023-07-15,Electronic City,Road_13,64.7,20.7,0,76.3,226,51.1,69.1,1075,Clear,None
2024-07-09,Electronic City,Road_2,73.8,19.1,0,63.6,77,64.4,90.7,1826,Haze,Major
2023-08-13,Indiranagar,Road_16,55.9,30.4,0,52.2,246,54.9,63.4,4174,Haze,Major
2023-06-05,Marathahalli,Road_7,65.1,26.4,0,70.4,124,63.1,70.4,3129,Haze,Minor
2022-04-17,MG Road,Road_7,68.2,20.2,1,85.9,202,34.5,69.3,1300,Haze,Minor
2023-02-02,Koramangala,Road_11,81.7,18.5,3,81.7,193,41.0,65.6,1617,Clear,Major
2022-01-03,Indiranagar,Road_15,68.0,20.3,1,88.1,205,35.9,64.4,1321,Haze,None
2024-07-04,Electronic City,Road_14,76.7,17.8,0,86.4,224,35.4,92.1,635,Clear,None
2022-03-10,Brigade Road,Road_10,73.5,8.0,0,75.6,143,66.8,86.0,2168,Rain,Major
2024-06-02,Koramangala,Road_14,61.1,21.7,0,60.4,181,63.8,87.8,3302,Haze,None
2023-05-25,Koramangala,Road_15,73.7,16.2,1,78.4,137,50.6,64.5,2453,Clear,Major
2023-01-13,Silk Board,Road_8,77.4,12.2,2,74.4,64,72.8,72.0,2627,Cloudy,None
2024-08-04,Indiranagar,Road_11,77.6,21.3,4,71.3,219,72.6,72.8,3806,Cloudy,Minor
2023-06-24,Electronic City,Road_15,82.2,13.3,2,88.2,189,49.8,64.4,2336,Haze,None
2022-05-07,Whitefield,Road_11,79.1,15.3,1,87.1,181,68.7,68.6,4609,Cloudy,None
2022-09-22,Koramangala,Road_14,71.0,22.6,2,80.9,159,72.9,81.4,3656,Cloudy,None
2022-03-03,Whitefield,Road_11,84.3,13.4,1,90.9,114,69.4,81.4,2131,Rain,None
2024-03-30,Brigade Road,Road_14,58.5,24.9,0,71.3,212,41.0,91.9,2003,Haze,Major
2024-06-17,Whitefield,Road_14,55.1,35.5,0,58.5,245,50.5,68.4,3227,Cloudy,Minor
2022-09-05,Whitefield,Road_5,75.3,16.8,0,79.1,108,37.5,60.3,4372,Clear,Minor
2022-05-09,Electronic City,Road_13,72.1,18.9,0,75.5,217,74.9,66.7,4756,Clear,None
2023-08-18,Electronic City,Road_7,66.0,21.3,0,82.4,167,42.2,91.0,4058,Clear,Minor
2023-11-14,Electronic City,Road_2,80.8,19.9,1,83.6,216,59.4,94.7,606,Haze,None
2022-04-02,Marathahalli,Road_2,75.9,22.9,0,88.7,85,32.3,83.5,2411,Haze,Minor
2023-10-16,Whitefield,Road_13,60.5,29.8,0,75.9,216,66.1,77.2,1498,Haze,None
2024-04-23,Koramangala,Road_10,88.6,15.8,1,90.7,95,49.6,87.1,502,Clear,None
2023-12-18,Whitefield,Road_11,68.8,18.2,2,71.9,214,34.2,73.8,2955,Cloudy,Minor
2023-12-24,Whitefield,Road_6,68.9,11.6,0,74.0,132,39.4,86.3,1486,Haze,None
2022-11-20,MG Road,Road_2,82.2,14.0,2,95.5,85,50.2,73.8,1326,Haze,Major
2024-04-17,Brigade Road,Road_16,53.0,25.4,0,50.0,100,55.5,79.3,3806,Rain,Major
2023-03-22,Whitefield,Road_12,65.6,21.6,0,61.4,55,48.8,86.5,967,Haze,Minor
2023-01-05,Marathahalli,Road_3,74.4,22.4,0,82.7,177,33.0,60.0,3544,Clear,None
2024-01-13,Marathahalli,Road_15,77.4,16.9,1,81.2,179,32.7,67.5,2633,Cloudy,Minor
2023-10-15,Koramangala,Road_5,92.8,14.2,1,89.4,65,68.7,71.2,1106,Rain,Minor
2023-05-20,Koramangala,Road_1,78.6,16.8,0,90.7,121,71.8,63.5,3889,Clear,None
2023-08-18,Indiranagar,Road_8,55.7,30.7,0,71.3,188,74.9,61.5,2867,Clear,Minor
2023-03-26,Indiranagar,Road_6,76.7,13.7,0,86.2,239,52.4,77.3,1804,Haze,Major
2023-01-17,Electronic City,Road_13,63.5,25.3,0,68.7,246,69.0,80.6,964,Cloudy,Minor
2023-02-27,Silk Board,Road_7,70.8,14.0,1,72.5,136,50.3,79.9,2226,Rain,None
2023-06-17,Silk Board,Road_6,62.5,30.1,0,73.7,111,62.5,73.6,1247,Haze,None
2023-12-29,MG Road,Road_10,68.6,27.1,2,66.9,201,72.5,73.7,967,Haze,Major
2022-01-05,Marathahalli,Road_16,62.8,22.1,0,80.8,117,68.3,77.4,3845,Clear,Minor
2023-06-30,Electronic City,Road_1,57.1,28.3,0,61.9,207,42.2,65.6,2456,Haze,None
2023-05-31,Electronic City,Road_4,83.1,12.0,1,75.5,242,46.9,63.5,4451,Rain,Major
2022-08-23,Marathahalli,Road_8,40.2,19.8,0,50.0,162,48.8,64.1,4465,Haze,None
2022-10-01,MG Road,Road_2,76.8,19.6,0,96.5,151,61.1,65.7,2586,Cloudy,Major
2024-01-29,Indiranagar,Road_7,72.7,19.0,1,85.5,173,38.5,72.0,1335,Clear,Minor
2023-01-24,Brigade Road,Road_4,74.9,21.4,0,94.8,248,58.5,75.0,4421,Clear,Minor
2022-07-16,Whitefield,Road_1,57.6,21.9,0,81.1,156,43.6,91.6,2249,Clear,None
2024-03-14,Brigade Road,Road_13,74.2,17.5,0,94.5,63,55.5,73.9,4620,Haze,Minor
2022-06-15,Brigade Road,Road_2,80.3,12.4,0,82.3,243,34.2,90.4,1073,Cloudy,Minor
2024-07-25,MG Road,Road_3,74.9,20.3,0,67.0,110,54.5,91.5,2955,Clear,Major
2024-01-04,Electronic City,Road_12,69.2,21.2,0,72.9,146,34.0,62.7,3056,Haze,Major
2024-06-12,Electronic City,Road_4,90.7,8.0,0,91.4,106,39.8,78.1,4890,Cloudy,Major
2022-02-09,MG Road,Road_16,66.1,19.5,0,69.5,97,55.6,91.9,1673,Cloudy,Minor
2022-07-13,Silk Board,Road_13,65.0,18.9,2,87.8,144,49.7,93.1,1516,Haze,Minor
2022-04-29,Whitefield,Road_13,74.7,22.5,2,90.9,158,62.5,65.9,3718,Haze,Major
2022-04-14,Koramangala,Road_14,55.4,23.9,0,62.3,105,51.9,76.7,4976,Haze,Minor
2023-12-06,Brigade Road,Road_2,87.3,23.8,0,91.1,168,51.1,91.4,1772,Rain,Major
2024-02-29,Indiranagar,Road_13,68.7,20.5,0,70.6,88,58.4,72.2,4353,Rain,Minor
2024-06-11,MG Road,Road_11,59.8,18.9,1,68.4,242,50.7,67.5,3190,Cloudy,Minor
2022-07-10,Koramangala,Road_7,74.8,27.2,1,61.8,69,36.9,66.9,4802,Rain,None
2022-07-01,Whitefield,Road_9,74.0,22.6,0,85.2,226,51.5,65.2,2250,Rain,None
2022-05-03,Whitefield,Road_7,62.5,18.7,0,59.0,98,63.7,88.5,4019,Clear,Minor
2022-09-23,Electronic City,Road_14,88.9,8.0,1,96.5,98,63.8,71.0,1325,Rain,Minor
2023-02-26,Koramangala,Road_1,85.7,15.8,0,74.8,61,52.4,82.5,4685,Clear,Major
2023-03-29,Marathahalli,Road_16,67.2,26.3,1,70.7,172,30.7,76.7,2609,Rain,Minor
2023-06-30,Electronic City,Road_8,84.8,11.5,0,80.5,89,68.2,94.8,4068,Cloudy,Major
2022-06-03,Indiranagar,Road_15,72.8,16.3,2,77.0,112,43.3,65.9,1506,Clear,Major
2024-06-30,Indiranagar,Road_11,65.6,25.1,1,59.6,95,41.9,92.0,4153,Haze,None
2024-08-17,Whitefield,Road_11,58.7,27.4,1,58.6,212,49.5,68.9,3990,Haze,Minor
2022-12-30,MG Road,Road_10,52.6,30.7,0,50.0,122,31.7,67.3,4973,Haze,Minor
2024-01-07,Silk Board,Road_13,68.6,24.8,0,60.6,67,38.8,74.4,2458,Rain,Major
2023-09-09,MG Road,Road_9,61.2,24.8,0,69.3,98,41.1,85.5,4655,Clear,Major
2023-02-02,Brigade Road,Road_2,52.9,28.5,0,55.4,143,65.8,91.8,2924,Haze,Minor
2022-09-21,Whitefield,Road_10,69.5,32.3,1,75.1,130,48.0,61.2,4310,Clear,None
2023-02-21,MG Road,Road_11,84.1,17.1,2,90.6,206,69.0,70.7,945,Cloudy,Minor
2022-05-04,MG Road,Road_10,73.4,19.3,1,87.1,87,63.5,88.7,2873,Clear,Major
2023-02-11,Marathahalli,Road_5,52.1,31.4,0,57.5,73,47.8,87.5,4824,Haze,Major
2023-12-09,Koramangala,Road_13,70.4,21.9,0,73.5,140,62.5,92.1,4822,Clear,Major
2022-12-08,Electronic City,Road_6,94.6,12.8,0,100.0,177,69.4,69.9,2824,Haze,Minor
2024-07-29,Electronic City,Road_10,74.6,22.8,1,83.2,108,67.3,60.9,3463,Rain,None
2022-11-04,Brigade Road,Road_12,84.7,14.8,2,84.6,162,72.5,61.8,2119,Cloudy,Minor
2024-04-11,Whitefield,Road_9,63.6,20.9,0,58.6,209,40.4,61.0,1605,Rain,Major
2022-04-14,Electronic City,Road_12,45.1,27.4,0,52.0,177,58.8,67.1,577,Haze,Major
2022-12-02,MG Road,Road_1,77.7,20.2,3,81.8,108,34.1,64.2,1452,Rain,None
2022-03-26,Indiranagar,Road_16,71.2,19.7,2,68.6,64,58.7,78.3,4724,Cloudy,Minor
2022-11-29,Electronic City,Road_12,56.6,23.6,1,60.1,201,67.9,71.6,1608,Haze,Major
2024-04-26,Silk Board,Road_14,73.8,16.1,0,74.8,65,70.9,70.3,4931,Cloudy,None
2023-06-17,Whitefield,Road_6,90.5,8.6,1,100.0,173,60.7,62.6,3536,Haze,Minor
2023-02-22,Indiranagar,Road_7,80.1,15.7,1,77.8,67,54.6,86.6,4824,Rain,Minor
2023-08-18,Electronic City,Road_2,76.6,24.1,1,70.8,74,53.2,76.9,823,Cloudy,Major
2023-06-20,Whitefield,Road_8,83.3,19.9,0,75.6,143,34.3,60.0,3407,Rain,Minor
2023-12-06,MG Road,Road_9,66.1,19.6,0,68.5,243,58.2,71.4,1253,Rain,Minor
2022-10-05,Whitefield,Road_7,46.9,28.7,0,55.8,201,68.2,95.0,4131,Clear,Major
2022-08-29,Whitefield,Road_6,72.0,11.4,3,73.3,130,39.2,78.5,4698,Cloudy,Major
2024-06-20,Koramangala,Road_5,93.7,13.9,3,91.7,137,55.2,77.7,3090,Cloudy,Minor
2023-12-21,Electronic City,Road_11,62.2,26.7,0,62.5,156,50.1,68.0,4327,Clear,Major
2022-06-19,Brigade Road,Road_9,77.9,20.4,1,77.8,54,32.5,80.4,4123,Clear,None
2022-05-30,MG Road,Road_2,53.2,32.0,0,63.5,140,70.2,60.4,4112,Cloudy,None
2022-11-20,Marathahalli,Road_15,72.8,15.3,2,84.8,159,52.2,70.5,4644,Rain,Major
2022-08-04,Whitefield,Road_12,78.7,9.4,1,95.1,158,57.5,87.2,3398,Cloudy,Major
2022-02-14,Koramangala,Road_12,65.6,21.0,0,61.5,70,40.1,75.9,1230,Rain,None
2024-03-02,Koramangala,Road_3,68.3,23.6,1,81.9,153,30.5,86.7,4783,Cloudy,Major
2022-08-12,Koramangala,Road_15,81.1,20.7,3,90.5,244,36.9,85.9,3689,Clear,Major
2024-03-26,Silk Board,Road_3,83.5,19.2,2,88.1,243,39.9,76.2,1286,Cloudy,Major
2022-04-04,Marathahalli,Road_12,89.3,10.6,1,94.0,93,71.7,69.0,927,Cloudy,Minor
2022-05-25,Brigade Road,Road_9,48.4,24.6,0,50.0,133,63.9,70.0,2638,Cloudy,Minor
2023-12-04,Indiranagar,Road_14,57.7,22.5,1,70.0,154,69.8,77.1,1772,Clear,None
2023-10-23,Koramangala,Road_3,80.8,15.0,0,87.7,188,53.5,69.8,2364,Rain,None
2022-10-21,Silk Board,Road_10,79.2,23.6,0,69.1,124,50.5,73.8,3941,Haze,None
2023-05-25,Electronic City,Road_14,63.6,19.7,0,66.2,220,34.5,87.4,2395,Haze,Major
2024-07-29,Whitefield,Road_1,71.1,17.5,4,79.2,170,54.6,65.1,4071,Rain,None
2022-01-16,Brigade Road,Road_4,56.7,20.1,0,71.2,80,51.4,64.6,4901,Clear,None
2024-08-03,Silk Board,Road_16,69.7,22.5,0,69.4,103,52.6,94.0,4882,Rain,Major
2024-04-05,Marathahalli,Road_12,52.3,27.5,0,61.9,115,73.9,66.5,2888,Cloudy,None
2023-01-23,Koramangala,Road_1,83.8,11.7,0,85.1,128,41.9,72.4,2302,Rain,None
2023-03-24,Silk Board,Road_8,53.5,28.3,0,50.5,58,45.4,61.4,4550,Cloudy,Minor
2024-07-03,Marathahalli,Road_2,74.4,13.2,3,84.1,97,45.4,65.7,1002,Cloudy,Major
2022-06-20,Marathahalli,Road_13,81.6,15.1,1,86.3,238,40.8,69.6,987,Haze,None
2022-09-20,Whitefield,Road_5,69.6,17.0,0,75.0,88,34.0,60.9,1516,Clear,None
2024-08-09,MG Road,Road_10,79.3,19.1,1,83.6,63,68.0,91.3,3941,Clear,Minor
2023-11-17,Indiranagar,Road_13,80.4,23.0,0,79.0,211,64.7,63.3,1744,Cloudy,None
2024-01-10,Indiranagar,Road_11,63.9,23.5,1,80.1,245,31.9,75.7,2363,Rain,None
2024-03-27,Brigade Road,Road_7,70.8,22.5,1,76.6,135,52.6,74.6,2604,Rain,Minor
2022-05-26,Marathahalli,Road_1,96.5,20.6,2,97.3,51,73.5,89.3,4031,Clear,None
2023-06-21,Brigade Road,Road_9,73.8,17.8,0,88.9,83,35.2,79.7,2224,Cloudy,None
2023-07-28,Indiranagar,Road_6,81.2,19.5,1,83.3,125,72.2,91.3,1034,Rain,None
2022-04-26,Whitefield,Road_6,78.1,13.9,0,77.2,167,75.0,75.9,1915,Haze,None
2024-06-04,Electronic City,Road_13,88.0,9.9,3,100.0,197,38.6,91.4,2372,Haze,None
2023-08-11,Electronic City,Road_12,80.2,9.5,1,82.2,63,72.7,86.2,2309,Haze,Minor
2022-11-04,Koramangala,Road_14,99.0,8.0,1,100.0,158,47.4,66.9,1645,Cloudy,None
2022-11-13,Whitefield,Road_11,60.2,26.3,1,60.9,127,73.5,78.3,1053,Haze,Major
2022-02-26,MG Road,Road_6,64.8,29.4,1,76.1,138,35.7,86.3,3029,Clear,Minor
2024-03-11,Indiranagar,Road_12,71.1,20.7,3,70.0,223,39.7,90.1,3877,Cloudy,Minor
2022-06-30,Electronic City,Road_1,57.6,20.7,0,75.2,148,64.4,67.0,4496,Rain,None
2022-06-08,Koramangala,Road_16,58.3,22.1,0,70.8,191,62.8,61.5,4545,Clear,Major
2024-06-29,Silk Board,Road_16,69.0,16.1,1,79.4,207,49.4,80.9,2847,Cloudy,Major
2024-03-04,Marathahalli,Road_16,71.7,23.1,0,75.1,65,37.9,86.7,4210,Rain,Minor
2022-02-01,Brigade Road,Road_14,56.9,25.6,0,67.0,129,39.4,66.9,4937,Clear,Minor
2024-03-09,Electronic City,Road_8,73.2,21.2,0,87.0,166,61.0,90.4,4246,Rain,Minor
2022-03-08,Marathahalli,Road_11,75.4,23.3,1,89.5,50,68.8,89.2,798,Clear,None
2024-05-02,Whitefield,Road_1,59.3,25.7,0,50.0,61,65.8,77.1,626,Cloudy,Major
2022-05-25,Brigade Road,Road_7,79.9,18.5,2,87.2,202,48.8,72.8,1684,Rain,Minor
2023-02-15,Whitefield,Road_8,83.7,8.0,1,88.8,115,57.1,64.7,2533,Cloudy,Major
2022-08-17,MG Road,Road_2,73.1,19.7,0,77.9,85,32.0,86.2,4942,Clear,None
2022-11-26,MG Road,Road_10,45.3,25.3,0,50.0,201,41.6,66.6,2767,Clear,Minor
2023-07-27,Marathahalli,Road_10,77.5,18.5,2,82.2,199,44.8,92.6,1838,Cloudy,Major
2023-04-25,Brigade Road,Road_16,75.8,23.0,0,100.0,133,53.7,62.4,4328,Haze,Major
2022-07-10,Indiranagar,Road_2,68.6,18.2,2,86.4,219,64.1,89.0,3342,Haze,Major
2023-03-26,Brigade Road,Road_10,78.2,17.4,2,78.3,114,74.9,65.6,528,Clear,Major
2023-04-08,Marathahalli,Road_6,56.1,22.8,0,57.5,201,59.6,85.2,3133,Clear,Minor
2024-02-06,Whitefield,Road_13,76.9,19.2,0,75.0,174,53.7,90.6,2996,Cloudy,None
2023-07-23,Indiranagar,Road_7,49.6,33.1,0,50.0,242,45.2,75.6,3161,Haze,Major
2022-12-22,Indiranagar,Road_12,88.6,18.5,0,90.1,153,46.8,93.0,2217,Cloudy,Major
2022-04-12,Koramangala,Road_16,87.3,8.0,3,84.2,230,48.1,61.8,4815,Haze,Major
2023-09-15,Brigade Road,Road_15,58.3,23.1,1,69.3,154,60.7,93.3,2738,Haze,Major
2022-02-21,Whitefield,Road_14,76.5,22.2,1,74.9,186,35.4,63.4,2388,Cloudy,None
2022-12-12,Whitefield,Road_14,55.7,23.7,0,55.1,79,55.3,72.9,3971,Cloudy,None
2022-05-25,Brigade Road,Road_7,73.9,20.0,2,83.6,152,30.7,93.5,3607,Haze,Minor
2022-05-18,Koramangala,Road_13,73.8,24.7,1,77.9,125,41.2,78.5,4492,Rain,None
2022-06-16,Brigade Road,Road_8,79.2,16.8,1,78.1,201,42.8,84.2,4775,Haze,None
2022-09-03,Koramangala,Road_5,80.8,20.3,2,95.6,142,47.8,61.4,3767,Clear,Minor
2024-08-13,Silk Board,Road_2,71.5,13.1,2,71.8,102,68.7,64.3,3635,Clear,Major
2022-10-03,Electronic City,Road_1,95.7,10.0,0,100.0,217,45.0,65.8,1400,Rain,None
2024-01-07,Electronic City,Road_14,74.7,15.4,0,78.3,196,34.0,74.2,4609,Haze,Major
2023-02-23,Marathahalli,Road_16,66.2,20.6,1,77.5,132,57.6,68.1,4039,Cloudy,None
2024-05-01,Whitefield,Road_5,64.8,13.9,1,53.1,109,68.7,88.8,1388,Haze,Major
2024-05-23,Whitefield,Road_15,90.2,8.0,2,100.0,241,43.0,68.4,4970,Clear,Minor
2024-05-02,Electronic City,Road_14,72.1,24.8,1,80.2,99,38.9,85.1,4203,Haze,Major
2022-10-03,Brigade Road,Road_10,81.9,19.2,5,87.6,222,63.5,75.9,4599,Haze,None
2023-06-27,Electronic City,Road_7,85.5,19.8,2,86.1,86,66.3,91.3,2712,Cloudy,None
2023-01-09,Silk Board,Road_10,79.9,14.3,1,80.1,143,52.5,76.5,4027,Haze,Major
2022-11-24,Silk Board,Road_2,61.8,21.2,0,79.1,183,63.3,68.4,1783,Cloudy,Major
2023-04-12,Koramangala,Road_5,63.2,27.7,3,67.7,152,31.4,73.8,4711,Haze,Major
2023-05-27,Silk Board,Road_11,68.9,20.2,1,66.2,112,37.7,82.5,1534,Haze,Major
2022-10-16,Indiranagar,Road_4,72.0,19.7,0,87.2,99,74.6,60.4,2402,Cloudy,Minor
2024-02-15,Marathahalli,Road_15,57.9,19.0,0,57.3,218,36.1,73.8,4031,Cloudy,Major
2023-11-11,Brigade Road,Road_1,78.3,19.5,0,94.8,109,38.2,78.5,1656,Cloudy,None
2022-03-31,Marathahalli,Road_16,75.4,15.8,1,90.3,85,38.4,77.4,1428,Haze,None
2022-02-03,Brigade Road,Road_4,54.6,31.5,1,51.4,194,61.4,83.6,3051,Cloudy,Minor
2024-06-01,Silk Board,Road_13,80.3,21.6,0,76.4,151,60.4,89.4,2503,Haze,Major
2022-10-15,Whitefield,Road_3,69.4,20.1,1,80.0,209,53.1,69.1,2874,Clear,Minor
2022-04-10,Indiranagar,Road_13,72.1,20.5,0,87.4,97,54.3,92.7,3590,Rain,Minor
2023-11-13,Marathahalli,Road_14,56.0,25.3,1,50.5,65,45.9,83.8,3889,Haze,Minor
2023-04-18,Brigade Road,Road_1,59.8,17.0,0,69.9,177,62.9,66.4,1979,Haze,None
2022-07-12,Indiranagar,Road_1,57.4,18.4,0,65.5,224,42.7,80.9,1646,Rain,None
2022-10-04,Brigade Road,Road_13,79.0,14.6,4,91.0,154,40.0,75.8,3813,Cloudy,Minor
2023-12-29,Koramangala,Road_14,72.1,30.3,0,75.8,186,32.1,87.5,2213,Rain,Minor
2022-08-24,Electronic City,Road_13,65.1,23.8,0,74.1,65,46.9,73.3,3953,Rain,Minor
2023-01-31,Whitefield,Road_14,68.7,23.7,1,67.4,114,48.6,78.4,1466,Rain,Minor
2023-02-03,Indiranagar,Road_7,81.6,23.3,2,93.6,228,30.9,68.7,2559,Haze,None
2022-04-25,Brigade Road,Road_4,65.0,20.1,0,65.7,104,34.2,79.2,1890,Rain,Minor
2022-08-01,Marathahalli,Road_6,73.6,19.3,0,84.0,88,74.2,81.6,1159,Cloudy,Minor
2023-12-05,Marathahalli,Road_16,81.8,16.0,1,94.5,67,71.9,65.2,2423,Haze,Minor
2023-09-15,Electronic City,Road_11,86.2,12.4,3,95.8,80,50.5,65.4,3530,Haze,None
2024-04-22,Whitefield,Road_14,60.1,24.5,0,77.7,56,60.3,62.1,1261,Cloudy,None
2023-07-19,Silk Board,Road_7,99.0,16.5,1,95.3,193,60.0,76.5,4468,Cloudy,None
2024-05-27,Silk Board,Road_2,71.4,17.9,0,58.5,98,37.6,69.9,3849,Rain,None
2024-02-06,Whitefield,Road_9,83.7,17.8,0,88.7,87,71.1,78.1,1165,Clear,Minor
2023-05-19,Silk Board,Road_3,62.0,27.2,0,61.7,52,41.6,79.0,2023,Rain,Major
2023-07-05,Whitefield,Road_3,82.3,20.8,1,83.0,236,66.9,82.9,2775,Cloudy,Major
2023-08-11,Koramangala,Road_12,48.2,34.4,0,56.0,225,33.0,68.4,2738,Clear,Major
2022-06-03,Marathahalli,Road_15,54.7,29.4,0,54.6,232,55.3,76.6,2970,Haze,Minor
2024-03-31,Koramangala,Road_4,89.1,8.0,1,100.0,245,33.8,87.1,3456,Cloudy,Minor
2022-03-18,Indiranagar,Road_6,70.3,23.3,3,72.9,203,34.1,71.4,4766,Rain,None
2022-12-03,Electronic City,Road_7,47.5,28.8,0,50.0,198,42.0,90.1,520,Cloudy,Minor
2024-01-29,Electronic City,Road_8,64.2,28.2,0,69.4,75,57.8,60.2,3677,Rain,None
2024-05-11,Marathahalli,Road_11,63.0,19.8,0,68.9,125,58.9,92.2,4051,Clear,None
2022-04-04,Brigade Road,Road_8,67.7,27.0,1,74.7,89,39.7,69.4,1182,Clear,Minor
2022-05-14,MG Road,Road_8,69.3,17.7,0,93.4,98,38.2,85.6,795,Rain,None
2024-07-14,Indiranagar,Road_9,78.3,9.7,2,99.0,67,42.0,67.8,3239,Clear,None
2022-10-18,Koramangala,Road_11,76.4,15.7,0,89.3,206,54.6,92.2,2257,Haze,None
2024-03-27,Brigade Road,Road_3,55.3,22.6,0,72.3,114,41.6,65.9,2256,Haze,Major
2022-02-22,Koramangala,Road_4,78.3,19.0,1,82.5,241,38.4,92.8,1766,Rain,Major
2023-11-14,Whitefield,Road_7,69.1,18.8,1,84.2,212,42.3,65.7,1717,Haze,None
2024-01-30,MG Road,Road_6,82.0,14.5,1,79.5,140,72.5,74.9,1552,Haze,Minor
2022-02-11,Indiranagar,Road_12,84.1,14.4,1,90.7,57,43.7,66.1,2194,Rain,Major
2022-09-18,Indiranagar,Road_2,72.5,19.6,2,64.9,215,56.9,72.4,4132,Clear,Minor
2022-11-15,Koramangala,Road_8,77.8,13.1,1,78.6,74,36.4,85.0,4839,Clear,Minor
2022-08-11,Indiranagar,Road_12,60.6,29.1,0,80.2,69,60.2,84.9,3016,Haze,Minor
2022-02-08,Silk Board,Road_6,79.4,17.4,0,92.8,174,41.6,77.2,4716,Haze,None
2024-08-09,Indiranagar,Road_1,89.4,16.7,0,100.0,66,38.8,60.9,1602,Cloudy,Minor
2023-09-14,Silk Board,Road_4,72.2,20.7,0,82.7,163,64.3,92.3,4693,Haze,Major
2023-05-20,Silk Board,Road_11,62.0,21.2,0,67.4,235,34.3,72.3,1283,Cloudy,Major
2023-07-21,MG Road,Road_16,67.7,22.3,0,97.0,64,42.3,88.4,1987,Clear,Major
2022-06-30,Whitefield,Road_12,73.2,18.8,0,71.0,77,51.8,75.4,1570,Clear,None
2022-04-06,Marathahalli,Road_6,61.6,26.1,1,66.2,193,70.4,79.7,1949,Cloudy,Major
2022-05-07,MG Road,Road_5,82.8,16.7,4,93.3,72,52.0,61.3,1741,Haze,None
2022-10-24,Indiranagar,Road_13,76.8,14.2,0,87.3,109,51.5,71.9,822,Clear,None
2024-07-28,Electronic City,Road_4,58.8,23.6,1,62.9,202,61.9,84.6,2997,Haze,None
2023-05-28,Electronic City,Road_7,86.3,16.1,1,94.7,70,38.6,82.4,924,Clear,Minor
2022-02-06,Koramangala,Road_7,87.2,18.5,2,95.9,68,73.5,86.5,4805,Rain,Major
2022-01-26,Electronic City,Road_3,65.9,24.4,0,63.6,234,31.1,81.0,778,Rain,None
2024-02-13,Indiranagar,Road_15,76.5,21.8,0,90.3,237,63.2,63.6,936,Clear,Major
2022-01-12,Whitefield,Road_6,75.8,23.1,3,83.5,227,40.0,93.0,2779,Rain,None
2022-03-18,Silk Board,Road_1,89.7,14.9,2,87.7,98,45.3,88.8,2183,Clear,None
2023-04-28,Indiranagar,Road_12,66.2,21.1,1,64.7,228,35.2,61.4,647,Clear,None
2022-10-15,Koramangala,Road_8,70.2,17.5,2,89.2,121,56.3,80.9,1064,Rain,Major
2023-10-29,Whitefield,Road_10,67.4,23.6,0,74.6,155,68.5,65.7,663,Rain,Minor
2023-08-11,Silk Board,Road_7,76.6,30.5,1,98.1,52,71.5,79.5,2828,Clear,Minor
2023-06-12,Silk Board,Road_16,63.9,23.2,0,74.1,129,73.8,61.0,3643,Clear,Major
2024-03-28,MG Road,Road_15,50.7,30.4,0,53.2,64,67.5,78.3,2740,Haze,None
2024-02-20,Brigade Road,Road_14,66.9,14.1,0,72.0,207,36.0,77.9,3464,Cloudy,None
2023-08-16,Electronic City,Road_5,53.5,33.0,0,55.7,96,68.7,72.0,1731,Cloudy,None
2022-05-29,Electronic City,Road_6,79.5,8.0,4,77.1,139,33.4,79.7,1615,Haze,None
2023-02-27,Electronic City,Road_6,45.9,30.9,0,52.6,51,46.4,90.8,1168,Rain,None
2023-12-28,Silk Board,Road_12,66.9,21.5,1,59.6,56,74.6,87.4,657,Rain,Major
2022-01-30,Koramangala,Road_15,78.9,19.1,1,98.9,54,63.8,87.8,817,Cloudy,Minor
2022-10-25,Whitefield,Road_8,49.3,30.1,0,50.0,143,54.9,75.1,2342,Haze,Major
2022-06-16,Electronic City,Road_15,82.9,22.7,3,82.2,236,39.4,77.4,1823,Cloudy,Major
2024-04-01,Indiranagar,Road_16,45.7,24.6,0,51.8,199,47.6,89.9,3912,Haze,Minor
2023-01-05,Brigade Road,Road_10,68.6,22.5,1,82.1,50,60.7,69.7,2835,Haze,Minor
2024-08-06,Silk Board,Road_2,86.8,12.0,2,89.1,211,53.4,90.4,3944,Haze,None
2024-02-07,Marathahalli,Road_7,65.5,20.4,0,79.4,151,51.8,61.7,4904,Clear,None
2022-06-07,Electronic City,Road_1,96.3,12.2,1,100.0,96,70.0,79.0,1866,Cloudy,Major
2022-05-12,Electronic City,Road_4,56.4,17.7,1,65.4,116,68.9,79.4,1766,Rain,None
2022-10-08,Marathahalli,Road_5,76.6,22.7,2,71.1,170,70.7,66.5,2767,Rain,Major
2024-01-25,Whitefield,Road_13,83.0,15.0,1,93.8,222,43.8,75.6,1768,Rain,Minor
2024-02-27,Electronic City,Road_3,72.5,18.7,0,85.5,175,48.1,85.3,4064,Rain,Major
2024-08-10,Brigade Road,Road_13,89.8,15.6,2,93.3,128,33.9,61.6,2640,Haze,Minor
2024-04-27,MG Road,Road_12,74.3,18.8,0,76.8,50,39.9,92.7,2755,Haze,None
2022-08-26,Marathahalli,Road_3,59.0,19.1,0,76.5,99,57.7,91.2,4623,Cloudy,Minor
2022-12-17,Silk Board,Road_8,74.2,22.5,2,83.0,79,60.1,79.6,4259,Haze,Major
2024-05-28,Koramangala,Road_11,67.2,18.5,2,85.1,178,32.8,88.8,829,Clear,None
2023-05-29,MG Road,Road_9,67.5,24.3,1,75.7,184,45.8,73.6,3901,Rain,None
2024-01-03,Electronic City,Road_14,58.7,27.4,0,67.6,109,33.7,65.5,4500,Rain,Major
2022-02-24,Brigade Road,Road_9,47.2,30.7,0,54.9,128,48.9,67.4,1582,Rain,None
2022-04-14,Brigade Road,Road_7,94.4,9.8,1,91.2,165,69.5,71.3,4663,Cloudy,None
2022-02-21,Whitefield,Road_15,99.0,14.2,2,100.0,168,72.9,81.5,2066,Rain,Minor
2022-08-16,Silk Board,Road_1,87.6,12.0,2,98.9,170,31.1,75.1,3854,Haze,None
2023-07-06,Koramangala,Road_7,89.3,12.7,0,88.7,98,49.8,85.7,3515,Cloudy,Major
2024-07-08,Koramangala,Road_13,75.6,18.0,4,73.1,248,53.2,89.8,1169,Rain,Major
2024-02-07,MG Road,Road_13,53.8,25.8,0,50.0,158,70.8,80.1,4713,Cloudy,Minor
2023-12-02,Brigade Road,Road_3,70.6,23.2,1,87.1,244,38.5,90.0,4121,Cloudy,None
2023-11-20,Indiranagar,Road_2,70.1,18.8,0,75.2,221,53.0,75.8,881,Clear,Major
2022-12-24,Silk Board,Road_8,71.6,12.2,1,80.5,118,44.7,63.1,1911,Clear,Major
2024-01-29,Indiranagar,Road_7,71.0,18.4,1,70.9,124,60.6,88.6,4825,Rain,Major
2023-04-25,Whitefield,Road_8,78.6,22.6,1,82.9,190,72.0,67.9,2104,Cloudy,Major
2024-07-10,Brigade Road,Road_4,69.4,22.8,1,67.3,51,36.9,79.7,604,Clear,Minor
2023-04-17,Marathahalli,Road_11,78.0,14.6,0,81.8,205,44.1,66.2,1729,Clear,None
2023-10-02,Koramangala,Road_8,75.6,24.1,2,86.1,94,49.4,73.7,777,Haze,Minor
2022-05-20,Indiranagar,Road_5,99.0,16.5,2,100.0,187,54.5,69.5,1082,Rain,Major
2023-08-23,Brigade Road,Road_11,77.6,21.4,1,100.0,65,60.9,61.4,2479,Haze,Major
2022-12-09,Electronic City,Road_5,70.3,15.3,2,71.3,186,61.7,68.3,829,Rain,Minor
2022-09-24,Electronic City,Road_9,80.1,18.8,1,84.6,78,61.8,62.9,2468,Clear,Minor
2024-05-01,MG Road,Road_1,83.1,15.6,1,80.6,185,57.9,76.3,1130,Rain,Major
2022-04-18,Koramangala,Road_3,96.9,18.2,1,92.2,78,48.8,85.1,589,Cloudy,Major
2024-04-23,Electronic City,Road_12,70.9,18.9,2,62.7,142,59.8,78.1,3704,Cloudy,Major
2023-08-19,Brigade Road,Road_16,60.0,25.6,0,66.3,135,66.5,84.7,1145,Clear,Minor
2023-05-01,Indiranagar,Road_6,61.2,29.8,0,65.7,183,53.0,76.6,4160,Haze,None
2023-01-16,Electronic City,Road_9,69.1,21.8,1,72.0,147,69.0,72.1,1480,Rain,Major
2022-10-30,Indiranagar,Road_4,73.4,18.0,0,83.0,162,53.9,80.5,1559,Cloudy,Major
2023-04-23,Indiranagar,Road_10,71.0,23.6,1,57.4,121,38.4,66.7,828,Rain,Minor
2022-07-24,MG Road,Road_3,47.5,26.7,0,50.0,226,49.1,93.6,3342,Haze,Major
2022-03-08,Silk Board,Road_2,49.4,29.0,1,50.0,117,35.8,84.3,1919,Haze,None
2022-11-19,Brigade Road,Road_6,74.8,13.6,0,70.8,68,36.5,78.3,3725,Clear,Minor
2022-07-14,Indiranagar,Road_11,60.9,22.0,0,66.4,124,49.8,80.3,893,Clear,None
2022-07-29,Indiranagar,Road_6,77.5,20.5,4,69.7,64,40.7,60.5,3508,Clear,Major
2022-11-23,Electronic City,Road_12,60.4,29.3,0,57.1,132,54.2,66.4,1584,Clear,Minor
2023-01-28,MG Road,Road_3,62.2,24.5,0,69.0,82,31.9,79.8,1639,Cloudy,Minor
2023-03-11,Whitefield,Road_13,79.5,14.2,0,73.1,133,70.6,87.9,1916,Rain,Major
2023-11-01,Electronic City,Road_11,87.4,14.9,1,96.2,182,54.6,64.3,778,Rain,Minor
2024-03-23,Whitefield,Road_14,69.4,20.5,0,84.9,189,71.6,76.8,1108,Cloudy,None
2022-11-25,Silk Board,Road_4,81.9,21.6,3,70.8,103,68.2,70.3,1898,Haze,None
2024-02-08,Electronic City,Road_7,61.1,19.5,0,57.7,91,65.5,69.8,1034,Cloudy,Major
2024-04-26,MG Road,Road_15,73.8,20.5,1,76.7,86,48.3,82.7,2459,Cloudy,None
2023-03-09,Koramangala,Road_15,61.5,24.6,1,70.0,226,54.3,81.6,4654,Clear,None
2023-04-04,Silk Board,Road_3,67.1,22.5,0,66.9,70,44.5,80.7,1167,Cloudy,Minor
2024-05-18,Silk Board,Road_9,66.2,23.3,1,74.9,185,62.0,85.5,929,Cloudy,Major
2022-10-30,Electronic City,Road_9,84.6,10.0,2,87.0,114,68.9,71.1,2846,Rain,Major
2024-02-06,Brigade Road,Road_9,68.0,23.6,1,74.5,211,65.9,91.8,2656,Cloudy,Major
2022-02-18,MG Road,Road_11,67.9,21.1,0,73.7,135,68.5,84.8,1274,Haze,Minor
2023-05-23,Electronic City,Road_1,70.9,21.8,1,76.4,69,49.6,74.5,3606,Haze,None
2022-11-13,Electronic City,Road_9,81.6,17.4,0,91.3,137,33.2,75.8,1537,Clear,Minor
2022-09-27,Marathahalli,Road_11,60.1,15.1,0,64.5,192,48.2,78.8,587,Cloudy,Minor
2022-07-12,Brigade Road,Road_16,38.7,29.4,0,50.0,191,57.5,94.5,4701,Cloudy,Major
2023-11-28,Brigade Road,Road_3,69.8,23.6,1,68.2,180,36.0,62.4,968,Haze,Minor
2023-01-31,Koramangala,Road_2,81.6,15.6,0,93.1,194,35.3,91.0,3526,Clear,Major
2022-07-16,Indiranagar,Road_11,79.3,19.5,3,65.0,157,39.1,84.5,2519,Clear,Minor
2022-09-08,Indiranagar,Road_8,61.5,19.5,1,60.7,72,60.8,66.4,1883,Clear,Major
2022-05-27,Whitefield,Road_8,67.4,22.8,1,64.6,131,73.9,61.1,1651,Rain,Major
2023-11-10,Electronic City,Road_13,76.7,16.6,2,80.5,63,67.3,76.7,2575,Cloudy,Minor
2022-09-10,Silk Board,Road_7,49.2,29.3,0,51.0,104,36.7,66.5,2031,Rain,Minor
2023-10-11,Indiranagar,Road_14,75.5,13.2,1,69.8,64,69.9,69.9,2797,Haze,Major
2023-05-07,Silk Board,Road_12,76.0,15.4,3,89.5,190,39.5,61.5,4381,Cloudy,Minor
2024-05-10,Brigade Road,Road_14,84.5,15.3,1,90.1,107,70.3,65.5,4568,Haze,Major
2024-08-12,Koramangala,Road_10,87.0,10.5,0,98.6,202,66.4,74.1,3154,Clear,Minor
2024-08-15,Koramangala,Road_10,65.3,21.1,2,54.4,156,35.7,79.4,1308,Rain,Major
2023-08-26,Brigade Road,Road_1,73.6,18.8,0,83.0,138,72.1,87.6,3288,Clear,Major
2023-07-20,MG Road,Road_7,76.5,15.5,0,100.0,214,54.8,62.1,580,Cloudy,Minor
2024-06-02,MG Road,Road_4,83.9,21.2,0,94.6,55,33.2,60.6,4281,Haze,None
2023-07-14,MG Road,Road_9,70.4,22.4,4,68.6,212,38.2,62.4,3627,Cloudy,Minor
2024-05-06,Indiranagar,Road_8,48.0,21.3,0,50.0,175,40.9,79.0,3837,Haze,Minor
2024-08-12,Brigade Road,Road_16,59.2,22.4,0,71.1,198,49.4,69.9,4457,Clear,Minor
2022-06-09,Marathahalli,Road_2,57.0,26.6,0,65.2,195,31.2,78.3,4533,Haze,None
2022-07-28,Whitefield,Road_4,39.5,29.5,0,50.9,144,62.4,80.4,2920,Clear,None
2023-05-14,MG Road,Road_5,64.7,27.5,0,57.1,138,37.1,87.2,3904,Cloudy,Major
2023-05-05,MG Road,Road_12,64.7,22.4,1,78.4,53,69.4,65.7,2716,Rain,Minor
2023-12-14,Indiranagar,Road_12,73.9,19.0,2,79.2,185,43.7,66.3,2797,Cloudy,Minor
2022-12-07,Koramangala,Road_4,76.2,14.6,0,69.2,168,31.3,70.8,4120,Haze,Major
2022-12-24,MG Road,Road_2,92.0,9.4,2,87.5,141,44.2,90.7,683,Cloudy,Major
2024-05-18,Marathahalli,Road_2,69.0,17.3,1,70.1,141,73.8,82.9,4545,Cloudy,None
2022-11-17,Marathahalli,Road_4,71.1,17.1,0,64.4,196,48.7,71.5,2394,Clear,Major
2024-04-10,Silk Board,Road_3,65.6,23.8,1,65.8,80,42.5,82.7,842,Clear,Major
2023-09-21,Electronic City,Road_2,59.4,23.7,2,78.5,223,40.9,90.3,4056,Cloudy,None
2022-06-21,Whitefield,Road_13,78.7,18.2,3,80.6,72,46.1,76.8,607,Rain,None
2024-01-10,MG Road,Road_2,70.8,20.0,1,72.1,141,48.5,66.6,2288,Rain,Major
2023-12-23,Indiranagar,Road_6,72.9,25.2,0,77.5,167,43.5,75.1,4391,Rain,Minor
2022-08-24,MG Road,Road_16,84.8,12.5,4,92.3,217,54.8,87.0,1554,Cloudy,None
2024-04-03,Marathahalli,Road_11,69.4,28.4,2,61.1,146,32.2,61.0,2361,Haze,Major
2022-12-08,Electronic City,Road_3,77.0,14.0,0,64.7,142,33.2,83.9,1776,Clear,None
2022-11-28,Electronic City,Road_11,63.8,25.0,1,66.8,100,74.6,68.5,543,Rain,Major
2022-06-03,MG Road,Road_2,74.6,16.4,0,79.2,234,43.7,90.7,3091,Haze,None
2023-02-24,Silk Board,Road_6,73.6,22.8,0,72.6,219,33.4,83.7,3482,Haze,Major
2024-07-31,MG Road,Road_12,74.7,19.1,2,81.4,220,52.4,85.5,1559,Clear,None
2022-05-08,Electronic City,Road_4,62.2,24.5,0,61.3,245,58.0,92.3,3395,Haze,Minor
2023-11-03,Silk Board,Road_6,52.1,29.9,0,65.8,71,68.9,70.6,4879,Clear,Major
2024-02-17,Silk Board,Road_8,66.9,22.0,1,70.5,114,39.7,92.9,3889,Cloudy,Major
2022-04-15,Brigade Road,Road_9,57.3,25.2,0,64.9,80,44.7,69.5,2512,Cloudy,Minor
2024-03-30,Brigade Road,Road_1,80.9,10.7,0,88.2,118,30.0,76.6,2453,Clear,Minor
2024-08-13,Whitefield,Road_10,78.3,10.2,0,91.7,90,66.1,64.4,4299,Cloudy,None
2024-01-30,Silk Board,Road_7,71.6,17.2,1,70.1,224,71.2,75.9,1234,Clear,Minor
2023-01-28,Marathahalli,Road_2,79.5,19.8,1,74.4,139,31.6,69.8,1879,Clear,Minor
2022-02-06,Silk Board,Road_3,72.1,19.3,2,82.3,72,63.2,94.9,1984,Rain,None
2023-03-11,Whitefield,Road_5,82.5,14.2,1,90.4,208,48.0,83.4,4345,Rain,Minor
2022-08-16,Koramangala,Road_8,80.6,15.0,1,89.7,154,43.4,63.0,2753,Rain,Minor
2022-11-29,Koramangala,Road_2,79.4,24.8,3,90.4,134,52.8,65.2,3156,Rain,Minor
2023-12-18,Koramangala,Road_9,62.3,21.5,0,77.7,103,41.7,81.2,3983,Rain,None
2024-05-29,Whitefield,Road_7,89.9,13.4,3,72.4,108,39.4,67.9,3372,Rain,Major
2023-06-14,Whitefield,Road_5,61.6,17.2,0,58.4,64,35.0,66.9,1617,Cloudy,None
2023-04-09,Whitefield,Road_4,57.5,31.0,0,58.7,131,71.9,77.6,793,Haze,Minor
2024-03-06,Electronic City,Road_15,63.8,26.6,1,70.2,151,61.9,82.5,1668,Rain,Minor
2023-03-05,Indiranagar,Road_1,70.8,13.7,0,70.9,200,59.5,70.8,1740,Cloudy,Major
2022-07-30,Brigade Road,Road_15,79.5,16.8,1,99.4,167,60.8,77.2,4169,Clear,Major
2024-07-06,Whitefield,Road_15,74.6,14.5,0,86.0,185,64.1,75.3,4291,Clear,None
2022-10-31,Electronic City,Road_1,57.6,22.5,0,50.6,142,49.6,80.3,1304,Cloudy,None
2023-05-03,Silk Board,Road_14,74.3,23.3,0,85.1,194,54.3,79.3,2752,Rain,Major
2023-03-31,Electronic City,Road_5,79.9,19.2,1,88.3,182,65.4,91.8,1331,Cloudy,None
2023-10-17,Whitefield,Road_1,89.6,14.2,1,100.0,213,37.0,90.8,1053,Rain,Minor
2023-10-26,Silk Board,Road_5,66.1,20.5,0,62.7,135,36.1,87.1,656,Clear,Minor
2024-02-13,Silk Board,Road_2,70.0,20.3,1,68.7,172,42.5,77.7,604,Clear,Major
2024-06-17,Whitefield,Road_5,79.0,10.3,0,74.2,205,49.9,82.2,2072,Rain,Minor
2023-10-31,Koramangala,Road_9,67.7,19.1,1,74.0,114,46.4,65.2,2243,Haze,Minor
2022-12-08,MG Road,Road_10,58.1,31.1,0,71.6,118,47.7,95.0,1952,Clear,Major
2023-03-01,Whitefield,Road_8,67.2,16.3,0,77.9,247,70.0,87.7,2778,Cloudy,Minor
2024-05-04,Silk Board,Road_5,70.8,22.5,2,63.4,85,39.8,64.2,1485,Rain,None
2024-06-22,Electronic City,Road_15,62.4,21.4,1,70.2,70,47.5,65.6,2335,Cloudy,None
2023-09-27,Marathahalli,Road_15,64.5,20.0,0,58.8,144,42.9,86.5,4388,Cloudy,Minor
2022-08-29,MG Road,Road_5,69.5,28.2,0,75.9,246,38.5,90.0,3342,Rain,None
2023-08-27,Koramangala,Road_10,68.0,20.2,1,79.0,246,61.1,68.0,1780,Cloudy,Minor
2024-07-30,Koramangala,Road_15,65.3,18.1,1,57.3,184,37.1,65.6,3715,Clear,Minor
2022-07-22,Marathahalli,Road_4,69.5,23.2,0,81.4,97,58.0,81.9,4141,Clear,None
2024-04-17,Whitefield,Road_12,48.9,22.0,0,52.0,203,71.1,91.9,4153,Haze,None
2024-02-07,Silk Board,Road_5,76.1,17.0,1,74.1,82,34.6,60.2,2041,Haze,None
2022-12-08,Silk Board,Road_8,55.6,29.3,0,52.3,249,57.7,67.6,2089,Cloudy,Minor
2023-09-06,Whitefield,Road_13,66.7,28.0,1,75.2,83,48.1,68.2,3254,Cloudy,None
2023-11-29,Koramangala,Road_16,65.0,24.7,0,63.2,148,49.7,92.2,3203,Rain,Major
2023-03-26,Marathahalli,Road_15,72.2,15.9,1,94.0,175,31.1,60.3,4326,Haze,None
2023-05-19,Indiranagar,Road_13,56.9,24.9,1,71.5,240,40.8,65.3,3933,Clear,None
2023-02-08,Marathahalli,Road_7,53.0,27.7,0,67.0,99,74.1,67.9,4518,Rain,Minor
2022-04-26,Marathahalli,Road_13,76.4,11.6,1,78.3,151,37.6,65.6,749,Haze,None
2022-07-22,Electronic City,Road_3,71.1,21.5,0,91.2,234,52.6,70.3,2358,Rain,None
2023-05-01,Electronic City,Road_16,51.1,27.4,0,65.1,71,62.3,66.1,2074,Rain,Minor
2022-12-12,Electronic City,Road_7,67.1,17.1,1,66.9,60,43.1,74.4,578,Haze,Major
2022-12-16,Whitefield,Road_8,37.1,32.6,0,50.0,171,68.8,79.7,4225,Haze,None
2024-04-22,Silk Board,Road_1,92.8,14.1,0,86.3,172,52.9,89.3,2070,Clear,Minor
2023-12-25,Marathahalli,Road_13,63.2,21.5,1,62.8,239,52.8,81.8,741,Cloudy,None
2022-09-07,Indiranagar,Road_7,75.1,20.4,1,82.0,160,73.9,70.5,4685,Clear,Minor
2023-04-04,Koramangala,Road_6,95.1,8.0,0,100.0,118,58.0,79.7,4292,Cloudy,None
2022-09-06,Silk Board,Road_15,57.5,24.4,0,59.1,116,42.5,83.0,1156,Clear,Major
2022-07-28,Electronic City,Road_11,88.0,17.0,1,92.6,65,74.6,92.9,1857,Cloudy,None
2023-08-11,MG Road,Road_7,48.3,31.7,0,50.0,179,62.2,81.9,3685,Haze,Major
2022-06-17,Indiranagar,Road_12,83.1,15.8,0,82.3,244,59.6,73.5,2877,Cloudy,None
2022-11-24,Koramangala,Road_11,63.3,24.3,0,66.5,60,55.8,81.3,1435,Cloudy,Major
2023-10-10,Indiranagar,Road_3,69.4,25.7,0,89.7,199,54.4,69.0,3889,Cloudy,None
2022-10-13,MG Road,Road_3,62.3,26.0,0,68.1,141,33.3,62.6,4548,Rain,Major
2024-07-13,Koramangala,Road_3,78.7,19.5,1,87.5,117,35.5,63.6,1817,Rain,Minor
2023-02-22,MG Road,Road_2,89.3,13.9,0,100.0,70,38.7,68.3,4887,Haze,None
2023-01-25,Brigade Road,Road_4,67.7,27.9,1,70.9,190,55.4,64.9,2469,Haze,None
2024-05-16,Indiranagar,Road_5,52.9,24.4,0,55.3,102,34.6,88.8,916,Rain,Minor
2022-09-05,Indiranagar,Road_7,58.8,22.3,1,63.9,215,38.7,82.8,2419,Rain,Minor
2024-04-19,Electronic City,Road_3,38.6,24.8,0,50.0,227,71.3,77.2,2632,Haze,Minor
2024-03-03,Brigade Road,Road_10,89.5,11.1,3,93.9,202,43.6,94.5,4809,Clear,Minor
2024-01-22,Brigade Road,Road_4,72.1,12.2,0,69.9,72,44.9,75.7,2938,Haze,Minor
2024-01-02,Silk Board,Road_16,64.8,21.6,0,62.2,216,54.9,81.5,916,Haze,Major
2022-06-07,Marathahalli,Road_6,69.3,21.7,0,98.2,52,49.1,68.8,4877,Rain,None
2022-11-28,Silk Board,Road_12,71.3,25.7,1,80.4,148,58.5,90.2,889,Rain,None
2023-05-27,Whitefield,Road_3,64.3,15.9,0,61.8,79,64.5,86.0,1772,Clear,Minor
2022-12-10,Koramangala,Road_7,79.6,14.3,2,90.5,189,69.1,80.4,690,Haze,None
2023-11-02,Electronic City,Road_2,89.2,15.3,0,97.4,194,63.9,83.0,3319,Cloudy,Major
2024-06-10,Brigade Road,Road_5,51.0,24.7,0,51.6,133,33.5,65.0,3400,Haze,Major
2023-02-15,Electronic City,Road_15,64.6,22.9,1,75.9,240,74.9,61.1,3162,Cloudy,None
2023-10-17,Silk Board,Road_9,68.8,26.8,0,85.2,90,61.4,87.4,1486,Haze,None
2022-02-23,Whitefield,Road_4,76.3,17.9,2,88.5,205,74.0,76.2,1036,Rain,Minor
2022-10-27,Electronic City,Road_5,86.3,12.2,0,86.3,101,47.3,65.1,1405,Clear,Minor
2023-05-01,Electronic City,Road_12,77.6,19.4,1,74.6,120,44.9,66.6,3653,Cloudy,None
2022-01-31,Electronic City,Road_6,62.2,23.6,0,69.9,249,65.3,60.2,2702,Haze,Major
2024-06-05,Koramangala,Road_11,65.3,29.4,1,78.2,240,59.6,74.9,2153,Cloudy,None
2024-03-07,Indiranagar,Road_9,57.6,24.7,0,66.5,125,66.8,85.9,4153,Rain,Major
2022-08-22,Electronic City,Road_5,54.7,25.9,0,54.4,215,55.9,86.2,4525,Clear,Major
2023-05-25,Brigade Road,Road_10,74.7,25.6,0,82.8,178,35.0,63.7,3583,Haze,Major
2022-11-03,Whitefield,Road_1,72.3,19.4,1,78.9,211,32.8,93.1,4038,Clear,Major
2022-05-04,Silk Board,Road_1,63.2,19.6,0,70.6,67,45.8,72.8,501,Clear,Major
2024-01-14,Whitefield,Road_15,64.0,23.8,1,70.1,226,40.7,71.3,2572,Haze,Minor
2024-07-14,Whitefield,Road_15,79.0,14.9,0,86.5,177,35.1,81.9,2780,Rain,Major
2022-01-30,Marathahalli,Road_6,67.0,18.9,1,79.9,83,51.1,71.4,2106,Clear,None
2022-06-19,Brigade Road,Road_10,58.8,18.7,0,61.7,107,49.3,83.6,1623,Clear,None
2024-06-12,MG Road,Road_15,84.1,10.3,2,75.0,111,63.8,70.4,1484,Cloudy,Minor
2022-01-02,Whitefield,Road_12,57.0,30.2,0,66.0,58,43.1,94.0,2977,Cloudy,Minor
2022-05-10,MG Road,Road_11,66.9,16.8,0,62.2,140,59.8,90.8,4415,Rain,Minor
2023-10-06,Whitefield,Road_6,71.2,14.1,0,84.2,103,72.0,68.6,1286,Cloudy,Minor
2023-12-08,MG Road,Road_3,69.1,20.8,0,76.7,88,68.8,71.4,519,Clear,None
2023-10-12,Brigade Road,Road_10,50.8,27.9,0,55.5,168,62.3,85.1,1959,Rain,Major
2022-03-08,Koramangala,Road_10,52.7,30.1,0,67.9,108,56.3,60.3,4607,Cloudy,None
2024-05-28,Silk Board,Road_11,75.8,22.2,1,87.3,107,71.0,79.2,4537,Rain,Minor
2023-04-02,Indiranagar,Road_1,59.4,20.3,0,69.5,169,42.9,82.8,2469,Cloudy,Major
2023-02-27,Koramangala,Road_3,84.6,11.5,0,100.0,105,58.9,81.5,1902,Haze,None
2022-11-25,Brigade Road,Road_10,74.2,21.9,0,74.4,196,38.1,74.7,1177,Clear,Major
2023-10-04,Indiranagar,Road_7,70.9,15.3,0,68.3,83,65.9,87.4,2261,Clear,Minor
2024-02-28,Whitefield,Road_10,51.5,25.4,0,51.5,95,69.8,75.6,3800,Cloudy,None
2022-10-05,Whitefield,Road_6,77.7,12.2,1,76.2,198,30.7,78.5,2383,Clear,None
2024-08-11,Indiranagar,Road_4,69.5,11.8,2,75.8,189,46.3,79.2,1529,Cloudy,Minor
2022-06-08,Brigade Road,Road_10,55.6,32.4,0,60.0,154,37.8,80.4,2178,Haze,Minor
2023-12-29,MG Road,Road_1,62.4,25.1,1,66.0,63,54.0,89.9,1243,Cloudy,None
2022-04-29,Whitefield,Road_3,75.4,20.7,0,69.8,58,32.8,86.6,937,Cloudy,Minor
2024-02-15,Indiranagar,Road_7,51.2,26.7,0,61.2,230,54.8,94.4,4836,Cloudy,Minor
2022-07-10,Indiranagar,Road_7,75.9,16.2,0,92.9,197,32.9,62.4,3935,Cloudy,Major
2024-01-14,Brigade Road,Road_13,72.0,21.1,1,84.5,226,69.9,83.8,3948,Haze,Major
2024-07-03,Koramangala,Road_8,91.1,13.5,3,100.0,111,60.6,62.4,4536,Clear,None
2023-01-29,Brigade Road,Road_16,79.3,17.4,1,81.1,243,33.9,81.3,1512,Clear,Major
2022-08-19,Electronic City,Road_7,67.2,24.2,3,82.0,238,57.7,72.3,2112,Haze,Major
2022-06-01,MG Road,Road_13,41.8,31.8,0,50.4,225,61.9,79.2,2132,Cloudy,Major
2024-08-13,Indiranagar,Road_7,83.6,9.4,1,72.7,212,66.7,88.4,4456,Haze,Minor
2022-04-22,MG Road,Road_14,67.9,21.9,1,57.3,188,70.8,83.1,3069,Rain,Major
2023-08-05,Electronic City,Road_13,71.9,21.9,1,79.4,204,32.8,86.4,4236,Haze,Minor
2023-09-11,MG Road,Road_2,50.3,30.8,0,58.3,185,39.1,72.3,1914,Rain,Minor
2024-03-22,Silk Board,Road_5,49.2,30.2,0,66.5,144,41.2,78.4,3590,Cloudy,Major
2024-04-28,Electronic City,Road_11,99.0,8.0,1,100.0,109,53.1,76.6,839,Clear,None
2022-11-16,Electronic City,Road_16,75.7,8.0,3,88.8,242,74.8,90.2,4034,Clear,None
2023-02-14,Brigade Road,Road_5,82.4,28.9,2,91.2,58,31.4,82.6,3623,Cloudy,Major
2022-11-15,Silk Board,Road_10,54.0,31.6,0,50.0,171,43.0,64.2,3366,Rain,None
2022-04-17,Indiranagar,Road_3,83.6,18.3,1,94.7,145,40.1,87.5,3705,Haze,Minor
2022-02-10,Electronic City,Road_7,71.4,24.6,1,79.5,219,53.3,89.7,3148,Cloudy,None
2022-10-14,Silk Board,Road_13,98.9,18.1,0,100.0,73,31.2,64.8,4019,Haze,Major
2024-04-26,Electronic City,Road_5,74.8,18.6,0,89.4,193,34.7,78.5,4825,Cloudy,None
2023-06-20,Silk Board,Road_5,62.8,20.9,1,65.6,168,30.4,86.1,4198,Rain,None
2022-06-12,Marathahalli,Road_8,86.5,19.2,1,100.0,178,43.9,68.7,1615,Clear,None
2022-01-20,Koramangala,Road_9,79.9,15.5,3,81.2,97,31.7,69.2,1255,Clear,Minor
2022-12-20,Silk Board,Road_9,75.6,16.9,1,85.2,155,58.8,79.1,2436,Clear,None
2022-10-28,Electronic City,Road_11,74.8,22.7,1,78.1,111,40.8,87.0,1118,Rain,Minor
2024-02-07,Marathahalli,Road_10,72.4,19.5,3,70.9,122,37.2,83.3,2052,Haze,Minor
2022-08-30,Koramangala,Road_9,83.8,15.5,1,96.5,215,72.8,76.9,3407,Clear,Minor
2024-07-13,Silk Board,Road_11,66.7,26.2,0,77.9,237,68.8,88.7,4171,Cloudy,Minor
2023-07-26,Indiranagar,Road_2,75.8,23.8,1,75.9,163,65.2,90.0,2239,Haze,Major
2022-01-10,Silk Board,Road_15,70.3,18.4,0,65.0,139,63.5,93.2,4204,Rain,Major
2023-12-05,Marathahalli,Road_15,69.3,28.7,1,80.5,76,71.6,66.1,2402,Rain,None
2022-04-30,Electronic City,Road_5,70.0,27.2,2,84.5,214,50.4,60.2,2416,Haze,Major
2024-01-21,MG Road,Road_16,68.1,20.2,0,74.1,155,52.6,75.1,1176,Cloudy,None
2022-08-05,MG Road,Road_13,72.4,21.8,0,82.0,97,69.9,82.2,4136,Haze,Minor
2024-06-06,Whitefield,Road_3,90.5,9.5,1,100.0,130,36.1,92.2,837,Clear,Minor
2022-06-25,Indiranagar,Road_1,61.7,17.1,0,64.7,227,68.5,66.7,809,Clear,None
2023-09-27,Indiranagar,Road_10,52.2,31.6,0,62.5,66,45.7,85.5,3576,Clear,None
2023-08-15,Indiranagar,Road_1,42.7,27.6,0,53.3,60,58.7,64.9,2918,Cloudy,Minor
2023-06-10,Silk Board,Road_4,84.9,22.9,2,86.6,218,57.0,63.0,2822,Rain,Minor
2024-07-02,Whitefield,Road_4,75.3,23.9,1,81.7,142,32.5,72.8,501,Clear,Major
2024-08-06,Koramangala,Road_6,93.0,14.7,1,96.3,63,58.9,85.4,1822,Rain,None
2022-08-26,Whitefield,Road_14,81.1,12.8,0,88.0,188,37.1,63.4,1351,Rain,Minor
2023-10-24,Whitefield,Road_10,69.4,15.0,3,81.3,180,42.7,74.8,1444,Clear,Minor
2022-02-11,Electronic City,Road_9,73.6,13.2,1,71.6,89,70.1,82.8,3067,Cloudy,Minor
2024-07-19,Silk Board,Road_8,77.4,15.3,1,71.7,119,49.1,94.7,2869,Cloudy,Minor
2022-12-23,Whitefield,Road_16,74.7,15.6,2,77.3,67,62.4,69.2,3776,Cloudy,Minor
2022-02-15,MG Road,Road_10,69.3,20.1,1,81.3,217,65.5,65.2,4904,Rain,Major
2023-05-01,Brigade Road,Road_1,77.7,22.2,1,78.4,234,68.1,61.1,641,Rain,Major
2023-08-30,Whitefield,Road_7,89.7,9.7,2,97.5,169,50.0,67.6,1741,Cloudy,None
2023-05-05,Koramangala,Road_10,43.9,37.8,0,65.3,143,70.9,77.1,2451,Haze,Major
2023-02-25,MG Road,Road_4,53.5,33.5,0,64.7,120,55.5,82.4,600,Clear,Minor
2024-01-31,Indiranagar,Road_3,75.6,17.3,3,88.7,86,49.3,72.5,1421,Rain,Major
2024-08-05,Marathahalli,Road_15,99.0,10.9,2,100.0,180,61.7,75.9,2164,Haze,None
2024-02-09,Indiranagar,Road_3,64.2,26.5,0,65.7,173,31.2,61.2,3171,Rain,Major
2023-09-23,Silk Board,Road_4,85.4,18.7,1,88.7,181,67.7,79.6,4011,Cloudy,None
2022-11-18,Brigade Road,Road_5,68.4,24.9,3,84.9,113,59.0,69.8,4120,Rain,Major
2024-06-17,MG Road,Road_4,66.4,20.9,1,66.3,149,68.2,72.2,659,Cloudy,Major
2024-03-23,Koramangala,Road_6,86.9,21.1,2,94.2,226,57.0,68.1,2699,Clear,Minor
2022-09-24,Silk Board,Road_14,47.8,35.1,0,50.3,71,48.1,68.7,2526,Rain,None
2023-05-04,Brigade Road,Road_5,38.7,34.8,0,50.0,162,36.8,85.0,2016,Cloudy,Major
2022-03-31,Brigade Road,Road_15,90.6,12.4,4,93.7,226,71.4,86.7,2265,Rain,Major
2023-04-25,Whitefield,Road_15,58.2,30.6,0,57.2,163,58.8,78.2,2066,Rain,None
2024-05-15,Brigade Road,Road_14,60.7,21.3,0,73.9,121,73.8,84.6,4294,Rain,Minor
2022-10-12,Koramangala,Road_6,74.9,24.7,1,74.6,123,63.9,66.1,3463,Clear,Major
2022-05-18,Marathahalli,Road_5,80.7,16.8,0,80.4,75,44.3,64.7,2197,Cloudy,None
2024-02-01,MG Road,Road_8,67.9,25.8,1,62.4,71,53.6,66.8,510,Clear,Major
2022-04-18,Silk Board,Road_16,64.1,21.5,0,83.6,91,49.5,93.1,2841,Cloudy,Major
2023-03-08,Koramangala,Road_2,61.1,21.4,1,66.2,188,65.2,62.8,3512,Haze,None
2022-08-11,Whitefield,Road_2,83.6,8.0,1,87.9,128,71.2,81.0,3396,Rain,None
2022-10-29,Marathahalli,Road_14,89.7,14.7,4,100.0,99,51.1,83.9,3605,Rain,Major
2022-02-22,Indiranagar,Road_5,87.8,14.7,3,93.7,106,62.1,67.9,1217,Cloudy,None
2022-09-13,Silk Board,Road_12,57.0,18.6,0,70.0,173,69.0,74.1,4792,Clear,Minor
2023-10-17,MG Road,Road_16,84.7,23.2,1,90.3,163,64.1,76.3,4960,Haze,Major
2024-07-24,Silk Board,Road_1,67.0,31.8,1,72.8,122,59.9,89.7,1674,Cloudy,None
2022-03-27,Whitefield,Road_14,67.0,14.2,0,57.7,52,71.2,71.4,1689,Cloudy,Minor
2024-01-13,Brigade Road,Road_15,59.9,20.1,0,69.9,227,65.4,65.2,3089,Haze,None
2022-07-16,Koramangala,Road_13,65.2,21.4,1,86.8,79,73.6,75.7,2106,Clear,Major
2022-11-25,Koramangala,Road_2,97.2,9.6,1,100.0,134,61.7,61.8,4965,Cloudy,Minor
2023-03-23,Marathahalli,Road_3,64.6,25.1,2,70.6,74,53.3,69.1,817,Haze,Major
2023-06-22,Indiranagar,Road_1,55.9,19.4,1,65.0,235,37.2,73.3,853,Rain,Major
2023-07-15,Silk Board,Road_3,93.0,8.3,1,95.9,225,49.7,84.2,3730,Cloudy,Major
2023-08-15,Marathahalli,Road_10,67.8,16.7,1,79.5,121,58.1,75.5,2449,Haze,Major
2022-01-14,Electronic City,Road_16,53.8,25.6,0,50.7,241,51.6,69.0,3041,Clear,None
2024-04-09,Brigade Road,Road_14,72.5,15.1,1,77.1,247,45.7,68.6,4997,Haze,None
2022-03-20,Electronic City,Road_2,70.6,21.1,0,87.9,128,62.9,63.7,3241,Haze,None
2022-04-15,Koramangala,Road_9,77.0,18.2,0,91.9,83,74.3,64.4,1002,Rain,Minor
2024-06-21,Koramangala,Road_14,78.8,17.3,0,81.2,98,49.3,60.4,1401,Haze,Major
2023-07-14,Silk Board,Road_9,85.5,15.4,1,98.2,179,65.7,69.2,3107,Rain,None
2022-11-10,Brigade Road,Road_12,73.0,16.0,1,79.3,208,58.3,63.5,568,Clear,None
2024-05-29,Indiranagar,Road_16,62.1,23.0,2,64.3,233,57.0,93.6,2196,Cloudy,Major
2023-02-07,Whitefield,Road_7,69.5,24.2,1,75.4,116,66.3,76.7,841,Clear,Major
2022-12-19,MG Road,Road_1,79.1,17.7,1,85.4,118,70.1,61.3,2460,Clear,Minor
2022-05-17,Marathahalli,Road_11,46.9,25.1,0,50.0,227,72.4,91.0,2091,Cloudy,Minor
2023-03-10,Electronic City,Road_10,80.3,22.0,2,87.0,146,62.5,79.5,1054,Haze,None
2023-04-06,Whitefield,Road_10,86.9,13.3,1,82.6,245,57.3,65.5,1187,Clear,Minor
2022-10-26,MG Road,Road_15,69.5,16.3,3,74.3,218,47.1,74.6,2271,Clear,None
2022-01-28,Whitefield,Road_7,64.6,24.2,1,68.2,127,54.4,89.9,1449,Haze,Minor
2024-07-26,Indiranagar,Road_10,65.5,28.0,1,60.6,76,32.7,60.3,2129,Haze,None
2022-12-19,Whitefield,Road_2,75.9,20.1,1,65.3,172,65.0,91.8,2661,Rain,Major
2024-02-06,Indiranagar,Road_6,70.5,23.5,0,78.5,103,70.9,83.7,3159,Cloudy,None
2022-01-24,MG Road,Road_11,85.2,16.1,1,97.3,216,50.9,94.2,742,Cloudy,Minor
2023-01-15,Electronic City,Road_14,65.5,22.3,1,50.5,166,32.7,82.9,3276,Clear,Minor
2023-09-08,Indiranagar,Road_8,68.3,30.7,0,64.6,193,62.1,80.4,1144,Cloudy,None
2024-01-12,Marathahalli,Road_9,63.6,21.3,0,63.4,113,52.2,73.3,3487,Clear,Major
2024-01-03,Whitefield,Road_13,79.0,15.1,1,89.6,155,45.2,63.7,3771,Cloudy,Minor
2023-09-01,Koramangala,Road_13,63.4,24.5,3,55.1,203,55.1,60.5,3084,Cloudy,Major
2022-03-28,Silk Board,Road_10,99.0,8.7,2,82.3,198,32.5,82.3,2067,Haze,Major
2023-11-06,Brigade Road,Road_12,55.8,22.9,0,50.0,207,40.0,74.6,858,Cloudy,None
2022-11-29,Electronic City,Road_16,54.8,24.8,0,50.0,249,45.2,68.2,1308,Rain,Minor
2022-04-18,Koramangala,Road_4,72.0,22.3,0,80.5,142,46.0,78.1,2878,Cloudy,None
2023-10-08,Electronic City,Road_11,63.6,29.2,0,82.5,162,40.2,77.5,4738,Clear,Major
2023-10-13,Whitefield,Road_12,88.0,10.2,2,100.0,196,49.2,69.3,4806,Haze,Minor
2022-09-24,Electronic City,Road_11,86.5,16.6,0,86.8,174,35.6,92.4,3131,Clear,Major
2024-06-28,Marathahalli,Road_9,81.0,19.0,1,85.2,179,63.5,88.3,4176,Haze,Major
2023-02-24,Silk Board,Road_6,87.7,15.6,3,86.5,199,42.6,80.8,3229,Haze,None
2023-02-08,MG Road,Road_10,68.3,20.8,0,66.9,153,43.9,94.1,4604,Cloudy,None
2024-07-08,Electronic City,Road_12,68.3,28.6,2,70.9,164,42.2,84.8,4724,Rain,Minor
2023-07-27,Marathahalli,Road_5,70.4,20.0,2,73.2,246,73.5,64.2,3179,Haze,Minor
2022-02-01,Electronic City,Road_12,68.6,18.4,0,64.8,145,46.1,66.1,4010,Cloudy,Minor
2022-04-03,Electronic City,Road_11,64.3,24.0,1,69.8,228,41.2,93.3,2127,Rain,Minor
2023-11-08,MG Road,Road_1,78.1,19.1,3,79.4,214,44.3,82.0,1364,Cloudy,Major
2022-01-05,Indiranagar,Road_2,63.5,20.3,0,68.1,100,65.9,89.3,2833,Haze,Major
2024-05-03,Marathahalli,Road_7,46.2,23.3,0,50.0,222,53.8,91.2,3869,Rain,Major
2022-02-21,MG Road,Road_2,70.2,26.0,0,78.0,168,62.3,68.5,524,Haze,Major
2023-05-21,Marathahalli,Road_7,77.6,22.8,2,80.2,55,34.5,78.3,1720,Cloudy,None
2023-08-11,Whitefield,Road_11,65.0,28.9,0,70.1,141,37.5,81.9,1057,Clear,None
2022-09-08,MG Road,Road_12,66.5,22.3,0,75.4,227,73.3,93.7,1193,Rain,None
2023-05-05,Whitefield,Road_7,68.4,17.6,0,63.7,247,35.6,73.4,2432,Rain,Major
2024-06-25,Brigade Road,Road_3,65.5,21.6,0,68.7,166,32.8,73.2,1065,Haze,Major
2024-06-28,Silk Board,Road_9,53.4,22.9,0,66.0,172,53.8,87.9,1866,Rain,Minor
2023-03-11,MG Road,Road_4,86.3,15.0,3,85.4,248,64.1,86.1,1458,Rain,None
2022-11-11,Koramangala,Road_16,99.0,8.0,3,91.0,106,40.6,60.4,2009,Haze,Minor
2024-03-06,MG Road,Road_5,53.8,27.0,0,57.0,164,55.6,71.8,2479,Clear,Major
2023-07-16,Brigade Road,Road_10,64.7,19.0,2,63.9,227,59.3,74.0,1534,Cloudy,None
2023-07-08,Whitefield,Road_16,79.1,24.7,1,95.2,223,43.7,75.8,2442,Cloudy,Major
2023-02-10,Koramangala,Road_16,82.5,8.0,0,81.7,103,37.0,74.8,3701,Rain,Major
2023-01-20,Koramangala,Road_13,60.1,24.8,0,84.3,68,62.8,81.0,1444,Cloudy,None
2024-08-17,Silk Board,Road_1,76.7,16.4,3,86.0,248,50.2,80.0,3138,Rain,Major
2022-02-28,Indiranagar,Road_15,55.4,24.5,0,56.2,133,52.7,79.1,1236,Cloudy,None
2022-12-11,Silk Board,Road_14,70.9,19.3,2,79.7,218,61.0,72.5,2463,Clear,None
2024-08-13,Indiranagar,Road_7,52.5,25.0,0,52.7,102,42.2,79.4,796,Rain,Minor
2024-07-06,MG Road,Road_5,71.1,14.1,2,77.1,225,74.2,81.2,525,Haze,Minor
2022-02-15,Marathahalli,Road_9,67.8,19.4,1,86.3,58,57.1,88.5,4409,Clear,Major
2023-11-18,Silk Board,Road_15,71.5,28.0,0,85.7,81,36.1,83.1,2857,Cloudy,None
2022-08-16,Silk Board,Road_1,76.2,26.2,0,95.3,113,38.9,73.1,3950,Cloudy,Minor
2022-12-16,MG Road,Road_16,70.3,26.7,2,83.8,183,50.9,94.6,4190,Clear,Major
2024-03-24,Indiranagar,Road_4,81.5,18.8,2,83.6,207,32.2,75.7,2273,Haze,Major
2022-02-18,Silk Board,Road_6,68.4,18.3,1,80.4,80,44.4,82.0,745,Rain,Major
2022-09-13,Silk Board,Road_6,63.4,17.6,0,71.1,222,64.1,73.7,2104,Cloudy,Minor
2023-12-12,Marathahalli,Road_8,76.8,17.6,0,90.1,79,71.1,87.9,4696,Haze,None
2024-04-10,Whitefield,Road_10,84.0,16.4,1,90.5,87,74.3,84.0,647,Clear,Minor
2023-09-10,Brigade Road,Road_7,50.3,29.5,0,58.1,118,50.4,62.5,2890,Haze,Major
2022-06-13,MG Road,Road_3,67.7,31.3,0,69.3,128,44.0,66.0,4251,Haze,None
2023-03-17,Brigade Road,Road_1,80.1,16.1,0,77.8,243,62.9,72.2,4686,Clear,Major
2022-05-16,Electronic City,Road_7,80.3,17.7,2,95.0,105,70.6,82.5,4857,Rain,None
2024-05-15,Koramangala,Road_11,70.0,23.2,1,77.7,195,45.3,76.7,2915,Cloudy,None
2022-03-20,Whitefield,Road_3,64.1,22.1,1,81.5,57,61.9,64.9,576,Rain,None
2023-04-05,Silk Board,Road_10,73.0,22.3,1,79.7,241,65.3,92.0,1262,Haze,Major
2022-02-12,Electronic City,Road_5,64.6,21.6,0,79.7,218,33.6,93.5,2420,Rain,Minor
2022-12-09,Whitefield,Road_9,70.9,25.4,0,71.7,96,54.7,64.5,4053,Rain,None
2024-05-24,Electronic City,Road_4,68.0,17.7,3,65.4,102,75.0,86.9,4709,Cloudy,Minor
2022-11-05,Whitefield,Road_3,67.8,16.2,0,66.5,199,56.5,67.4,3090,Haze,Major
2023-11-30,Whitefield,Road_12,61.9,23.5,1,69.9,69,50.8,63.4,1187,Clear,Minor
2022-09-29,Koramangala,Road_3,46.9,23.3,0,50.0,158,57.0,92.5,1226,Haze,Major
2023-12-06,Marathahalli,Road_11,68.8,27.6,0,74.6,193,46.1,67.8,2399,Haze,Minor
2024-02-26,Brigade Road,Road_12,83.6,17.4,0,85.2,201,46.6,76.5,3390,Rain,Minor
2023-09-05,Marathahalli,Road_4,76.8,26.8,3,87.2,112,59.4,76.9,1279,Cloudy,Major
2024-05-19,Indiranagar,Road_10,85.0,17.4,0,90.3,236,56.9,66.2,4015,Haze,Major
2024-02-22,Whitefield,Road_6,67.7,22.4,0,75.8,142,49.1,91.8,2878,Cloudy,None
2023-06-13,Brigade Road,Road_1,72.0,19.6,1,72.2,143,31.0,93.1,1223,Rain,Major
2022-03-28,Whitefield,Road_13,66.6,21.8,0,64.8,71,59.8,60.8,837,Cloudy,Minor
2022-06-30,Silk Board,Road_10,58.8,27.8,2,61.5,56,57.1,79.1,3126,Rain,None
2023-04-04,Silk Board,Road_12,70.8,19.6,1,95.7,193,32.7,72.3,661,Rain,Major
2022-07-01,Koramangala,Road_5,60.2,26.1,1,70.6,189,33.9,73.7,999,Cloudy,None
2023-12-03,Whitefield,Road_6,68.7,21.7,0,56.8,242,72.6,73.4,1451,Cloudy,None
2023-06-13,Brigade Road,Road_8,63.2,27.8,0,65.0,185,69.8,83.5,532,Cloudy,None
2023-09-03,Silk Board,Road_4,78.2,14.1,0,88.1,186,70.2,92.0,830,Rain,None
2023-02-27,Indiranagar,Road_1,66.9,21.9,0,71.4,76,74.0,82.8,4577,Clear,Major
2022-07-26,Marathahalli,Road_2,68.9,22.4,1,64.0,121,46.5,69.0,3575,Haze,Minor
2024-01-30,Koramangala,Road_15,65.8,28.1,0,71.0,197,49.8,73.0,3280,Cloudy,Major
2022-01-21,Brigade Road,Road_14,36.8,28.5,0,50.0,212,48.2,81.0,661,Haze,None
2023-05-08,Brigade Road,Road_1,61.0,25.9,2,63.6,206,64.6,86.0,4534,Clear,Major
2022-09-23,Electronic City,Road_7,85.6,8.0,3,84.8,130,34.8,64.8,4941,Rain,Minor
2024-06-28,Indiranagar,Road_3,64.9,26.6,1,74.1,237,56.0,64.1,4491,Cloudy,None
2024-01-26,Silk Board,Road_8,79.2,18.6,0,71.8,239,44.7,84.7,3808,Cloudy,None
2022-03-03,Whitefield,Road_8,68.1,22.9,2,81.5,245,39.6,86.7,682,Clear,Major
2022-06-13,Brigade Road,Road_13,62.4,23.9,2,62.4,78,50.3,87.0,2621,Rain,Minor
2023-05-07,Silk Board,Road_11,35.0,36.6,1,50.0,60,41.9,93.7,2878,Clear,Major
2023-01-02,Marathahalli,Road_16,57.0,23.0,1,74.0,249,52.4,83.6,3486,Rain,Minor
2022-01-31,Whitefield,Road_1,62.7,15.7,0,69.5,109,44.3,89.1,3128,Clear,None
2024-07-10,Koramangala,Road_10,76.9,17.4,1,89.6,82,38.1,76.2,3083,Rain,Minor
2023-02-22,Silk Board,Road_1,75.7,16.7,0,76.5,202,54.3,89.1,703,Haze,Major
2023-02-13,Electronic City,Road_8,91.6,8.0,2,100.0,89,42.0,81.0,2146,Clear,Major
2023-02-25,Silk Board,Road_14,53.3,25.4,0,71.0,160,49.8,63.2,3823,Clear,Minor
2024-01-22,Marathahalli,Road_9,79.0,18.9,2,85.3,141,43.0,88.4,2502,Haze,Major
2024-05-16,Whitefield,Road_4,52.5,28.8,1,52.3,107,55.4,72.3,2065,Cloudy,Major
2023-10-13,Silk Board,Road_5,68.8,25.3,1,73.6,106,61.1,61.8,1611,Clear,Major
2024-07-03,Indiranagar,Road_11,78.6,25.4,0,75.8,182,61.8,86.7,1407,Clear,None
2024-05-29,Electronic City,Road_9,72.8,13.6,2,69.2,94,62.1,77.5,4344,Clear,Major
2023-09-02,Electronic City,Road_14,59.0,22.7,1,78.8,243,66.2,72.4,1378,Cloudy,Minor
2023-12-20,Indiranagar,Road_4,66.9,20.9,1,82.9,187,56.5,84.5,3222,Rain,Major
2022-11-02,Marathahalli,Road_9,67.7,19.8,1,70.3,174,44.3,68.9,3101,Cloudy,Major
2024-06-03,Marathahalli,Road_4,72.9,14.2,0,75.0,208,60.9,63.2,2353,Cloudy,Minor
2022-11-21,Marathahalli,Road_8,68.3,21.0,1,58.2,130,33.1,81.0,1709,Cloudy,None
2022-04-25,Indiranagar,Road_5,72.8,16.1,1,71.5,151,56.2,76.9,682,Rain,Major
2022-07-08,MG Road,Road_6,95.7,11.6,2,100.0,229,63.6,76.2,2749,Rain,None
2024-03-19,Brigade Road,Road_3,61.0,23.2,0,63.7,167,33.8,79.0,4794,Clear,None
2024-01-17,Silk Board,Road_1,73.1,17.5,0,71.8,70,61.9,62.1,1982,Cloudy,Minor
2022-12-15,MG Road,Road_5,64.1,21.7,0,74.3,93,34.6,65.2,4590,Rain,Major
2023-07-15,Silk Board,Road_8,56.1,23.1,0,56.5,190,72.5,83.2,3306,Cloudy,Major
2022-12-30,Whitefield,Road_4,83.5,18.0,2,87.6,173,69.3,91.5,4023,Haze,Major
2022-02-18,Brigade Road,Road_9,77.8,14.0,1,74.1,238,68.0,66.8,3091,Rain,None
2022-07-30,Silk Board,Road_8,76.7,19.9,1,77.0,50,58.0,70.7,1124,Clear,Major
2022-07-26,Koramangala,Road_1,61.0,28.9,0,60.5,91,56.9,68.8,2811,Cloudy,Major
2024-04-26,Indiranagar,Road_7,72.7,17.2,2,73.4,107,60.5,72.6,2415,Rain,Minor
2024-06-22,Indiranagar,Road_6,72.9,23.7,2,77.5,185,68.2,63.1,2796,Rain,None
2022-07-20,Electronic City,Road_11,76.2,17.0,5,79.7,80,70.3,92.4,2296,Haze,Minor
2022-07-13,MG Road,Road_13,84.1,12.1,4,79.5,154,45.3,64.7,749,Rain,Minor
2023-09-30,Koramangala,Road_4,59.9,25.6,0,68.0,240,64.9,84.6,2353,Cloudy,None
2024-03-17,MG Road,Road_7,37.0,33.9,0,50.0,70,30.1,68.4,2126,Cloudy,Major
2022-10-13,Koramangala,Road_12,74.9,23.4,0,85.3,116,48.6,68.6,4034,Rain,Major
2023-12-02,Electronic City,Road_15,87.3,15.5,1,82.8,210,30.0,90.3,1936,Haze,Minor
2024-06-21,Indiranagar,Road_8,81.9,18.8,2,91.6,66,39.4,85.0,1552,Haze,None
2023-10-27,Marathahalli,Road_8,72.1,15.7,3,77.2,128,61.9,90.9,1870,Clear,Minor
2022-06-27,Koramangala,Road_4,74.3,18.9,0,87.8,158,48.6,64.4,1680,Haze,None
2023-05-28,Electronic City,Road_4,63.2,23.1,1,74.3,211,74.0,94.6,1591,Cloudy,None
2022-10-26,Silk Board,Road_10,77.5,24.5,2,82.4,65,34.6,71.9,3827,Clear,None
2024-08-08,Whitefield,Road_14,63.7,20.6,0,75.5,119,71.9,67.0,2534,Cloudy,None
2022-02-04,Electronic City,Road_12,80.1,10.2,0,83.1,195,57.0,81.1,3006,Rain,Minor
2024-06-27,Whitefield,Road_15,97.2,8.0,3,100.0,124,56.0,84.9,2193,Haze,None
2022-02-09,Brigade Road,Road_16,80.8,14.6,1,79.9,121,70.6,88.0,1350,Haze,Major
2023-02-07,Whitefield,Road_2,78.9,19.8,1,85.6,109,42.8,71.8,1666,Haze,Minor
2024-06-04,Silk Board,Road_10,73.8,18.6,0,75.6,101,53.4,80.1,2838,Haze,None
2024-07-23,Marathahalli,Road_6,94.6,11.2,1,90.9,163,40.5,67.8,2988,Haze,Minor
2024-01-27,Electronic City,Road_11,80.9,19.7,2,98.5,187,54.3,62.6,4852,Haze,Major
2023-07-03,Silk Board,Road_4,74.3,18.7,0,80.5,228,31.5,74.0,2793,Clear,Major
2023-10-04,Brigade Road,Road_6,53.1,34.6,0,53.4,132,35.1,92.4,4298,Haze,None
2023-08-23,Marathahalli,Road_12,67.2,22.3,0,81.9,80,41.7,80.8,4914,Haze,None
2023-11-20,Brigade Road,Road_6,49.6,32.2,1,55.8,129,60.1,81.2,1544,Clear,None
2024-03-28,Indiranagar,Road_12,52.4,22.9,0,63.4,239,44.8,92.2,4026,Clear,None
2024-02-13,Electronic City,Road_3,76.6,11.7,1,86.0,189,71.6,81.3,4620,Haze,None
2024-06-07,Indiranagar,Road_16,71.5,17.9,0,82.6,56,74.8,72.8,4810,Clear,Major
2023-04-10,Whitefield,Road_3,80.6,15.5,0,87.3,80,36.2,85.6,3235,Haze,None
2022-07-12,Silk Board,Road_13,65.1,24.4,0,62.5,200,72.3,83.3,4223,Cloudy,Major
2024-07-28,Marathahalli,Road_15,89.6,22.2,1,100.0,88,62.7,69.3,3476,Rain,Major
2023-12-19,Electronic City,Road_14,64.2,17.7,0,61.3,137,52.7,63.7,2270,Cloudy,None
2023-01-09,Koramangala,Road_7,89.6,8.5,1,100.0,232,48.7,83.6,704,Rain,Major
2022-11-27,Indiranagar,Road_2,85.0,20.6,0,88.7,202,35.4,84.2,3885,Rain,Major
2022-04-07,Silk Board,Road_6,68.7,17.6,0,79.6,244,39.2,79.2,2119,Haze,None
2022-10-21,MG Road,Road_12,79.1,14.1,1,86.1,147,39.6,84.5,4401,Clear,Minor
2024-01-11,Silk Board,Road_13,60.2,20.1,0,63.5,145,39.6,84.0,1843,Haze,Minor
2023-01-20,Indiranagar,Road_2,88.1,9.0,2,97.7,92,58.2,64.9,2797,Clear,None
2023-11-10,Indiranagar,Road_1,67.9,22.6,0,67.0,230,65.8,83.6,4248,Clear,Minor
2022-06-04,Brigade Road,Road_1,67.6,16.7,0,68.0,126,74.2,64.2,2991,Rain,Major
2022-10-26,Marathahalli,Road_6,65.1,20.9,0,64.6,73,58.6,80.2,1496,Cloudy,None
2023-01-28,MG Road,Road_7,67.7,23.0,1,87.3,169,47.4,94.1,1273,Rain,Minor
2023-07-17,Marathahalli,Road_7,72.4,17.4,1,82.2,163,54.3,79.2,3742,Haze,Major
2024-02-03,Brigade Road,Road_15,70.6,18.9,3,78.6,109,69.6,83.8,3706,Haze,Major
2022-12-11,Koramangala,Road_9,82.1,19.6,3,79.1,177,42.6,89.5,2871,Cloudy,Minor
2022-11-25,Brigade Road,Road_3,80.9,11.3,0,82.5,165,30.4,60.9,3165,Rain,Major
2024-04-01,Electronic City,Road_11,71.0,20.9,2,73.7,202,43.9,71.3,2599,Rain,Major
2022-01-22,MG Road,Road_13,65.1,18.5,0,71.9,247,34.1,65.4,4738,Rain,Major
2023-04-28,Marathahalli,Road_4,85.7,16.1,3,89.1,65,68.0,82.9,3100,Cloudy,None
2023-04-29,Electronic City,Road_1,76.1,20.3,2,91.8,80,40.4,87.8,1773,Rain,Minor
2024-02-14,Indiranagar,Road_5,66.2,21.0,1,76.9,212,67.7,93.0,3963,Clear,None
2023-11-12,MG Road,Road_2,79.1,15.6,2,78.9,52,71.1,79.5,1217,Rain,None
2024-04-01,Brigade Road,Road_1,64.7,23.6,1,78.6,205,40.8,93.1,2816,Haze,None
2023-05-23,Whitefield,Road_5,70.1,24.2,0,64.7,174,37.3,79.3,4679,Clear,None
2022-08-22,Electronic City,Road_10,79.3,9.8,0,89.9,123,66.9,84.3,4782,Cloudy,Major
2023-09-09,Whitefield,Road_10,72.9,28.5,2,71.7,99,35.0,69.0,4770,Clear,None
2022-10-03,Marathahalli,Road_1,88.0,8.0,2,100.0,112,59.8,81.3,2104,Cloudy,None
2023-11-13,MG Road,Road_10,72.9,9.9,2,75.2,137,69.0,68.6,1597,Cloudy,Minor
2023-10-09,Electronic City,Road_6,83.5,11.9,4,84.4,229,53.6,60.8,3357,Rain,None
2022-05-31,Marathahalli,Road_1,81.0,24.3,1,71.7,166,36.3,75.3,2128,Cloudy,Minor
2022-01-23,Brigade Road,Road_11,72.2,18.3,1,89.7,154,59.7,82.7,3464,Rain,None
2023-05-30,Electronic City,Road_14,64.9,26.9,2,73.9,56,41.7,65.7,3853,Rain,None
2023-11-07,Koramangala,Road_12,55.0,28.9,0,68.1,178,60.9,66.2,4423,Cloudy,None
2023-08-01,Brigade Road,Road_3,81.2,17.7,1,84.8,174,48.5,90.3,4575,Clear,Minor
2022-12-30,Whitefield,Road_9,71.5,20.8,1,90.3,51,54.2,60.5,1085,Rain,Minor
2022-02-25,Brigade Road,Road_4,56.7,21.2,0,69.5,76,50.7,82.6,1614,Rain,None
2024-04-10,Marathahalli,Road_16,78.7,21.7,0,73.1,245,52.1,79.7,4290,Rain,None
2022-09-25,Whitefield,Road_7,78.9,18.9,0,79.4,134,61.0,80.9,2555,Clear,Major
2022-02-06,Indiranagar,Road_2,60.5,26.1,0,56.2,119,65.0,83.5,4169,Haze,Major
2022-05-11,Silk Board,Road_4,50.4,22.2,0,57.0,197,65.1,69.0,1073,Clear,None
2024-01-23,Indiranagar,Road_14,85.3,12.5,0,89.4,151,52.0,65.2,2599,Rain,Minor
2022-04-19,Koramangala,Road_4,70.0,28.5,0,73.1,118,48.9,64.5,2650,Cloudy,None
2022-06-18,Marathahalli,Road_1,56.5,25.1,1,61.9,120,31.2,66.8,3127,Clear,None
2022-02-08,Marathahalli,Road_16,81.1,18.2,2,70.9,224,46.2,64.4,4956,Haze,Minor
2022-01-21,Indiranagar,Road_4,69.4,23.3,1,94.2,156,45.1,87.5,4032,Cloudy,Minor
2023-09-26,Indiranagar,Road_12,73.9,22.6,1,95.1,205,65.0,79.1,4354,Cloudy,Major
2024-02-11,Electronic City,Road_7,99.0,11.3,1,100.0,207,47.7,66.8,4604,Cloudy,None
2022-09-17,Indiranagar,Road_14,81.0,17.5,3,84.9,240,73.6,83.8,963,Rain,Major
2022-03-05,Indiranagar,Road_11,57.2,17.5,1,65.9,85,37.1,93.5,1101,Rain,Minor
2022-08-10,Silk Board,Road_3,48.3,23.3,0,55.7,210,68.5,71.6,4484,Cloudy,Major
2022-12-28,Marathahalli,Road_9,61.0,22.9,0,59.4,168,38.0,69.8,3825,Clear,Major
2024-01-21,Koramangala,Road_7,71.6,14.6,5,79.8,168,44.1,90.2,4769,Cloudy,Major
2023-12-05,Koramangala,Road_13,76.1,23.6,4,78.5,229,38.0,93.3,572,Clear,Minor
2022-03-28,Marathahalli,Road_9,55.8,26.2,0,59.3,106,37.8,84.3,3790,Clear,None
2022-12-08,Electronic City,Road_3,80.9,14.3,2,87.9,79,73.9,73.7,1364,Clear,None
2023-07-28,Koramangala,Road_12,69.5,15.7,2,72.4,162,47.4,89.9,1462,Rain,Minor
2023-05-01,Indiranagar,Road_2,65.6,24.5,0,72.9,144,54.7,90.6,1780,Clear,None
2022-01-22,MG Road,Road_7,65.1,17.0,1,70.4,79,72.2,82.2,3748,Clear,None
2024-01-21,Koramangala,Road_8,71.1,22.9,1,65.3,80,61.8,86.3,1477,Clear,None
2022-04-25,Electronic City,Road_9,66.3,18.0,0,68.3,66,70.6,87.4,1349,Cloudy,Minor
2023-11-18,Whitefield,Road_16,66.0,16.3,0,80.6,97,46.6,77.5,1702,Cloudy,Major
2023-02-19,Electronic City,Road_13,70.4,18.2,0,80.0,230,48.5,86.2,3863,Rain,None
2023-10-17,Indiranagar,Road_6,63.0,17.0,1,79.3,138,57.5,69.8,567,Clear,Minor
2024-02-17,Brigade Road,Road_11,85.7,10.3,0,85.4,110,36.2,64.1,4701,Rain,None
2024-04-18,Whitefield,Road_13,59.6,26.4,1,70.9,207,43.3,77.5,2644,Rain,None
2023-04-01,Brigade Road,Road_11,44.3,29.4,0,60.6,177,41.0,73.1,3283,Rain,Major
2023-09-15,Electronic City,Road_9,67.2,20.1,0,72.7,123,54.0,90.3,4353,Rain,Major
2022-02-24,MG Road,Road_14,86.9,15.1,0,94.1,194,58.1,78.6,3725,Haze,Minor
2024-06-24,Whitefield,Road_11,49.8,22.9,0,50.0,215,31.4,73.5,1219,Haze,Major
2022-05-16,Koramangala,Road_14,42.5,36.9,1,50.0,71,58.9,90.6,4878,Clear,None
2023-04-20,Indiranagar,Road_8,72.0,24.4,0,88.0,55,61.3,61.1,3613,Rain,Major
2024-05-04,Silk Board,Road_2,65.8,23.4,2,79.9,224,43.6,94.7,4172,Cloudy,Major
2024-03-03,Electronic City,Road_8,67.6,15.4,1,71.9,194,45.1,92.1,2577,Rain,None
2023-03-20,Brigade Road,Road_6,56.4,18.1,0,63.0,108,35.0,64.9,699,Cloudy,Minor
2022-01-15,Silk Board,Road_10,50.2,21.4,0,56.3,111,47.7,63.1,2239,Cloudy,None
2024-01-26,Brigade Road,Road_9,85.5,20.9,2,99.4,234,71.3,76.7,4356,Clear,Major
2022-12-21,Whitefield,Road_4,56.2,20.6,0,68.8,170,39.7,71.3,3554,Cloudy,None
2023-12-13,Silk Board,Road_4,69.7,18.6,1,85.9,208,46.2,64.1,2600,Haze,None
2022-01-14,Brigade Road,Road_1,73.1,17.4,1,67.3,68,54.4,64.6,4776,Clear,None
2023-07-30,Koramangala,Road_14,96.5,14.1,3,100.0,100,62.9,85.5,3724,Rain,None
2022-10-28,Marathahalli,Road_8,68.7,14.9,0,66.8,212,51.4,75.2,2320,Haze,None
2023-06-29,Koramangala,Road_3,51.1,30.3,0,52.1,207,45.7,90.1,4424,Rain,Major
2022-12-07,Silk Board,Road_5,76.5,20.5,0,79.7,172,48.9,80.6,654,Clear,Minor
2023-04-22,Silk Board,Road_2,70.0,17.7,0,71.1,56,40.3,83.7,4747,Cloudy,None
2023-03-21,Brigade Road,Road_12,50.3,22.7,0,66.1,97,45.8,78.3,1367,Haze,Major
2024-05-27,Electronic City,Road_1,94.0,16.7,1,81.2,224,60.5,80.2,4396,Rain,Minor
2024-06-18,Koramangala,Road_7,50.2,22.3,0,63.5,172,31.1,65.6,2307,Haze,Major
2023-04-14,Brigade Road,Road_2,82.1,17.7,0,84.4,174,48.0,94.4,949,Clear,Major
2023-04-07,Koramangala,Road_16,94.7,13.7,2,100.0,199,41.6,77.0,1484,Clear,Minor
2022-08-24,Marathahalli,Road_5,62.1,18.9,0,50.0,199,45.9,61.0,2511,Haze,Major
2024-06-11,Brigade Road,Road_11,50.3,27.8,1,50.0,133,34.9,60.2,4081,Cloudy,Major
2024-08-11,Brigade Road,Road_16,75.8,24.7,1,75.7,51,32.2,88.9,3593,Haze,Major
2024-01-27,Indiranagar,Road_13,70.9,28.7,2,70.8,206,43.7,72.6,1489,Cloudy,None
2024-07-11,MG Road,Road_11,74.7,19.0,0,85.3,242,56.7,76.5,2183,Haze,Minor
2022-06-13,Electronic City,Road_10,89.4,11.6,3,86.5,215,70.5,73.7,3222,Rain,Minor
2022-04-19,Brigade Road,Road_7,61.2,19.8,0,55.8,93,68.4,91.8,2613,Rain,Major
2023-11-28,Whitefield,Road_2,77.7,22.0,1,89.8,201,32.1,71.0,4923,Haze,Minor
2024-08-10,Brigade Road,Road_4,59.1,26.3,0,70.7,171,55.2,74.2,4426,Clear,None
2022-04-11,Brigade Road,Road_7,61.8,22.2,0,60.9,223,34.6,92.7,1087,Cloudy,Minor
2024-01-27,Indiranagar,Road_5,49.5,28.4,0,50.0,206,68.0,92.5,2594,Cloudy,Minor
2023-12-31,Brigade Road,Road_11,64.6,19.3,1,69.3,95,69.9,71.8,4772,Haze,None
2023-12-12,Indiranagar,Road_3,72.1,21.7,1,76.2,143,32.7,61.8,2842,Haze,Minor
2023-02-23,Indiranagar,Road_10,69.2,22.7,2,67.6,59,56.0,70.9,1313,Clear,Major
2024-03-13,Indiranagar,Road_10,81.4,19.0,1,87.2,245,31.0,87.2,3642,Rain,Minor
2023-10-17,Silk Board,Road_6,76.2,16.6,3,89.0,195,50.1,82.1,3043,Cloudy,None
2022-09-10,MG Road,Road_1,57.0,25.5,1,65.4,245,61.4,93.9,878,Cloudy,Minor
2023-06-18,MG Road,Road_4,66.5,18.2,0,84.8,249,48.8,77.2,2610,Haze,None
2023-05-10,Electronic City,Road_12,75.4,19.5,0,76.4,120,68.0,79.3,3332,Clear,None
2022-07-14,Koramangala,Road_12,87.6,17.8,4,100.0,183,61.9,81.4,3904,Rain,Major
2023-11-05,Koramangala,Road_7,71.4,28.7,0,65.3,172,68.7,79.6,4828,Haze,Minor
2023-09-06,Electronic City,Road_12,94.6,8.1,0,95.9,155,39.1,81.2,4781,Haze,Minor
2023-02-27,Koramangala,Road_4,85.4,9.4,1,100.0,179,64.7,79.4,2545,Haze,None
2022-09-20,Marathahalli,Road_13,59.0,21.1,1,62.1,153,62.0,69.9,1147,Cloudy,Major
2022-08-26,Marathahalli,Road_5,43.5,33.0,0,52.2,142,54.0,64.8,3503,Cloudy,None
2024-01-12,Indiranagar,Road_3,79.3,16.3,0,84.1,167,37.1,94.1,1402,Clear,Major
2023-08-20,Koramangala,Road_14,82.6,15.9,1,92.9,208,46.4,94.1,870,Cloudy,Minor
2023-09-04,Brigade Road,Road_13,53.1,18.3,0,76.9,114,58.7,86.2,4889,Rain,Major
2023-05-06,Silk Board,Road_2,59.9,28.5,0,68.4,80,56.6,62.9,4481,Clear,None
2023-08-10,MG Road,Road_2,76.3,14.1,2,67.1,71,56.1,81.9,2548,Cloudy,Major
2023-11-26,Koramangala,Road_8,55.4,25.6,0,51.4,53,37.9,92.7,4133,Haze,Major
2022-10-31,Electronic City,Road_6,72.2,19.1,1,72.2,111,33.9,80.1,967,Cloudy,None
2024-02-23,Indiranagar,Road_9,67.1,24.1,2,78.0,216,68.6,68.3,2096,Clear,Major
2022-06-08,Koramangala,Road_2,95.1,9.5,2,100.0,247,61.4,78.4,2805,Clear,Major
2022-04-21,Brigade Road,Road_4,70.9,21.4,0,68.9,191,58.8,78.3,2135,Rain,Major
2022-07-24,Marathahalli,Road_11,60.8,30.1,1,65.8,78,66.5,62.6,547,Cloudy,Minor
2023-09-21,Indiranagar,Road_1,66.2,19.8,0,61.2,170,60.7,64.2,1151,Cloudy,None
2022-08-02,Koramangala,Road_12,84.1,14.8,2,99.8,62,64.8,64.8,3884,Cloudy,Minor
2024-05-26,Indiranagar,Road_2,67.9,16.4,0,88.8,212,62.7,78.9,2056,Clear,Minor
2022-08-11,MG Road,Road_4,73.2,30.1,2,72.6,188,46.5,93.0,1570,Cloudy,Major
2022-08-14,Silk Board,Road_7,58.5,31.0,0,57.7,78,62.6,65.9,3178,Cloudy,Major
2024-05-02,Electronic City,Road_16,70.3,14.3,0,62.7,198,72.7,83.1,4918,Haze,Major
2022-08-11,Brigade Road,Road_12,58.0,27.5,0,61.4,208,62.6,65.1,1829,Haze,Major
2024-05-09,Brigade Road,Road_2,94.2,8.0,1,93.1,222,68.2,88.0,1854,Clear,Minor
2024-04-02,Silk Board,Road_1,58.3,21.0,0,68.8,158,46.2,86.6,2281,Cloudy,None
2023-05-23,Electronic City,Road_14,57.7,21.5,3,73.1,65,71.8,78.7,829,Rain,Minor
2023-07-22,Indiranagar,Road_3,85.7,13.6,1,96.1,236,43.0,64.9,4810,Haze,None
2023-11-28,Electronic City,Road_14,95.1,8.0,1,98.6,222,32.6,79.2,2069,Rain,Major
2023-02-12,Electronic City,Road_4,69.8,30.9,0,64.4,93,42.6,70.7,4900,Rain,None
2023-07-19,Electronic City,Road_13,79.4,20.1,2,76.7,234,30.1,77.1,1578,Rain,Minor
2024-03-23,Indiranagar,Road_10,67.0,13.5,1,86.8,111,66.2,68.4,3226,Rain,None
2023-12-11,Whitefield,Road_10,67.8,17.0,1,72.6,237,56.5,60.8,2466,Clear,Minor
2023-09-26,Marathahalli,Road_5,71.2,18.6,1,77.0,57,59.9,91.3,4067,Rain,Major
2022-08-19,Marathahalli,Road_3,72.4,13.5,0,66.5,241,49.7,86.2,742,Cloudy,Major
2022-08-23,Indiranagar,Road_12,68.6,17.9,1,78.7,61,41.3,82.8,2889,Rain,Major
2024-04-15,Electronic City,Road_2,53.2,28.8,0,51.7,124,34.8,64.1,1592,Cloudy,Major
2024-02-21,Silk Board,Road_6,61.8,23.9,1,65.7,60,39.7,73.1,3373,Rain,None
2023-08-17,Silk Board,Road_15,55.5,29.3,0,65.6,97,57.4,60.6,1213,Rain,Major
2023-01-23,Indiranagar,Road_3,77.7,13.5,2,95.0,150,32.5,75.4,3606,Rain,Major
2023-02-21,MG Road,Road_5,70.7,22.2,1,79.7,126,30.2,74.0,926,Haze,Major
2024-05-25,MG Road,Road_15,64.3,25.1,0,55.7,219,52.3,75.9,4592,Cloudy,Minor
2022-07-05,Whitefield,Road_13,83.4,10.5,1,96.2,94,51.2,89.8,2796,Haze,Minor
2022-07-23,Marathahalli,Road_13,77.4,19.1,0,84.3,246,47.5,73.2,4256,Clear,None
2023-01-30,MG Road,Road_5,37.3,39.4,0,50.0,189,59.7,81.4,2074,Cloudy,None
2022-05-28,Marathahalli,Road_2,70.0,22.6,1,68.7,165,65.4,65.8,502,Clear,Major
2024-06-07,MG Road,Road_1,79.4,11.7,1,75.3,214,37.9,72.4,4738,Clear,Major
2023-09-13,Indiranagar,Road_16,78.9,16.1,3,89.5,81,52.7,60.4,3086,Cloudy,Major
2024-06-15,Whitefield,Road_9,73.3,14.8,2,72.1,215,62.1,77.5,3296,Cloudy,None
2023-06-10,Silk Board,Road_1,75.1,18.0,1,85.9,236,41.4,71.4,4505,Rain,None
2022-10-08,Electronic City,Road_10,48.5,30.3,0,51.1,132,56.8,61.4,947,Clear,None
2023-09-30,Brigade Road,Road_12,64.7,29.2,0,77.4,209,52.5,67.2,3563,Clear,Major
2022-05-07,Indiranagar,Road_5,74.3,22.4,2,77.6,106,55.8,70.8,1397,Clear,Major
2022-08-20,MG Road,Road_11,68.9,26.3,0,77.6,116,51.9,83.8,4164,Cloudy,Minor
2022-07-22,Koramangala,Road_12,89.8,8.7,2,84.7,76,30.7,60.4,847,Rain,Minor
2022-06-22,Marathahalli,Road_13,64.1,27.1,0,76.8,166,58.9,63.9,2015,Cloudy,Major
2022-03-04,Whitefield,Road_14,70.0,26.6,0,78.5,71,56.9,81.3,3897,Haze,Minor
2024-02-21,MG Road,Road_9,90.9,8.0,1,100.0,148,46.0,75.6,1130,Clear,None
2022-06-06,Silk Board,Road_3,75.0,16.9,1,64.9,124,43.7,65.5,2142,Rain,None
2022-06-23,Brigade Road,Road_5,50.3,26.5,0,50.0,68,72.1,63.6,1227,Haze,Minor
2023-04-11,Marathahalli,Road_13,82.0,9.0,1,91.6,103,39.7,64.5,1264,Haze,None
2024-04-24,Koramangala,Road_14,82.0,8.8,2,77.0,119,58.0,78.3,4534,Rain,Minor
2022-07-16,Brigade Road,Road_1,52.0,29.0,0,50.0,149,73.3,84.7,2709,Clear,Minor
2023-10-25,Indiranagar,Road_6,64.7,22.7,0,59.1,228,63.1,94.0,2246,Haze,Major
2024-07-02,Indiranagar,Road_8,65.8,20.2,1,77.6,212,39.9,63.7,3395,Cloudy,Minor
2022-10-26,Brigade Road,Road_7,67.2,18.7,1,70.2,51,62.1,78.0,3731,Haze,None
2022-03-05,Silk Board,Road_3,66.2,15.2,2,66.7,241,60.0,63.6,1280,Clear,Minor
2024-04-13,Silk Board,Road_2,71.0,12.3,1,80.1,140,64.7,92.8,4887,Haze,Major
2022-04-02,MG Road,Road_11,64.1,14.3,1,75.7,106,43.4,71.4,2486,Haze,Minor
2023-02-23,Indiranagar,Road_1,67.3,19.1,0,76.1,53,40.1,63.2,832,Clear,None
2022-08-11,Electronic City,Road_3,73.9,18.6,0,83.8,110,69.6,63.7,2707,Rain,Minor
2023-06-19,MG Road,Road_6,82.9,10.2,1,90.8,229,67.1,71.3,535,Haze,None
2022-07-18,Silk Board,Road_9,73.0,12.9,1,81.5,234,70.4,61.5,1187,Rain,Minor
2022-11-23,Whitefield,Road_2,58.7,27.5,0,68.3,77,55.2,73.1,1159,Cloudy,Minor
2024-01-28,Indiranagar,Road_2,66.9,21.4,1,75.6,240,44.3,91.1,4843,Clear,None
2023-10-22,Koramangala,Road_12,59.1,23.9,0,55.9,168,57.4,67.4,4428,Rain,None
2023-12-18,Whitefield,Road_1,79.5,24.1,0,92.7,67,72.7,64.2,3281,Rain,None
2022-01-01,Electronic City,Road_13,69.7,19.6,1,79.9,206,64.6,74.7,3431,Cloudy,Minor
2022-04-10,Silk Board,Road_12,68.0,18.2,0,55.9,163,30.4,74.6,4395,Clear,None
2023-11-07,Marathahalli,Road_3,84.7,19.2,0,81.9,58,66.1,85.1,3643,Cloudy,Minor
2023-12-17,MG Road,Road_12,48.0,25.7,0,50.0,197,46.3,78.5,4551,Haze,Minor
2022-09-22,Whitefield,Road_12,72.1,18.6,0,84.3,249,30.2,68.2,1847,Haze,Minor
2023-06-25,Koramangala,Road_6,85.4,18.1,0,88.8,207,65.6,94.4,3849,Haze,Major
2023-10-26,Whitefield,Road_7,67.6,21.3,0,70.7,205,67.7,93.8,4613,Clear,None
2024-03-14,Indiranagar,Road_4,76.2,20.5,0,83.8,110,40.0,84.4,1566,Haze,Major
2022-12-06,Marathahalli,Road_5,58.3,26.6,1,64.1,216,60.2,89.5,4927,Haze,Minor
2023-08-02,Silk Board,Road_16,76.2,22.3,2,80.4,89,63.9,89.6,4384,Rain,Major
2023-10-02,Indiranagar,Road_7,74.1,13.5,1,72.7,130,54.7,90.4,3249,Rain,Minor
2023-02-14,Koramangala,Road_9,84.0,8.6,0,90.1,74,55.8,95.0,1624,Cloudy,None
2022-11-29,MG Road,Road_6,71.6,27.1,0,64.2,202,40.1,80.3,2866,Rain,None
2023-11-18,Marathahalli,Road_1,58.9,22.4,1,53.7,97,55.0,60.3,2632,Clear,Minor
2023-08-04,Brigade Road,Road_9,63.2,16.0,1,61.0,203,72.9,73.7,581,Haze,Major
2022-01-29,Electronic City,Road_9,99.0,8.0,1,95.4,162,63.4,76.5,2946,Cloudy,Major
2023-09-25,Electronic City,Road_6,60.9,26.9,0,62.9,155,39.9,87.7,847,Rain,Minor
2022-02-25,Indiranagar,Road_8,76.4,13.7,0,80.7,247,62.7,87.2,3829,Cloudy,Minor
2023-05-16,Whitefield,Road_16,73.0,17.7,1,85.5,133,43.9,82.2,3935,Haze,Minor
2024-06-15,Silk Board,Road_3,61.5,26.5,0,74.7,88,59.1,75.4,1380,Clear,Minor
2024-05-14,Electronic City,Road_10,83.7,15.5,0,81.5,244,39.4,67.0,3131,Clear,Major
2024-08-17,Electronic City,Road_11,70.4,20.1,0,75.8,179,53.3,70.8,3230,Haze,Major
2022-03-22,Electronic City,Road_11,70.5,14.5,0,71.8,60,41.9,81.6,2407,Rain,Minor
2023-08-06,Electronic City,Road_2,83.6,15.7,0,79.0,206,42.7,77.3,3910,Rain,Minor
2022-08-10,Brigade Road,Road_4,60.8,21.4,0,70.0,158,74.5,81.7,2214,Haze,Minor
2023-10-31,Silk Board,Road_1,91.2,12.5,1,89.8,219,65.6,66.9,978,Rain,Minor
2023-05-22,MG Road,Road_14,73.7,27.1,3,74.8,199,68.8,73.4,1628,Haze,None
2023-10-23,Whitefield,Road_8,54.9,31.3,0,50.0,101,47.9,62.3,2710,Rain,Minor
2022-07-09,Electronic City,Road_12,75.3,21.6,0,90.0,218,41.8,82.2,3405,Clear,None
2022-09-29,Whitefield,Road_2,70.4,17.5,1,74.7,248,70.5,90.4,1949,Rain,None
2023-09-27,Silk Board,Road_13,68.0,18.2,0,89.0,207,64.9,86.5,3274,Rain,Minor
2022-12-08,Brigade Road,Road_2,76.4,16.3,1,84.9,53,71.4,66.0,3645,Clear,Minor
2023-07-25,Silk Board,Road_5,91.4,17.2,1,90.5,111,49.5,93.7,4532,Haze,Minor
2023-10-28,Indiranagar,Road_2,85.4,18.4,2,94.4,151,61.0,87.1,817,Cloudy,Minor
2024-06-07,Brigade Road,Road_9,56.4,27.9,0,54.9,213,56.4,73.8,4292,Clear,Minor
2023-10-13,Marathahalli,Road_9,64.8,21.7,0,58.5,234,71.4,73.8,2999,Clear,Major
2024-03-20,MG Road,Road_3,85.0,15.1,1,90.6,105,37.8,89.1,2437,Haze,None
2023-03-21,Whitefield,Road_15,65.7,25.3,0,64.7,163,60.5,87.1,2272,Rain,None
2022-03-25,Whitefield,Road_12,61.5,18.0,0,69.8,84,60.8,81.3,2440,Clear,Major
2024-07-09,Silk Board,Road_3,58.3,25.2,0,59.4,164,66.1,75.9,4346,Clear,None
2022-03-09,Electronic City,Road_2,70.3,26.9,3,57.1,149,72.0,93.2,2180,Haze,Major
2024-02-22,Marathahalli,Road_4,70.5,21.9,1,74.5,88,60.5,93.6,537,Haze,Major
2023-02-28,Electronic City,Road_12,76.3,12.0,1,73.5,195,68.5,81.3,786,Cloudy,None
2024-01-25,Brigade Road,Road_5,70.9,23.8,0,77.2,247,70.2,79.2,4556,Rain,Major
2024-03-11,Silk Board,Road_10,75.5,12.3,1,83.5,152,41.9,68.1,4173,Cloudy,Major
2022-08-01,Whitefield,Road_8,71.7,17.8,0,84.9,213,64.2,76.0,1223,Rain,Minor
2023-11-05,Koramangala,Road_6,54.4,33.1,0,56.8,157,31.4,66.3,1827,Cloudy,None
2023-10-12,MG Road,Road_4,60.8,27.9,1,66.7,209,63.8,63.4,2747,Rain,Major
2024-03-08,Electronic City,Road_8,63.3,25.3,1,63.3,188,51.6,94.5,4429,Cloudy,Major
2022-02-02,Marathahalli,Road_9,79.2,20.2,0,82.5,63,57.2,90.7,1020,Haze,None
2023-01-27,MG Road,Road_13,67.1,22.5,0,68.0,166,54.8,82.6,4913,Rain,Major
2024-04-07,Koramangala,Road_14,99.0,9.3,2,100.0,136,30.8,79.7,516,Clear,Minor
2022-02-03,Whitefield,Road_12,66.1,23.0,2,60.5,74,53.4,61.2,4534,Rain,Major
2023-05-30,Brigade Road,Road_16,83.5,11.1,2,99.6,101,65.5,61.0,2804,Haze,Major
2023-05-11,MG Road,Road_16,95.3,9.1,1,85.7,98,60.6,66.3,1693,Haze,Minor
2023-06-15,Marathahalli,Road_8,79.8,13.8,1,80.4,217,39.7,88.8,700,Cloudy,None
2022-08-28,Whitefield,Road_10,82.6,11.8,1,88.8,86,56.4,65.2,2402,Clear,Minor
2022-04-08,MG Road,Road_15,83.5,21.5,2,85.2,145,63.2,64.8,813,Clear,Major
2024-06-19,Koramangala,Road_1,59.5,20.2,1,63.6,207,43.8,92.9,1324,Rain,Major
2024-02-11,Indiranagar,Road_2,54.1,29.2,0,63.4,99,43.1,70.3,3015,Clear,Minor
2023-01-09,Brigade Road,Road_11,51.4,24.1,0,51.8,175,63.5,85.4,822,Clear,None
2024-07-26,Silk Board,Road_6,78.1,18.2,1,91.5,241,61.1,78.4,4677,Cloudy,Major
2023-12-31,Electronic City,Road_1,74.4,25.1,1,84.0,239,62.0,64.3,2052,Haze,Major
2023-02-08,Whitefield,Road_13,48.8,30.2,0,57.7,177,61.8,61.9,3946,Haze,Minor
2023-03-11,Marathahalli,Road_4,77.2,17.6,2,91.0,71,60.4,77.3,3588,Cloudy,Minor
2024-03-12,Electronic City,Road_13,52.2,28.8,0,67.9,110,32.3,84.3,3983,Haze,Minor
2022-05-22,Electronic City,Road_15,66.0,28.4,2,70.0,89,65.1,63.7,2009,Clear,Major
2023-11-18,Brigade Road,Road_13,75.7,15.5,2,69.1,222,43.1,68.5,3838,Haze,None
2023-10-19,Electronic City,Road_4,88.0,19.7,1,86.3,235,44.1,74.1,1228,Rain,Minor
2022-07-30,Brigade Road,Road_4,65.5,29.8,2,68.4,63,59.6,82.8,4643,Haze,None
2023-02-14,Brigade Road,Road_14,40.7,27.6,0,50.0,219,62.3,72.9,3437,Haze,None
2023-01-02,Marathahalli,Road_3,78.5,19.3,1,81.5,161,62.6,77.7,4432,Rain,Major
2024-01-24,Indiranagar,Road_16,93.8,8.0,4,98.9,107,73.2,88.7,4819,Rain,Minor
2022-02-06,Whitefield,Road_4,81.9,20.3,5,91.2,126,39.8,66.6,4570,Haze,None
2023-05-30,Silk Board,Road_13,69.2,23.1,2,75.6,100,71.1,74.0,4487,Rain,Minor
2023-11-10,Electronic City,Road_5,86.9,12.9,1,95.2,140,36.8,64.9,2155,Cloudy,Major
2022-04-24,Koramangala,Road_6,37.6,39.0,0,50.0,169,38.1,89.6,3024,Clear,Major
2022-04-20,Marathahalli,Road_6,67.8,21.4,1,74.8,202,73.6,86.0,2012,Clear,Minor
2023-09-14,MG Road,Road_10,47.5,35.0,0,52.0,203,43.0,94.1,3515,Clear,Minor
2024-07-19,Silk Board,Road_9,71.4,18.1,1,79.3,130,64.5,68.5,3440,Cloudy,Minor
2024-03-04,Indiranagar,Road_16,78.3,21.3,1,95.2,221,68.8,91.9,2888,Rain,Minor
2022-06-08,Electronic City,Road_8,90.2,20.8,2,82.1,160,66.2,91.0,3493,Rain,None
2022-09-01,Whitefield,Road_12,70.8,16.5,1,90.7,233,39.7,69.0,3826,Cloudy,Major
2022-02-15,Electronic City,Road_2,67.3,20.0,0,62.2,132,45.5,91.4,4517,Rain,None
2023-01-07,Electronic City,Road_10,98.9,8.8,3,100.0,218,40.3,86.4,2840,Clear,Minor
2023-11-06,Brigade Road,Road_11,82.7,14.3,4,80.9,88,40.7,83.7,4820,Rain,Minor
2024-02-23,Indiranagar,Road_15,75.1,17.8,0,74.4,194,34.2,83.4,4365,Haze,Minor
2022-07-27,Brigade Road,Road_14,72.4,19.4,1,87.7,84,53.4,63.7,3875,Rain,None
2023-04-24,Silk Board,Road_3,72.9,20.0,1,68.8,66,60.4,62.7,2976,Clear,Major
2022-05-27,Electronic City,Road_6,81.0,15.8,1,71.1,120,38.2,94.1,2084,Haze,None
2024-04-07,Brigade Road,Road_12,75.2,24.9,0,70.8,70,62.3,60.9,1816,Cloudy,None
2023-05-09,Electronic City,Road_11,64.9,22.9,1,81.0,74,40.4,86.3,4182,Clear,None
2024-05-19,Indiranagar,Road_14,70.2,24.0,0,69.0,86,41.3,92.6,3737,Cloudy,Major
2024-03-07,MG Road,Road_10,68.0,28.2,1,57.0,51,66.2,93.5,4523,Cloudy,Minor
2023-02-13,Marathahalli,Road_13,59.3,25.3,0,72.1,217,57.9,90.3,579,Cloudy,None
2022-08-02,Whitefield,Road_7,70.5,23.3,0,76.8,238,59.7,80.7,1866,Cloudy,None
2022-01-17,Marathahalli,Road_1,63.9,14.9,0,72.8,93,60.1,66.2,1040,Rain,None
2022-01-04,Electronic City,Road_3,72.3,23.1,0,61.8,151,64.8,70.9,2141,Clear,None
2022-03-29,Koramangala,Road_16,75.5,17.8,2,80.9,217,51.6,63.4,845,Rain,None
2024-03-11,Indiranagar,Road_5,62.1,13.8,0,82.7,193,32.4,88.9,2946,Cloudy,None
2023-02-26,Marathahalli,Road_15,70.6,22.8,0,59.0,221,52.5,82.6,853,Haze,Major
2024-06-17,Koramangala,Road_8,97.5,8.0,3,100.0,97,51.3,61.8,3985,Clear,Major
2023-04-14,Whitefield,Road_1,67.2,22.6,1,77.6,194,36.1,79.6,778,Cloudy,Major
2023-01-17,Koramangala,Road_1,78.8,15.1,1,87.1,87,45.9,64.7,2847,Clear,None
2022-10-22,Electronic City,Road_14,87.1,22.2,1,100.0,203,73.3,92.6,1781,Haze,Minor
2022-10-10,Koramangala,Road_4,63.9,33.1,0,73.6,216,68.3,85.5,3641,Haze,Major
2023-09-09,Silk Board,Road_5,70.0,19.9,3,66.6,246,30.5,68.0,4439,Haze,Minor
2024-07-01,Indiranagar,Road_10,72.0,26.9,0,86.0,162,30.6,84.2,4165,Clear,Minor
2022-11-18,Whitefield,Road_7,69.2,17.3,0,98.5,69,32.0,89.0,3614,Haze,Major
2024-06-09,Brigade Road,Road_10,65.3,23.4,0,67.8,241,41.0,76.7,2800,Cloudy,Major
2023-08-12,Koramangala,Road_8,80.6,11.9,0,91.6,215,63.1,62.0,2824,Cloudy,Minor
2022-03-29,Whitefield,Road_16,65.1,15.9,0,67.1,60,37.1,78.2,2662,Haze,None
2022-04-13,Koramangala,Road_13,93.1,14.7,2,100.0,147,66.0,82.1,1272,Cloudy,Major
2023-12-06,Koramangala,Road_3,74.6,16.2,0,72.9,136,70.4,70.5,1109,Cloudy,None
2023-09-15,Whitefield,Road_6,59.2,21.4,0,67.7,206,36.3,84.7,1632,Cloudy,None
2024-01-04,Electronic City,Road_5,53.1,21.1,0,50.0,117,60.6,89.3,1743,Cloudy,Minor
2024-07-27,Koramangala,Road_6,79.9,18.8,0,82.0,237,48.7,83.7,3264,Cloudy,Minor
2022-03-14,Whitefield,Road_9,64.4,24.0,1,62.2,87,63.7,86.9,3331,Cloudy,Major
2024-06-23,MG Road,Road_7,96.5,8.0,1,100.0,121,67.6,65.6,3618,Rain,None
2023-08-01,Silk Board,Road_15,66.3,25.1,1,80.0,76,45.2,68.3,1825,Haze,Major
2022-11-05,MG Road,Road_6,67.4,22.7,0,69.9,148,65.5,69.0,615,Rain,Major
2022-11-24,Electronic City,Road_9,78.2,13.0,0,59.0,217,40.0,61.9,782,Haze,Major
2023-04-19,Indiranagar,Road_2,65.2,20.5,0,70.9,203,66.7,86.5,2111,Rain,Minor
2024-02-15,Silk Board,Road_6,79.2,19.8,0,92.0,57,68.6,87.9,3987,Haze,Minor
2023-08-23,Marathahalli,Road_8,91.2,18.0,1,88.8,248,40.5,85.8,4417,Haze,None
2024-01-16,Silk Board,Road_1,75.6,9.5,1,68.5,55,54.0,73.8,3954,Cloudy,Major
2023-03-28,Marathahalli,Road_16,48.1,22.7,0,54.3,148,68.7,70.7,516,Haze,None
2024-06-05,Whitefield,Road_16,55.2,24.1,0,60.7,166,49.4,68.1,3004,Cloudy,None
2022-02-22,Electronic City,Road_11,51.6,31.8,0,54.1,217,62.6,87.0,841,Cloudy,Minor
2024-01-10,Marathahalli,Road_10,79.9,8.0,0,71.3,59,52.4,65.7,3422,Haze,Minor
2024-03-19,MG Road,Road_15,63.2,26.0,1,67.3,209,45.6,69.7,3151,Rain,Minor
2022-02-03,Electronic City,Road_3,70.9,25.9,1,67.0,222,73.2,85.2,4686,Cloudy,None
2023-06-07,MG Road,Road_14,85.7,11.8,0,92.5,196,63.0,75.5,2551,Cloudy,Minor
2022-07-11,Koramangala,Road_14,60.1,19.6,1,68.8,248,39.9,83.3,2984,Cloudy,None
2024-01-04,Electronic City,Road_16,56.9,34.6,2,60.9,246,39.4,74.8,1006,Clear,None
2024-01-09,Whitefield,Road_15,65.9,19.3,0,66.9,184,62.1,63.1,1224,Haze,Major
2022-09-09,Koramangala,Road_15,55.3,24.8,0,52.4,63,34.1,60.1,2269,Cloudy,None
2022-07-25,Whitefield,Road_9,73.8,21.3,0,71.6,96,36.6,70.0,3165,Clear,Major
2022-11-28,MG Road,Road_9,56.1,20.5,1,66.4,238,44.4,83.5,4903,Cloudy,Major
2022-07-22,Indiranagar,Road_9,67.2,16.7,1,63.0,95,71.0,94.0,2197,Cloudy,Minor
2023-01-24,Indiranagar,Road_2,43.6,26.7,0,50.0,129,45.3,89.2,2073,Cloudy,Minor
2024-06-30,Silk Board,Road_9,58.7,28.4,0,73.1,162,59.5,65.1,2278,Haze,Major
2023-02-05,MG Road,Road_1,72.7,20.3,2,78.5,114,60.1,75.5,2553,Clear,Minor
2023-01-28,Indiranagar,Road_8,69.1,25.1,0,60.8,205,52.8,72.8,4717,Rain,Major
2024-04-13,Electronic City,Road_1,59.3,24.7,1,72.3,110,59.5,67.1,3182,Clear,Major
2023-08-01,Koramangala,Road_4,80.9,18.0,3,78.8,102,65.2,67.2,4831,Cloudy,None
2023-02-14,Indiranagar,Road_12,68.5,22.9,0,79.8,67,32.4,63.3,3263,Cloudy,Minor
2024-03-28,Silk Board,Road_14,61.3,31.9,0,50.3,223,34.3,79.2,2978,Cloudy,None
2022-02-15,Whitefield,Road_7,62.5,18.2,1,78.8,149,47.0,93.8,4360,Cloudy,None
2024-05-12,Koramangala,Road_14,61.6,19.0,0,56.7,231,56.1,74.9,4215,Haze,Minor
2023-02-01,Whitefield,Road_14,76.1,19.5,0,79.2,174,68.7,64.0,3916,Cloudy,Minor
2023-02-05,Brigade Road,Road_10,75.4,20.0,0,69.4,183,56.2,75.0,4652,Rain,Minor
2022-05-23,Indiranagar,Road_15,64.0,22.1,1,75.5,173,47.0,77.7,1502,Rain,Minor
2023-04-13,Brigade Road,Road_11,74.5,22.1,0,79.2,95,72.7,61.6,647,Cloudy,Major
2023-11-03,Marathahalli,Road_1,72.3,22.0,1,76.5,80,62.2,81.9,1347,Haze,Minor
2022-02-24,MG Road,Road_3,83.0,14.0,1,96.7,183,64.4,74.3,4222,Cloudy,Major
2023-10-10,Silk Board,Road_9,59.3,19.9,0,79.4,207,73.4,76.3,4292,Haze,Major
2022-01-05,Indiranagar,Road_16,76.7,21.1,0,84.3,147,50.4,87.6,717,Rain,None
2023-09-21,MG Road,Road_7,75.7,16.7,1,75.5,58,39.5,80.3,1070,Clear,Minor
2023-08-03,Electronic City,Road_5,68.8,21.8,1,78.4,222,68.6,82.2,3332,Cloudy,Minor
2023-04-08,Electronic City,Road_9,69.6,19.0,0,76.2,220,41.3,72.9,1067,Cloudy,Major
2023-03-27,Koramangala,Road_4,84.5,20.2,5,94.6,113,56.1,72.3,3841,Haze,Major
2022-07-28,Koramangala,Road_14,60.5,24.2,1,55.3,151,65.7,61.4,2195,Clear,None
2023-03-21,Silk Board,Road_10,57.0,23.9,1,66.6,168,74.0,63.8,1425,Haze,None
2023-04-13,Indiranagar,Road_5,73.5,13.0,0,75.1,190,47.2,93.3,1651,Cloudy,None
2022-11-21,Silk Board,Road_7,66.4,19.1,1,69.6,141,48.2,81.2,1963,Haze,None
2024-06-02,MG Road,Road_6,68.5,28.8,2,58.8,165,63.4,84.5,2487,Haze,Major
2024-04-29,Brigade Road,Road_13,53.0,28.5,0,55.1,88,67.5,87.6,1784,Cloudy,Minor
2023-09-03,Koramangala,Road_8,77.4,13.8,2,83.9,92,50.5,68.4,2929,Rain,None
2022-12-28,Whitefield,Road_3,66.4,25.0,1,80.0,176,49.9,62.9,2492,Haze,None
2023-09-26,MG Road,Road_13,69.4,24.5,1,74.8,129,63.9,68.6,1300,Rain,None
2024-06-27,Electronic City,Road_2,66.2,24.1,0,73.5,194,40.2,92.9,719,Rain,None
2022-08-19,Indiranagar,Road_16,60.4,24.7,0,70.8,184,40.5,75.8,2827,Clear,None
2023-06-16,Electronic City,Road_3,54.1,24.6,1,52.4,110,41.6,90.0,3505,Rain,None
2024-02-12,Koramangala,Road_7,68.5,16.2,2,68.3,228,74.6,66.1,837,Rain,None
2023-01-19,Marathahalli,Road_4,68.9,19.9,1,63.0,231,32.7,73.7,2531,Clear,None
2024-05-27,Brigade Road,Road_1,83.1,19.1,1,100.0,208,59.5,81.5,595,Cloudy,Major
2023-06-24,Koramangala,Road_8,77.3,14.3,2,73.4,118,69.1,77.7,1824,Cloudy,Major
2023-07-09,Silk Board,Road_16,83.2,11.9,1,95.9,66,57.2,73.4,3658,Cloudy,Minor
2023-01-01,Marathahalli,Road_12,67.4,19.1,0,80.8,150,55.1,72.5,3948,Haze,Major
2023-05-04,Electronic City,Road_8,88.3,12.3,2,100.0,162,73.4,63.0,1257,Haze,Minor
2023-11-20,Brigade Road,Road_12,49.6,22.4,0,52.1,81,49.3,94.7,1324,Clear,Minor
2024-05-15,Electronic City,Road_8,72.8,20.4,3,69.1,72,57.7,77.5,828,Haze,None
2022-09-08,Marathahalli,Road_5,99.0,16.5,1,100.0,128,57.4,65.1,4875,Rain,Major
2023-07-31,Electronic City,Road_7,89.1,11.8,1,91.9,50,50.5,75.0,578,Cloudy,Major
2024-07-09,Whitefield,Road_3,66.1,16.4,1,70.2,176,47.6,85.1,1820,Clear,Major
2024-08-15,Brigade Road,Road_8,87.4,8.6,1,100.0,56,37.9,71.5,2821,Clear,Major
2022-06-19,Koramangala,Road_14,66.8,22.5,2,71.8,153,68.6,65.3,4759,Rain,Minor
2023-01-28,Indiranagar,Road_2,67.6,20.1,1,80.8,82,53.6,84.7,4190,Cloudy,None
2022-02-08,Whitefield,Road_14,51.5,27.1,0,50.0,193,37.7,85.2,1533,Clear,Minor
2023-03-24,Indiranagar,Road_2,83.0,14.1,3,89.8,87,45.0,75.4,4777,Clear,Major
2023-06-10,MG Road,Road_6,83.2,15.5,3,81.8,126,37.8,65.2,1746,Clear,Minor
2022-05-11,Silk Board,Road_5,50.9,25.8,0,55.3,161,41.5,78.8,1157,Cloudy,Major
2022-09-06,Marathahalli,Road_14,70.7,19.6,1,68.5,200,44.7,71.6,2236,Clear,Major
2022-02-23,MG Road,Road_8,58.3,22.3,0,68.8,203,45.4,94.5,2427,Haze,Major
2022-11-22,Electronic City,Road_12,91.7,20.4,0,100.0,153,30.6,77.8,2130,Haze,Minor
2023-04-26,Marathahalli,Road_3,62.2,25.4,0,71.9,210,60.7,68.6,4562,Haze,Major
2023-03-06,Indiranagar,Road_13,99.0,12.9,5,100.0,184,33.8,64.4,4428,Haze,Major
2022-02-20,Indiranagar,Road_4,75.1,15.4,0,88.9,188,48.8,76.4,3934,Cloudy,Minor
2023-01-07,Electronic City,Road_4,57.8,23.7,0,63.6,194,36.4,90.4,2744,Clear,Major
2022-05-13,Whitefield,Road_3,56.5,26.4,1,67.8,226,31.8,93.3,3454,Cloudy,Major
2023-08-06,Marathahalli,Road_5,55.1,22.7,0,50.0,175,45.3,84.3,899,Cloudy,Minor
2023-08-27,Koramangala,Road_15,78.5,13.0,1,81.8,140,36.9,75.9,1152,Haze,Major
2023-11-19,Marathahalli,Road_8,69.8,19.2,2,80.7,183,52.4,66.6,549,Rain,Minor
2022-12-19,Silk Board,Road_13,79.0,16.5,2,87.9,53,46.3,73.9,966,Haze,None
2024-02-10,Koramangala,Road_10,79.4,16.5,0,75.9,78,61.1,70.5,957,Clear,None
2022-03-31,Electronic City,Road_3,74.3,20.1,1,100.0,159,69.6,88.0,957,Cloudy,Minor
2023-03-06,Brigade Road,Road_3,76.6,22.7,2,72.4,81,39.7,75.0,2624,Haze,None
2024-06-03,Koramangala,Road_15,49.1,30.9,0,50.0,208,74.5,91.4,3297,Rain,Major
2022-07-21,MG Road,Road_4,62.1,21.4,0,63.8,158,30.5,66.4,1562,Clear,None
2024-04-13,Indiranagar,Road_9,72.5,21.2,1,78.1,247,55.4,73.4,1953,Rain,None
2023-12-07,Whitefield,Road_10,69.5,22.9,1,64.1,200,33.2,73.2,518,Clear,Minor
2022-04-01,Whitefield,Road_15,85.4,12.0,2,80.9,225,53.7,67.2,3768,Haze,Minor
2024-02-19,Marathahalli,Road_10,74.9,19.2,4,84.1,186,38.0,70.3,2380,Rain,Major
2022-01-11,Electronic City,Road_2,63.5,14.7,1,69.4,169,41.7,89.9,2518,Clear,None
2024-07-20,Indiranagar,Road_16,69.3,19.1,0,56.2,192,48.6,89.5,1962,Cloudy,Minor
2022-08-05,Electronic City,Road_13,88.3,14.6,3,91.3,138,61.1,84.7,4263,Cloudy,Minor
2022-06-02,Brigade Road,Road_15,76.4,21.8,0,75.1,95,45.9,64.4,4410,Clear,Minor
2024-01-18,MG Road,Road_10,63.5,26.5,0,58.7,83,39.7,67.6,3798,Haze,None
2022-12-24,Marathahalli,Road_10,73.6,15.9,3,70.4,187,66.5,80.5,4548,Cloudy,Major
2023-02-24,Koramangala,Road_11,76.0,18.6,0,69.0,174,67.0,82.5,2693,Clear,Major
2022-12-31,Indiranagar,Road_8,60.0,20.0,1,57.5,128,69.9,80.2,2062,Clear,Minor
2023-05-02,Silk Board,Road_16,63.7,27.0,0,60.2,146,61.6,77.8,1660,Rain,Major
2022-05-30,Brigade Road,Road_9,58.8,28.4,0,57.8,115,72.2,68.4,1767,Cloudy,None
2023-11-17,Koramangala,Road_2,76.7,15.8,0,82.5,164,46.9,76.5,3015,Cloudy,None
2022-08-14,Marathahalli,Road_16,81.4,13.0,1,81.4,108,33.7,79.1,1983,Rain,Minor
2024-03-24,MG Road,Road_8,74.2,19.1,1,94.3,244,52.8,92.8,3328,Haze,Minor
2022-11-03,Brigade Road,Road_2,82.2,21.6,0,88.0,110,63.6,92.9,3464,Rain,Minor
2023-02-08,Koramangala,Road_1,63.9,21.7,0,79.4,192,58.3,68.7,4612,Cloudy,Minor
2023-11-13,Electronic City,Road_7,44.7,26.7,0,50.0,134,38.0,81.1,1841,Haze,Minor
2022-11-13,Silk Board,Road_2,61.4,25.0,0,73.7,52,69.2,87.4,3381,Haze,Minor
2023-12-23,MG Road,Road_11,55.3,26.2,0,61.8,199,63.2,91.9,1165,Haze,Major
2022-07-15,Koramangala,Road_1,75.2,23.5,1,79.9,158,38.8,64.4,3576,Haze,Major
2024-07-10,MG Road,Road_3,74.4,22.6,0,94.8,208,62.5,87.2,2302,Haze,None
2024-06-21,Marathahalli,Road_5,53.8,24.6,0,60.8,78,45.1,85.5,3815,Haze,Major
2022-08-10,MG Road,Road_8,80.9,11.9,2,87.2,69,53.2,71.3,3222,Rain,Minor
2024-05-09,Electronic City,Road_12,74.9,17.4,0,83.0,90,64.2,63.6,1100,Rain,Minor
2022-01-02,Indiranagar,Road_5,54.6,20.3,1,57.0,144,44.6,79.5,1016,Cloudy,None
2023-03-03,Koramangala,Road_12,86.4,12.2,2,97.1,119,57.3,70.8,1134,Clear,None
2022-02-03,Electronic City,Road_2,94.5,10.8,2,93.9,181,35.4,76.2,3380,Cloudy,None
2022-05-21,Whitefield,Road_3,71.1,20.6,2,86.0,63,61.1,86.3,4130,Haze,Major
2022-03-04,Brigade Road,Road_9,84.2,8.6,2,83.6,157,37.0,72.1,1590,Rain,None
2022-08-10,Silk Board,Road_8,75.3,19.4,0,81.0,55,63.0,73.9,2847,Cloudy,None
2022-07-28,MG Road,Road_5,67.9,23.6,0,79.7,69,49.6,82.7,1937,Haze,Minor
2022-08-22,Indiranagar,Road_7,53.1,21.1,1,62.0,132,62.2,90.9,2046,Haze,None
2023-08-26,Koramangala,Road_4,65.3,18.3,1,68.8,166,45.3,91.9,1290,Clear,Minor
2022-05-23,Marathahalli,Road_9,60.5,26.0,0,67.9,154,48.2,88.6,2216,Cloudy,Minor
2024-03-01,MG Road,Road_7,84.6,16.6,0,89.7,193,57.1,64.7,3008,Cloudy,None
2023-10-30,Whitefield,Road_4,63.9,25.8,0,72.4,118,51.1,86.8,570,Cloudy,None
2023-09-06,Electronic City,Road_12,72.2,21.7,0,94.2,166,65.1,87.2,648,Rain,None
2022-05-23,Silk Board,Road_13,50.1,27.7,0,54.9,195,32.2,79.5,4434,Rain,Minor
2022-06-20,Whitefield,Road_15,52.4,33.5,0,55.2,181,71.8,92.2,2902,Haze,Major
2023-11-20,Whitefield,Road_9,67.4,24.3,0,76.7,158,72.9,89.6,2168,Haze,None
2022-11-26,Brigade Road,Road_9,63.6,27.0,1,66.7,88,69.2,65.6,2115,Cloudy,Minor
2022-12-25,Koramangala,Road_8,80.1,19.0,0,80.8,176,72.0,70.1,1073,Cloudy,Minor
2024-06-19,Koramangala,Road_16,71.4,18.7,0,69.8,163,54.1,75.0,2467,Haze,Minor
2023-08-17,Indiranagar,Road_12,79.8,17.5,0,93.8,98,33.5,87.5,671,Clear,Minor
2024-05-10,Koramangala,Road_10,60.7,24.1,0,63.3,225,41.9,83.8,2423,Clear,Minor
2024-05-15,Koramangala,Road_9,60.6,22.7,1,63.6,217,38.1,82.8,4099,Cloudy,None
2023-03-14,Electronic City,Road_2,78.5,22.9,2,100.0,187,70.2,75.9,3927,Cloudy,Minor
2022-09-24,MG Road,Road_4,44.3,28.6,0,50.0,131,40.9,85.4,2075,Rain,Major
2024-01-23,Marathahalli,Road_16,72.1,20.4,1,79.3,79,52.8,70.0,4925,Rain,Major
2022-05-27,Brigade Road,Road_11,80.6,17.6,1,85.0,243,71.6,66.3,3004,Clear,None
2023-02-28,Silk Board,Road_16,71.1,23.6,0,80.5,69,54.8,80.1,2137,Rain,Major
2024-08-10,Silk Board,Road_3,74.6,18.0,0,76.2,215,60.5,75.6,2066,Clear,Minor
2022-09-17,Indiranagar,Road_14,62.4,23.5,0,64.8,152,68.0,73.6,2278,Clear,Minor
2023-05-29,Koramangala,Road_14,82.0,19.0,0,91.5,214,68.0,65.2,4854,Haze,Minor
2022-06-17,Koramangala,Road_13,93.5,8.2,1,96.2,203,32.8,73.8,893,Haze,Minor
2022-02-02,MG Road,Road_13,75.6,16.2,1,76.9,156,33.5,86.2,1474,Haze,Minor
2022-11-16,Brigade Road,Road_7,65.5,15.7,1,73.8,188,49.1,73.6,1206,Clear,None
2022-12-31,MG Road,Road_7,68.8,21.5,1,65.8,55,65.4,76.9,3668,Haze,Minor
2023-04-24,MG Road,Road_10,69.0,27.4,0,75.9,167,74.4,69.1,4260,Clear,Major
2023-10-24,Koramangala,Road_14,66.5,20.6,0,69.7,199,57.3,63.9,2494,Cloudy,None
2023-05-09,Silk Board,Road_2,56.5,25.5,0,75.2,123,45.8,64.2,4684,Clear,Minor
2023-10-31,Indiranagar,Road_14,66.6,14.8,0,59.7,125,51.1,63.8,4890,Haze,Major
2022-06-26,Electronic City,Road_16,54.2,24.7,1,69.5,205,67.4,65.1,643,Rain,Minor
2022-08-22,Whitefield,Road_8,63.0,21.6,0,73.7,104,72.4,80.7,1870,Cloudy,Major
2022-01-25,Brigade Road,Road_6,72.9,19.4,0,72.1,50,59.7,65.1,3824,Cloudy,Major
2022-01-16,Koramangala,Road_4,52.1,34.8,0,66.4,234,49.7,75.0,4971,Haze,None
2022-03-01,MG Road,Road_11,83.4,25.8,0,95.5,147,67.3,72.3,2531,Cloudy,Major
2024-01-01,Electronic City,Road_6,74.9,15.6,0,75.6,156,47.2,61.2,4017,Haze,None
2022-01-07,Brigade Road,Road_7,51.5,32.4,0,80.7,193,66.0,64.4,3876,Rain,Minor
2022-02-20,Indiranagar,Road_16,85.9,15.2,3,97.6,196,54.3,73.5,1330,Haze,Major
2024-08-16,MG Road,Road_15,51.3,21.5,0,55.3,89,59.4,88.0,1071,Rain,Major
2022-04-22,Marathahalli,Road_3,76.6,15.2,0,66.7,178,61.5,60.2,4216,Haze,None
2024-03-22,Silk Board,Road_13,67.3,22.1,0,62.9,130,41.2,85.8,2109,Haze,Minor
2023-09-25,Electronic City,Road_4,76.9,18.6,1,91.3,190,31.0,67.2,654,Rain,Major
2022-03-18,Koramangala,Road_3,74.4,10.4,0,73.3,107,40.3,94.7,753,Clear,None
2023-03-28,MG Road,Road_3,69.4,26.9,1,62.4,246,50.9,92.5,4815,Clear,None
2022-04-14,Silk Board,Road_3,72.4,15.8,0,74.9,169,63.9,69.9,1563,Haze,Major
2022-12-07,Koramangala,Road_1,92.0,11.7,0,100.0,245,30.0,78.7,4225,Cloudy,None
2022-11-18,MG Road,Road_7,67.7,24.3,1,71.2,134,45.8,77.3,3461,Rain,None
2022-06-30,MG Road,Road_4,61.5,22.5,0,59.2,181,60.0,82.9,2995,Clear,None
2022-02-21,MG Road,Road_10,67.9,9.1,0,66.3,120,50.6,79.3,3829,Cloudy,Minor
2023-12-20,Silk Board,Road_6,50.4,22.2,0,65.0,126,35.9,70.9,1015,Haze,Major
2023-12-04,Indiranagar,Road_3,77.1,18.2,0,89.1,109,36.3,86.7,3027,Clear,Minor
2022-08-26,Electronic City,Road_1,86.9,12.9,2,94.6,83,37.4,67.9,2125,Cloudy,Minor
2022-04-05,Silk Board,Road_4,68.2,19.2,0,78.8,152,43.5,81.8,3443,Haze,Major
2023-08-19,Koramangala,Road_4,81.6,11.7,2,89.9,54,74.9,68.4,516,Rain,Major
2022-07-01,Silk Board,Road_11,59.1,22.9,2,55.4,230,38.7,60.4,4702,Rain,Major
2022-08-07,Electronic City,Road_6,75.1,21.2,4,77.1,51,37.9,65.3,4745,Cloudy,None
2023-04-24,MG Road,Road_10,71.5,23.5,0,83.5,186,44.5,71.6,2424,Haze,Minor
2022-07-08,Indiranagar,Road_2,72.4,18.0,2,79.8,133,33.0,77.8,1647,Cloudy,None
2023-02-06,Brigade Road,Road_8,60.8,19.0,0,84.1,141,31.9,64.1,1845,Clear,None
2022-02-26,Indiranagar,Road_14,65.0,15.3,2,75.2,103,70.0,85.6,3823,Haze,Major
2022-06-22,Koramangala,Road_13,66.9,27.6,0,65.2,161,37.6,60.8,748,Rain,Minor
2022-12-30,Brigade Road,Road_9,56.8,22.6,0,59.5,165,31.2,77.9,3355,Cloudy,None
2022-12-20,MG Road,Road_11,67.5,16.8,3,68.7,237,40.0,60.9,1989,Cloudy,None
2022-08-27,Electronic City,Road_10,65.9,20.9,4,82.1,147,57.4,67.4,2260,Clear,None
2022-04-14,Koramangala,Road_8,65.5,24.5,0,77.0,122,57.3,64.1,2260,Clear,Major
2022-08-14,MG Road,Road_5,76.5,16.0,0,77.8,69,47.9,68.5,4464,Rain,Minor
2024-02-07,Marathahalli,Road_7,89.5,16.4,1,96.0,208,51.7,66.2,2255,Haze,Minor
2023-02-23,Brigade Road,Road_14,85.5,17.2,2,98.7,110,35.3,87.3,1969,Clear,None
2022-02-01,Whitefield,Road_7,74.7,19.1,1,76.8,216,32.8,74.5,3010,Cloudy,None
2023-05-29,Whitefield,Road_5,52.7,28.6,0,61.5,243,51.7,61.9,3127,Clear,Minor
2023-10-28,Electronic City,Road_10,61.8,32.4,0,75.4,103,36.6,68.6,3542,Cloudy,Major
2022-02-19,Silk Board,Road_12,70.2,18.5,1,81.7,153,72.7,72.2,3901,Cloudy,None
2024-06-09,MG Road,Road_5,71.0,20.7,0,69.7,79,53.5,94.7,4566,Clear,None
2024-03-01,MG Road,Road_9,60.1,24.4,0,80.9,154,34.3,84.7,2417,Haze,Major
2023-09-20,Marathahalli,Road_5,85.9,17.6,1,90.9,163,42.2,88.6,2449,Rain,Major
2023-12-22,Whitefield,Road_6,69.4,17.7,1,68.9,59,55.8,81.3,2372,Haze,Major
2023-06-09,Indiranagar,Road_9,68.5,14.5,1,81.7,94,56.9,87.5,2566,Clear,Minor
2024-05-23,Koramangala,Road_16,94.0,8.0,3,100.0,220,37.4,69.3,4899,Cloudy,None
2022-05-18,Silk Board,Road_13,82.1,17.8,1,76.9,246,32.7,93.9,4277,Haze,Major
2023-05-24,Indiranagar,Road_7,51.9,25.4,0,69.4,178,65.7,73.2,807,Rain,Major
2022-12-11,Brigade Road,Road_12,64.4,17.9,1,68.4,134,73.2,83.8,2266,Cloudy,Major
2023-01-30,MG Road,Road_14,59.3,19.7,0,74.7,116,59.7,82.4,1740,Cloudy,Minor
2023-02-19,Brigade Road,Road_16,76.6,15.7,1,83.9,144,58.9,64.4,3068,Haze,Major
2022-11-08,Electronic City,Road_16,69.5,23.8,1,70.4,243,40.0,67.0,2402,Haze,Minor
2023-10-08,Marathahalli,Road_1,71.0,15.2,2,83.8,243,69.2,64.5,4166,Clear,Minor
2022-01-09,Brigade Road,Road_8,62.7,20.9,0,52.0,101,32.1,81.5,4966,Haze,Major
2022-04-03,Marathahalli,Road_5,79.3,17.2,2,82.5,228,39.7,60.2,1302,Rain,None
2022-05-16,MG Road,Road_9,68.8,19.7,0,63.5,61,65.8,81.8,1535,Haze,Major
2024-08-15,Brigade Road,Road_2,62.1,23.6,0,64.4,141,45.0,66.5,3156,Haze,None
2023-08-07,Electronic City,Road_16,58.7,21.7,0,50.0,89,65.2,70.6,2355,Haze,Minor
2022-12-29,Marathahalli,Road_15,84.4,19.3,1,89.2,175,54.8,94.8,3551,Rain,Minor
2023-05-31,Whitefield,Road_4,67.1,20.5,0,62.5,119,44.6,65.9,3749,Haze,Minor
2022-11-08,Silk Board,Road_6,79.2,13.9,1,85.0,128,38.6,71.6,1993,Clear,Minor
2022-08-22,Whitefield,Road_9,79.5,27.7,0,93.1,170,35.5,87.1,2846,Rain,None
2024-07-01,Marathahalli,Road_8,62.8,22.4,1,79.8,238,59.2,65.3,1032,Cloudy,Major
2023-08-12,Whitefield,Road_4,43.2,25.9,0,50.1,183,68.2,94.7,3864,Haze,Minor
2024-01-13,MG Road,Road_11,66.9,23.1,0,61.4,53,64.1,89.2,907,Haze,Major
2022-12-23,Marathahalli,Road_7,60.9,19.5,0,65.1,151,62.1,79.4,3334,Haze,Major
2023-10-22,Koramangala,Road_14,85.5,17.6,3,96.9,138,69.0,92.9,2272,Rain,Major
2023-02-08,Koramangala,Road_1,54.1,27.5,0,61.3,108,58.0,83.2,3450,Clear,Minor
2023-11-02,MG Road,Road_6,81.0,25.3,2,87.6,120,49.5,89.5,1852,Clear,None
2023-01-19,Marathahalli,Road_4,63.4,18.7,0,73.1,152,55.2,68.3,3664,Clear,None
2024-06-10,Whitefield,Road_11,63.1,23.4,1,69.1,137,32.2,73.7,3348,Clear,None
2022-11-01,Marathahalli,Road_2,66.0,21.1,1,64.8,95,43.9,81.3,661,Rain,Major
2023-11-08,Electronic City,Road_2,87.7,15.1,3,95.3,190,66.3,94.9,662,Haze,Major
2024-03-23,Whitefield,Road_1,75.8,19.3,0,78.0,122,30.4,68.1,2355,Haze,None
2024-02-13,Brigade Road,Road_7,78.7,17.6,1,79.1,218,52.9,64.0,4554,Cloudy,None
2023-08-10,Silk Board,Road_1,80.2,16.8,1,97.7,112,52.1,77.1,1602,Cloudy,None
2023-05-18,Silk Board,Road_6,63.8,22.3,0,71.4,87,68.8,75.8,1350,Haze,None
2023-02-27,Electronic City,Road_14,67.9,22.6,0,81.1,90,49.1,91.3,2114,Cloudy,Major
2022-04-13,Whitefield,Road_9,62.9,26.6,1,66.0,105,38.8,76.7,3609,Rain,Minor
2023-07-02,Marathahalli,Road_1,46.4,29.6,0,50.0,163,70.2,91.0,4635,Cloudy,Minor
2022-10-05,Koramangala,Road_3,76.8,10.5,1,96.5,200,61.0,82.7,2946,Cloudy,Major
2024-06-18,Indiranagar,Road_2,63.2,28.4,0,60.9,126,30.6,90.6,3535,Rain,None
2023-04-25,Brigade Road,Road_16,62.9,19.7,0,77.0,175,64.0,77.7,2500,Rain,Major
2023-10-03,Brigade Road,Road_13,71.4,25.0,0,73.1,112,68.2,79.4,3145,Clear,Minor
2023-06-27,Brigade Road,Road_8,67.8,27.5,0,80.2,202,70.2,86.9,2521,Rain,Minor
2022-07-18,Silk Board,Road_9,56.8,23.3,1,68.3,219,70.7,87.6,2506,Haze,Major
2024-03-08,Marathahalli,Road_14,69.6,20.6,0,61.0,244,37.1,92.5,3176,Clear,Minor
2023-04-10,Brigade Road,Road_6,64.5,26.6,0,84.9,64,66.0,88.7,1520,Clear,None
2022-09-05,Whitefield,Road_1,65.6,26.5,0,64.3,136,73.7,91.8,4802,Cloudy,None
2024-02-14,Whitefield,Road_3,81.1,9.1,1,78.2,213,40.0,85.4,4272,Rain,None
2024-03-17,Indiranagar,Road_9,71.1,18.6,0,84.3,122,41.2,76.3,1716,Cloudy,Major
2023-10-13,Silk Board,Road_5,58.3,21.8,2,65.8,128,70.2,75.7,3352,Cloudy,Major
2023-11-16,Silk Board,Road_16,67.9,26.0,0,73.1,209,66.9,84.6,873,Clear,None
2022-12-31,Silk Board,Road_15,64.6,29.8,0,56.2,153,63.9,73.7,3790,Rain,Major
2024-04-28,Koramangala,Road_4,58.5,33.0,1,74.1,145,44.0,79.3,2804,Haze,Major
2024-04-08,Silk Board,Road_9,61.4,25.2,2,68.9,208,67.6,93.3,1865,Cloudy,Major
2022-06-25,Koramangala,Road_7,72.1,27.2,0,77.0,61,36.9,67.2,2272,Haze,Minor
2023-02-24,Electronic City,Road_10,47.2,29.3,0,62.2,161,62.4,84.2,3847,Haze,Minor
2024-01-21,Indiranagar,Road_10,72.3,17.9,0,76.3,142,56.1,77.5,1662,Clear,Major
2022-12-28,Whitefield,Road_10,86.5,20.3,0,93.8,119,38.5,77.3,2736,Rain,Minor
2024-08-10,Electronic City,Road_15,75.5,21.3,1,80.3,181,53.8,63.2,2664,Clear,Minor
2024-08-09,Brigade Road,Road_10,83.9,16.3,1,97.1,80,73.6,75.4,3637,Cloudy,Minor
2022-04-18,Electronic City,Road_4,64.6,19.2,0,84.7,130,42.3,76.7,1135,Rain,None
2023-06-09,Electronic City,Road_6,76.2,11.7,0,84.4,117,43.1,90.3,4557,Clear,Major
2023-06-07,Koramangala,Road_14,99.0,10.0,3,100.0,163,38.0,82.5,673,Haze,Minor
2024-03-14,Marathahalli,Road_14,80.1,21.4,2,81.2,109,32.3,74.1,4593,Haze,Major
2023-10-17,Marathahalli,Road_12,93.1,16.3,4,93.1,220,54.9,86.4,1589,Cloudy,Major
2024-03-15,MG Road,Road_4,68.7,14.5,1,90.6,219,66.8,76.1,2968,Rain,None
2023-12-21,Indiranagar,Road_8,57.8,22.6,1,70.3,217,49.7,85.8,4626,Haze,None
2024-01-31,Indiranagar,Road_3,74.5,13.6,2,77.3,80,56.9,78.9,4713,Cloudy,Major
2023-03-18,Brigade Road,Road_14,68.7,14.4,2,80.8,195,65.7,78.2,4946,Clear,Major
2022-11-08,Whitefield,Road_10,76.1,20.9,2,81.6,157,68.3,93.4,1930,Clear,Minor
2024-01-04,Marathahalli,Road_16,83.1,14.7,2,91.0,52,39.1,66.9,2611,Rain,Minor
2023-07-17,Brigade Road,Road_11,69.3,22.0,0,73.1,168,40.7,71.5,4188,Rain,Minor
2022-04-06,Silk Board,Road_10,69.6,28.3,1,70.6,132,30.7,91.8,4097,Haze,Major
2023-03-16,Indiranagar,Road_13,58.7,30.7,0,58.9,149,33.5,84.2,1411,Haze,Minor
2022-08-15,Brigade Road,Road_14,69.3,23.8,4,78.4,218,61.0,66.1,4982,Cloudy,Major
2023-03-09,Electronic City,Road_16,89.7,16.7,2,100.0,121,45.3,73.0,950,Rain,Major
2023-01-09,Electronic City,Road_7,74.8,26.9,0,79.0,169,55.2,93.5,3884,Cloudy,Minor
2022-09-25,Silk Board,Road_10,59.7,27.3,0,60.9,210,46.7,61.2,2404,Cloudy,None
2022-07-17,Koramangala,Road_13,68.2,27.6,1,67.6,146,53.8,80.2,4693,Cloudy,Major
2022-11-19,MG Road,Road_7,85.3,20.3,1,89.4,243,40.5,81.7,1376,Haze,None
2024-03-20,Silk Board,Road_1,57.6,23.3,1,59.0,62,57.0,70.6,3153,Rain,None
2022-11-25,Electronic City,Road_7,71.6,19.9,3,77.4,168,34.2,92.7,3078,Cloudy,Major
2023-05-17,Marathahalli,Road_3,70.2,21.4,0,67.5,242,73.6,80.0,2457,Rain,Minor
2024-04-20,MG Road,Road_1,74.4,16.3,2,83.2,177,37.6,75.2,1051,Haze,None
2022-05-14,Koramangala,Road_10,57.1,18.0,0,53.7,231,34.5,61.7,2106,Cloudy,Major
2023-01-27,Marathahalli,Road_7,52.4,24.5,0,61.2,188,70.2,85.8,2503,Haze,None
2023-10-30,Marathahalli,Road_11,63.8,24.6,0,60.5,76,70.4,85.8,1508,Haze,None
2022-10-28,Brigade Road,Road_13,70.6,20.4,1,75.9,51,64.7,62.9,922,Haze,Minor
2022-09-09,MG Road,Road_14,73.7,15.4,2,74.0,198,39.7,75.5,3685,Clear,Minor
2023-01-18,Indiranagar,Road_14,82.3,16.7,3,79.4,213,61.4,73.0,1162,Haze,Major
2024-05-17,Whitefield,Road_4,70.0,25.7,1,78.8,178,60.8,81.8,515,Cloudy,Major
2024-05-24,MG Road,Road_1,72.9,21.1,1,70.1,73,55.8,72.8,1701,Haze,Minor
2024-08-10,MG Road,Road_10,70.6,18.0,1,78.8,181,43.5,92.8,1554,Rain,Major
2022-05-16,Indiranagar,Road_9,75.4,21.0,1,77.5,219,51.1,87.5,713,Cloudy,Major
2023-11-04,Koramangala,Road_14,75.2,16.2,0,72.7,104,44.0,63.3,4928,Haze,None
2024-04-28,Silk Board,Road_8,71.5,16.1,2,73.8,60,34.6,92.5,4595,Clear,Minor
2022-06-13,Brigade Road,Road_15,67.4,21.5,0,71.5,174,71.6,93.5,544,Haze,None
2023-08-31,Silk Board,Road_11,65.8,26.9,1,78.2,115,44.1,70.5,3287,Cloudy,None
2022-03-19,Marathahalli,Road_13,70.4,22.4,1,71.5,242,39.5,63.4,3779,Cloudy,None
2024-05-26,Whitefield,Road_15,89.1,17.1,6,100.0,194,31.7,63.0,2761,Rain,None
2023-12-13,MG Road,Road_5,66.5,23.1,1,65.9,60,67.8,65.1,3493,Rain,Minor
2024-06-11,Marathahalli,Road_12,53.8,25.3,0,62.9,55,36.5,69.4,3495,Haze,Major
2023-07-19,Indiranagar,Road_16,39.9,40.8,0,56.0,114,59.2,62.6,3338,Clear,Major
2024-01-17,Whitefield,Road_14,60.0,20.7,0,71.3,143,62.9,70.0,1881,Rain,Minor
2023-10-10,Koramangala,Road_8,93.4,14.1,1,96.8,235,38.9,69.7,3244,Cloudy,Minor
2023-11-24,Silk Board,Road_15,87.5,12.5,3,86.1,134,73.9,60.4,3813,Rain,None
2024-07-28,Silk Board,Road_6,83.1,18.2,1,83.7,107,36.5,81.4,4394,Cloudy,None
2023-12-20,Brigade Road,Road_6,99.0,17.3,3,100.0,212,67.7,88.5,705,Haze,None
2024-06-23,Marathahalli,Road_11,67.7,22.9,2,63.2,197,62.5,65.1,1489,Haze,None
2024-03-14,Whitefield,Road_6,68.4,24.2,1,75.9,219,33.7,63.9,3252,Haze,Major
2022-09-11,Brigade Road,Road_6,70.1,19.7,1,73.4,119,30.7,76.9,1667,Clear,Major
2022-04-20,MG Road,Road_15,99.0,8.4,1,100.0,168,34.0,80.2,4786,Rain,Major
2024-04-06,Brigade Road,Road_3,86.7,12.2,2,97.3,177,64.5,90.5,2545,Haze,Minor
2023-11-29,Indiranagar,Road_13,64.1,28.7,1,68.0,233,54.5,94.0,2578,Clear,Minor
2022-03-30,Marathahalli,Road_10,79.7,18.7,1,80.7,53,61.0,66.3,4422,Cloudy,None
2022-06-27,Brigade Road,Road_12,75.6,20.7,2,76.2,160,40.1,85.3,4450,Haze,Minor
2023-12-21,Indiranagar,Road_3,75.5,11.2,2,98.1,198,36.2,85.9,1230,Cloudy,None
2023-12-18,Whitefield,Road_2,68.9,19.5,2,83.1,110,72.2,88.6,2951,Haze,Minor
2023-02-13,Electronic City,Road_8,74.6,24.7,0,71.9,241,69.6,92.5,2803,Haze,None
2024-05-01,Whitefield,Road_15,75.7,19.8,1,86.2,122,39.2,88.1,1514,Haze,None
2023-12-05,Brigade Road,Road_8,83.5,20.0,2,89.7,88,33.9,86.8,2126,Clear,None
2022-01-06,Brigade Road,Road_14,61.8,20.4,0,50.0,151,48.7,90.2,1004,Clear,Major
2023-02-10,Indiranagar,Road_8,68.4,21.6,1,73.0,161,51.7,64.1,1260,Haze,Major
2022-02-25,Marathahalli,Road_6,76.0,26.0,0,75.0,116,53.3,60.2,3794,Haze,Minor
2024-02-21,Whitefield,Road_1,69.1,16.6,0,88.5,235,50.3,86.6,1005,Haze,None
2022-12-08,Marathahalli,Road_4,78.3,18.3,2,74.8,211,34.4,75.4,4316,Clear,Major
2024-01-09,Brigade Road,Road_7,80.9,22.1,2,90.1,163,53.7,61.7,2247,Clear,Minor
2022-11-18,Electronic City,Road_15,82.8,22.3,0,92.2,248,41.1,64.8,2482,Haze,Minor
2024-05-01,Indiranagar,Road_12,64.9,18.6,1,62.1,187,40.9,76.6,3291,Clear,None
2022-10-24,Silk Board,Road_3,75.6,16.8,0,77.5,188,54.4,70.4,513,Cloudy,Minor
2023-01-24,Marathahalli,Road_15,79.2,16.6,3,76.8,223,30.5,86.8,3110,Clear,None
2024-01-21,Indiranagar,Road_13,80.1,14.3,4,89.9,127,48.7,90.6,4306,Clear,None
2024-04-24,Indiranagar,Road_2,61.8,25.3,0,70.9,58,46.8,72.2,3902,Cloudy,Major
2022-04-09,Silk Board,Road_5,65.4,22.9,0,73.1,77,48.1,61.1,3261,Haze,None
2022-05-28,Silk Board,Road_13,61.1,22.2,0,56.1,99,47.2,68.3,601,Clear,None
2023-03-28,Silk Board,Road_7,80.6,11.7,1,96.7,181,34.3,91.6,4236,Cloudy,None
2024-04-07,Indiranagar,Road_9,65.7,23.5,1,75.9,61,38.0,87.9,917,Rain,None
2023-04-13,Indiranagar,Road_8,93.5,18.8,3,100.0,65,37.7,71.2,2160,Rain,Major
2022-01-09,Silk Board,Road_5,69.3,22.1,2,80.4,96,45.9,88.0,2315,Haze,None
2023-11-15,Silk Board,Road_8,77.2,23.4,0,78.7,198,70.2,81.2,3046,Rain,None
2022-11-11,Electronic City,Road_12,74.3,12.6,2,87.2,235,68.2,91.9,572,Clear,Minor
2022-11-29,Koramangala,Road_9,78.6,20.1,0,75.9,96,34.6,70.6,2063,Cloudy,Major
2024-04-16,Marathahalli,Road_8,74.1,20.1,1,77.0,84,43.7,88.5,1448,Haze,Major
2024-05-07,Electronic City,Road_16,71.6,11.4,0,91.3,237,70.6,86.5,4347,Rain,Major
2023-02-18,MG Road,Road_14,70.6,20.9,1,61.7,191,51.3,66.2,4988,Clear,Major
2022-01-09,MG Road,Road_3,49.9,25.8,0,57.9,209,67.0,63.5,2334,Clear,Minor
2022-06-10,Indiranagar,Road_10,73.9,22.5,4,75.2,228,68.6,90.4,1018,Haze,Minor
2024-04-24,MG Road,Road_16,82.5,16.0,2,93.8,90,67.3,88.4,3406,Rain,None
2023-08-31,Brigade Road,Road_8,71.9,19.9,1,72.4,54,55.4,85.0,3961,Cloudy,Major
2022-12-19,Indiranagar,Road_13,82.3,19.6,1,91.8,217,64.6,66.4,1160,Clear,Minor
2022-05-11,Electronic City,Road_6,90.7,12.9,5,98.7,177,47.6,86.0,2828,Clear,Major
2023-09-18,Electronic City,Road_2,59.1,33.4,0,78.4,216,46.5,94.7,1430,Cloudy,Major
2024-04-19,Marathahalli,Road_1,63.8,20.9,0,61.5,156,42.3,79.9,1482,Clear,None
2023-04-17,MG Road,Road_10,64.8,18.9,0,75.5,65,65.4,62.0,2393,Rain,Major
2023-08-15,Silk Board,Road_9,63.3,23.1,0,59.8,162,48.6,79.6,3292,Haze,Minor
2023-03-08,Indiranagar,Road_4,62.7,27.0,2,54.5,162,74.1,89.3,658,Haze,None
2024-02-02,Marathahalli,Road_10,75.7,16.0,1,90.6,209,46.5,77.8,2630,Clear,None
2023-09-17,Koramangala,Road_1,57.6,23.2,0,69.0,190,68.1,61.9,2217,Haze,Major
2023-04-27,Brigade Road,Road_5,62.3,26.0,0,55.1,58,65.6,81.0,2127,Haze,Minor
2022-02-07,Electronic City,Road_7,55.1,31.6,0,50.0,107,44.7,70.6,1975,Cloudy,Minor
2024-04-12,MG Road,Road_13,83.0,22.3,1,86.9,237,58.1,87.3,1693,Clear,Major
2023-09-13,Silk Board,Road_5,58.9,18.0,1,56.7,215,60.4,69.6,3295,Rain,Minor
2022-10-12,Brigade Road,Road_7,70.0,21.4,0,74.8,204,60.6,77.5,2434,Cloudy,None
2022-10-28,Whitefield,Road_12,73.9,18.9,2,77.6,231,71.1,83.6,675,Clear,Minor
2022-03-28,Whitefield,Road_12,47.1,24.6,0,58.7,106,70.1,93.7,774,Haze,Major
2023-07-13,Whitefield,Road_5,58.8,27.7,0,63.4,89,62.0,66.5,819,Rain,None
2022-09-25,MG Road,Road_3,74.5,17.1,0,99.9,111,30.9,72.8,2077,Clear,Major
2022-04-09,Indiranagar,Road_3,57.8,20.2,0,62.9,245,69.7,66.4,3292,Clear,Major
2023-05-02,Silk Board,Road_14,61.2,27.6,2,73.8,245,72.1,65.4,4743,Haze,Minor
2023-11-26,Electronic City,Road_16,88.9,21.7,2,100.0,210,33.5,94.3,1382,Rain,None
2023-07-20,Silk Board,Road_4,91.4,12.1,3,100.0,211,56.9,90.3,2849,Rain,Minor
2023-02-04,Silk Board,Road_6,62.1,18.4,0,68.6,235,57.4,71.4,3762,Rain,None
2024-04-15,Brigade Road,Road_15,65.7,26.2,1,66.3,113,60.7,60.1,1773,Cloudy,None
2022-01-15,Koramangala,Road_16,95.8,8.3,2,94.0,203,37.4,78.1,2958,Cloudy,Major
2022-03-26,Indiranagar,Road_7,53.7,23.1,0,55.9,135,70.2,85.8,906,Clear,Major
2022-01-06,Electronic City,Road_16,86.5,12.0,2,88.9,63,60.7,91.4,4477,Cloudy,Major
2024-04-09,Silk Board,Road_10,75.0,14.8,0,80.0,109,44.7,85.9,1781,Rain,Major
2022-02-05,Brigade Road,Road_11,75.0,15.6,2,82.2,50,39.7,81.5,1505,Clear,None
2022-09-12,Silk Board,Road_8,82.2,17.1,0,91.2,101,67.0,69.3,4143,Haze,Major
2022-10-08,Whitefield,Road_10,69.2,21.6,1,69.4,163,37.7,72.6,1583,Rain,None
2023-10-13,Indiranagar,Road_16,78.4,18.1,0,100.0,193,49.3,89.0,1251,Rain,None
2023-09-26,Indiranagar,Road_16,83.1,16.5,0,83.6,209,69.6,85.3,2271,Clear,None
2022-08-20,Indiranagar,Road_13,78.0,18.1,1,91.2,208,45.7,77.7,2743,Haze,Major
2022-10-28,Marathahalli,Road_14,83.8,22.6,1,97.2,142,51.6,92.3,2822,Rain,None
2023-06-17,Whitefield,Road_6,69.8,11.8,2,87.0,182,51.1,83.6,1351,Cloudy,Major
2022-02-22,MG Road,Road_4,64.5,22.2,1,63.4,90,40.0,74.1,1310,Cloudy,Minor
2022-07-08,Marathahalli,Road_15,64.7,25.4,1,72.0,154,34.4,67.5,652,Cloudy,Major
2022-04-07,Koramangala,Road_1,83.4,17.1,1,98.1,124,32.7,91.3,3683,Haze,Minor
2024-06-30,Koramangala,Road_5,57.3,27.5,0,61.2,184,56.7,93.5,2653,Rain,None
2022-06-19,Brigade Road,Road_14,74.9,23.2,1,76.4,246,57.1,94.9,885,Haze,Minor
2023-04-12,Silk Board,Road_3,61.0,23.7,0,58.1,103,34.0,81.8,3575,Rain,None
2023-09-02,Koramangala,Road_6,67.4,22.9,1,78.3,83,72.5,63.3,4791,Haze,Major
2023-04-18,Brigade Road,Road_13,72.8,19.6,2,80.6,71,40.2,78.9,4328,Haze,Major
2023-06-16,Koramangala,Road_7,98.8,10.0,3,90.8,247,55.9,90.3,3563,Rain,None
2023-10-11,Koramangala,Road_1,91.9,8.0,5,100.0,242,30.1,68.8,4162,Haze,Major
2023-12-23,Whitefield,Road_11,70.9,16.0,1,79.1,103,33.4,67.5,2576,Rain,Major
2022-03-24,Koramangala,Road_2,75.0,19.0,0,69.5,210,65.9,78.7,3413,Clear,Major
2023-04-09,Marathahalli,Road_5,67.1,28.6,0,69.1,62,60.0,69.7,3598,Cloudy,None
2024-08-17,MG Road,Road_11,59.6,24.8,0,66.7,55,39.8,79.8,2983,Clear,Minor
2023-05-06,Electronic City,Road_3,76.7,23.2,2,95.6,225,70.1,74.2,1871,Rain,None
2022-09-12,Marathahalli,Road_12,80.7,17.7,2,97.2,57,53.6,64.7,2424,Haze,Major
2024-06-03,MG Road,Road_12,78.9,15.7,1,93.7,145,45.6,60.1,2347,Rain,Major
2024-01-19,Koramangala,Road_3,80.0,12.3,0,96.3,150,64.1,89.9,4190,Rain,Major
2023-08-07,Indiranagar,Road_6,41.6,29.4,0,50.0,98,56.3,91.7,4853,Clear,Minor
2023-02-04,Koramangala,Road_3,89.3,13.0,1,84.6,209,32.8,82.2,1754,Cloudy,None
2022-06-08,Koramangala,Road_3,63.5,22.1,1,66.0,63,31.3,88.1,2342,Clear,None
2024-07-29,Marathahalli,Road_5,55.9,26.9,1,60.1,239,49.7,87.6,3589,Haze,Minor
2024-07-26,MG Road,Road_15,70.8,18.7,0,64.7,114,43.6,89.0,4708,Haze,Minor
2023-01-06,Brigade Road,Road_2,82.6,21.0,0,78.0,170,48.6,75.1,3429,Cloudy,Major
2022-10-17,Marathahalli,Road_12,46.1,24.5,0,50.0,63,30.8,90.1,4372,Haze,Major
2022-09-22,Whitefield,Road_16,59.3,23.7,2,66.5,96,37.7,84.3,4832,Haze,Major
2022-11-29,MG Road,Road_13,63.4,26.5,0,51.3,229,64.1,81.3,2914,Cloudy,None
2022-12-20,Silk Board,Road_3,76.9,21.4,1,78.8,156,52.4,78.9,3396,Rain,Major
2022-09-23,Whitefield,Road_9,89.2,17.9,1,98.9,180,53.0,73.5,2236,Haze,None
2023-04-17,Electronic City,Road_1,88.1,16.9,1,97.4,220,35.3,76.0,1704,Haze,None
2024-08-08,Indiranagar,Road_4,63.5,21.3,0,67.3,52,39.7,77.2,2727,Cloudy,None
2022-11-19,Whitefield,Road_16,77.4,18.6,3,76.2,116,60.9,61.6,832,Cloudy,None
2024-05-27,Indiranagar,Road_4,87.6,15.9,4,84.0,138,38.9,82.9,746,Clear,Minor
2024-04-27,Silk Board,Road_6,63.1,24.2,0,70.9,244,31.2,85.5,1123,Haze,Minor
2023-05-12,Whitefield,Road_8,80.3,16.7,1,74.2,125,35.0,88.0,3733,Clear,Minor
2024-08-10,MG Road,Road_15,73.0,19.3,0,91.5,170,72.7,84.3,4656,Cloudy,Major
2023-02-16,Marathahalli,Road_1,53.7,31.4,0,53.7,73,74.7,93.0,1360,Cloudy,Minor
2022-06-23,Brigade Road,Road_5,67.0,15.0,2,86.2,211,74.4,73.1,1688,Haze,None
2024-07-21,Electronic City,Road_14,74.8,18.1,1,91.5,71,40.4,93.3,4619,Haze,None
2024-04-30,Silk Board,Road_11,65.7,22.9,2,73.3,243,49.2,70.1,2122,Haze,Minor
2023-08-13,Silk Board,Road_6,75.1,23.6,1,87.6,216,45.4,83.9,3336,Clear,Major
2022-05-02,Koramangala,Road_14,89.3,10.4,1,83.2,85,67.8,93.2,3576,Haze,Minor
2023-06-30,Indiranagar,Road_15,63.5,28.6,0,68.5,185,42.0,82.5,3351,Rain,Major
2022-11-07,Koramangala,Road_1,52.3,26.6,0,55.5,213,63.3,63.1,1765,Cloudy,Minor
2024-04-08,Marathahalli,Road_6,80.3,16.4,1,89.0,160,33.5,93.4,2736,Clear,None
2022-04-09,Silk Board,Road_1,77.7,20.0,0,91.4,230,59.0,68.8,3850,Cloudy,Major
2022-07-20,Koramangala,Road_4,73.2,19.7,0,80.1,89,38.0,79.9,3063,Cloudy,None
2022-05-04,Koramangala,Road_7,84.8,15.2,1,86.2,227,55.6,81.8,3323,Haze,Minor
2024-02-08,Whitefield,Road_5,66.0,19.1,0,82.4,150,61.3,84.5,1839,Haze,Minor
2022-04-02,Electronic City,Road_9,55.7,20.8,0,60.9,175,31.5,67.3,1581,Cloudy,None
2022-09-09,Indiranagar,Road_11,66.0,26.9,1,77.3,239,73.5,63.8,1438,Rain,Minor
2024-06-14,Silk Board,Road_8,57.5,23.2,1,73.1,165,46.5,67.9,4716,Clear,Major
2024-07-10,Indiranagar,Road_15,61.7,27.5,0,77.5,190,49.8,85.1,2086,Clear,None
2023-10-05,Indiranagar,Road_9,70.6,26.3,2,81.4,92,72.7,82.6,3515,Haze,Minor
2024-02-09,Brigade Road,Road_5,94.2,15.5,3,99.3,71,68.5,68.2,1672,Rain,None
2022-01-23,Silk Board,Road_9,59.5,22.6,0,53.6,65,65.9,82.2,4594,Rain,None
2024-05-14,Whitefield,Road_3,67.4,23.9,0,79.6,161,49.1,93.6,3695,Rain,Major
2023-05-12,Electronic City,Road_12,81.4,11.7,0,86.1,203,46.6,72.2,648,Haze,Minor
2024-03-07,Koramangala,Road_4,68.8,19.7,0,67.5,93,44.4,83.4,2545,Haze,Minor
2024-03-09,Indiranagar,Road_2,44.0,30.7,0,58.4,119,61.3,90.1,1893,Haze,Major
2022-10-28,Marathahalli,Road_6,71.1,20.1,0,77.5,236,37.8,61.1,4886,Rain,Major
2022-01-07,Marathahalli,Road_5,75.2,23.6,2,78.5,128,46.5,81.4,2097,Rain,Major
2023-10-31,Koramangala,Road_3,90.3,11.3,4,97.8,56,74.9,92.5,1418,Clear,Major
2023-10-05,Marathahalli,Road_5,72.3,19.0,3,75.2,240,50.5,60.9,3237,Haze,Major
2022-07-11,Whitefield,Road_11,74.9,21.0,1,92.3,112,54.8,72.8,4747,Haze,None
2024-04-01,MG Road,Road_16,55.0,30.3,0,63.5,193,35.0,68.0,2855,Clear,Major
2023-04-12,Electronic City,Road_10,82.0,15.7,0,79.7,116,73.2,66.3,4586,Clear,None
2024-05-10,Electronic City,Road_10,63.9,21.9,1,62.0,78,72.0,87.7,4000,Clear,Minor
2022-03-07,Electronic City,Road_5,86.3,11.6,2,83.2,163,63.3,76.4,4652,Haze,None
2022-12-15,Brigade Road,Road_1,82.4,13.0,1,80.0,77,32.4,94.6,1241,Haze,Minor
2023-07-07,Electronic City,Road_12,85.3,11.6,0,89.8,142,55.1,70.8,1612,Cloudy,Major
2022-10-15,Silk Board,Road_10,59.2,24.3,0,54.1,156,63.2,77.6,2818,Clear,Minor
2023-11-10,Indiranagar,Road_9,75.6,20.8,1,82.0,206,53.3,78.0,1575,Clear,Major
2024-04-22,Marathahalli,Road_7,80.1,19.0,0,85.9,137,36.2,89.9,3414,Clear,Minor
2024-08-02,Electronic City,Road_2,99.0,14.0,1,93.7,69,69.6,90.4,2971,Clear,None
2023-12-26,Electronic City,Road_5,76.3,20.8,1,86.6,117,61.6,76.1,1940,Clear,None
2022-05-16,Koramangala,Road_9,94.9,12.3,2,86.8,226,32.0,93.3,4816,Haze,None
2024-05-27,Electronic City,Road_11,80.7,19.1,2,99.7,84,42.3,64.4,1291,Clear,Major
2023-10-19,Brigade Road,Road_11,84.2,11.7,1,76.8,196,60.4,76.2,3769,Rain,Minor
2022-12-14,Whitefield,Road_1,71.9,22.4,1,78.7,150,37.2,93.7,1591,Clear,Major
2022-07-02,Electronic City,Road_12,87.7,8.0,3,100.0,234,73.0,84.7,4819,Rain,Major
2023-11-14,Marathahalli,Road_15,56.0,31.8,0,50.0,242,48.6,71.8,3739,Haze,None
2022-07-12,Silk Board,Road_4,99.0,15.6,3,100.0,64,57.3,92.6,1664,Haze,Major
2024-07-07,Brigade Road,Road_12,85.7,14.2,1,88.6,116,60.4,71.2,968,Clear,Minor
2022-02-08,Marathahalli,Road_6,61.4,24.7,1,62.7,234,42.4,91.2,2718,Cloudy,Major
2023-02-10,Marathahalli,Road_7,56.8,20.9,1,61.0,202,69.9,76.2,4625,Rain,Minor
2023-02-07,Indiranagar,Road_16,69.9,24.1,0,77.6,104,70.1,82.7,3391,Rain,Minor
2023-05-29,Koramangala,Road_14,80.6,23.8,2,83.0,83,33.9,76.1,3076,Rain,None
2022-12-24,Koramangala,Road_10,72.2,14.4,2,88.8,54,42.4,74.6,824,Rain,Minor
2022-11-15,MG Road,Road_9,74.9,17.1,2,76.5,163,43.7,73.6,2935,Haze,None
2022-05-28,Electronic City,Road_4,73.7,13.3,2,74.8,113,49.6,64.8,3563,Rain,Major
2024-04-08,Silk Board,Road_12,63.5,24.2,0,77.1,171,35.6,64.4,938,Clear,None
2022-08-07,MG Road,Road_14,80.7,10.2,0,81.2,55,71.4,77.0,2571,Cloudy,Minor
2023-12-16,MG Road,Road_5,59.8,23.0,0,71.5,230,50.3,63.7,629,Clear,Minor
2024-01-06,Whitefield,Road_5,45.1,26.4,0,50.0,219,65.7,91.3,3721,Clear,Major
2022-12-03,MG Road,Road_6,76.2,15.2,0,79.1,100,64.2,84.3,3940,Haze,Major
2022-09-22,Whitefield,Road_16,70.4,15.0,0,71.8,210,65.2,89.0,2806,Haze,Minor
2022-11-23,Indiranagar,Road_12,64.3,20.5,1,74.7,122,72.6,81.7,2796,Haze,Minor
2022-12-27,Marathahalli,Road_8,45.6,27.4,0,50.0,136,41.5,85.2,992,Rain,Major
2023-03-31,Koramangala,Road_16,94.2,21.0,0,100.0,100,50.1,87.8,4829,Rain,Major
2023-06-11,Koramangala,Road_13,48.8,25.9,0,57.0,202,35.4,81.4,3944,Cloudy,Minor
2022-03-23,Koramangala,Road_9,68.1,26.2,0,80.1,146,32.8,76.9,1660,Cloudy,Major
2022-03-28,Koramangala,Road_14,57.5,26.0,0,56.1,234,70.5,70.2,4139,Clear,None
2023-09-12,MG Road,Road_7,64.7,17.4,1,84.9,226,70.2,92.5,1226,Rain,Minor
2023-04-09,Whitefield,Road_16,80.7,10.4,0,95.4,97,33.9,67.4,4291,Clear,Minor
2023-08-22,MG Road,Road_5,69.3,20.0,0,65.3,52,74.0,83.7,906,Clear,None
2024-05-15,Marathahalli,Road_14,80.7,18.8,2,87.5,138,32.3,62.9,1950,Clear,Minor
2022-11-12,Whitefield,Road_1,87.4,11.0,2,91.1,205,75.0,87.9,4282,Cloudy,Major
2023-11-11,Brigade Road,Road_12,63.7,13.5,0,71.9,169,38.0,89.6,1982,Rain,Major
2023-12-16,Silk Board,Road_6,69.5,24.1,1,87.2,97,42.6,60.9,1414,Haze,Minor
2022-11-26,Whitefield,Road_1,88.9,13.6,2,90.5,113,65.1,84.4,3301,Clear,Minor
2023-04-08,Indiranagar,Road_12,70.8,17.5,0,87.6,182,35.0,60.8,3722,Clear,None
2022-01-20,Koramangala,Road_6,75.9,19.3,2,88.3,96,49.4,72.7,2375,Clear,Minor
2022-04-07,Indiranagar,Road_11,55.5,34.7,0,51.0,178,73.4,70.3,3625,Haze,None
2023-04-17,MG Road,Road_12,88.3,14.0,1,91.3,105,33.9,94.4,2466,Rain,None
2022-05-14,Silk Board,Road_9,84.4,11.0,2,75.7,183,71.0,63.9,1648,Rain,Major
2024-06-02,Marathahalli,Road_5,50.3,27.3,0,56.0,87,57.4,72.5,1720,Cloudy,Minor
2024-04-08,Indiranagar,Road_7,80.3,19.8,2,87.2,209,56.2,65.2,3844,Haze,Major
2022-06-19,Electronic City,Road_10,62.1,27.2,1,63.8,237,59.5,73.0,953,Haze,Minor
2024-07-02,Whitefield,Road_6,74.9,14.7,0,88.0,143,50.7,79.1,4845,Clear,Minor
2023-05-25,Koramangala,Road_14,72.7,24.5,0,77.5,76,47.7,65.5,3453,Cloudy,Major
2023-09-15,Marathahalli,Road_7,82.4,18.2,1,87.6,233,59.4,77.3,2366,Rain,Minor
2023-11-04,Brigade Road,Road_16,88.6,11.1,4,83.3,233,34.6,93.2,3121,Cloudy,Minor
2023-06-09,Electronic City,Road_9,69.8,15.8,1,83.7,89,53.7,76.2,4556,Haze,Major
2023-12-30,Brigade Road,Road_7,80.4,17.8,2,90.9,237,36.7,94.9,2413,Cloudy,Major
2023-05-31,Electronic City,Road_16,84.8,12.0,2,88.1,78,57.5,90.1,3344,Clear,None
2023-05-13,Koramangala,Road_11,82.9,18.6,0,75.2,97,59.0,79.6,1593,Clear,Minor
2024-02-14,MG Road,Road_10,57.5,27.7,0,50.0,189,52.1,75.8,3823,Rain,Major
2023-11-27,Koramangala,Road_14,76.5,17.3,1,86.8,91,71.8,92.8,2126,Haze,Major
2022-12-20,Indiranagar,Road_10,67.1,19.5,0,72.1,233,59.8,70.6,3867,Haze,Major
2024-05-22,Silk Board,Road_6,70.6,19.6,1,69.0,188,42.4,84.1,3431,Cloudy,None
2023-07-30,Electronic City,Road_14,99.0,14.9,1,100.0,223,43.7,74.1,3949,Rain,Minor
2024-02-21,Silk Board,Road_15,72.1,16.7,0,76.8,126,64.9,79.0,2330,Clear,None
2023-12-19,Indiranagar,Road_11,68.0,17.1,1,59.0,209,66.2,91.1,3319,Clear,Minor
2024-04-17,Indiranagar,Road_5,50.8,24.2,0,54.3,172,72.5,83.7,3396,Clear,Minor
2023-04-01,Electronic City,Road_16,56.4,28.7,0,59.5,187,57.7,67.5,4520,Clear,Major
2022-10-02,Marathahalli,Road_5,66.5,19.6,2,73.0,211,44.8,72.5,1202,Cloudy,None
2022-05-22,Marathahalli,Road_2,72.9,19.9,2,64.9,203,53.9,90.1,4884,Rain,None
2023-02-26,Koramangala,Road_4,73.5,26.7,1,91.0,144,64.6,86.4,2484,Haze,Minor
2024-03-30,Indiranagar,Road_5,70.2,18.3,0,66.0,77,66.8,85.8,2883,Cloudy,Major
2024-07-13,Brigade Road,Road_10,66.8,19.9,0,71.3,213,45.3,78.6,960,Clear,Minor
2024-05-26,Marathahalli,Road_10,77.1,12.5,0,94.3,207,56.6,67.8,2048,Haze,Minor
2024-03-22,Brigade Road,Road_8,66.3,24.3,0,71.5,111,67.2,94.3,4431,Cloudy,Major
2024-02-18,Electronic City,Road_11,77.7,16.1,1,97.5,78,60.8,70.9,2515,Haze,Major
2023-12-05,Marathahalli,Road_2,72.8,18.7,0,80.0,241,73.6,91.2,3923,Rain,None
2023-09-09,Indiranagar,Road_16,76.8,19.8,1,76.5,79,32.7,80.4,2925,Rain,None
2023-03-23,Indiranagar,Road_16,58.7,20.6,0,71.7,189,60.8,69.5,3495,Haze,None
2024-04-01,Koramangala,Road_16,61.3,23.5,0,71.4,201,38.6,93.5,4111,Cloudy,Minor
2024-02-05,Koramangala,Road_16,61.4,20.7,0,64.7,224,73.8,81.8,1242,Clear,Major
2024-01-12,Marathahalli,Road_1,41.7,22.7,0,50.0,203,31.6,61.6,2284,Haze,Major
2022-01-14,Indiranagar,Road_12,75.5,15.5,3,78.5,93,45.8,86.4,2938,Clear,Major
2023-10-12,Indiranagar,Road_3,46.2,28.6,0,50.0,79,31.8,84.4,2334,Haze,Major
2024-04-09,Indiranagar,Road_15,67.4,24.1,1,70.0,79,51.7,67.0,1795,Cloudy,Major
2023-10-03,Electronic City,Road_15,85.8,19.2,0,100.0,130,55.5,90.8,2518,Rain,Minor
2022-11-09,Whitefield,Road_5,73.0,21.5,1,70.5,132,48.4,79.2,1753,Haze,None
2023-11-16,Brigade Road,Road_13,65.7,20.6,0,65.5,215,72.1,91.2,2895,Rain,Major
2022-10-03,Electronic City,Road_3,77.0,19.9,0,86.0,75,34.4,90.4,3734,Clear,Major
2022-10-07,MG Road,Road_6,53.0,28.6,0,67.7,154,68.7,94.6,4813,Clear,Major
2024-04-18,Marathahalli,Road_12,69.5,25.2,1,71.1,176,65.3,69.9,794,Cloudy,Major
2022-06-26,Marathahalli,Road_7,73.2,20.9,0,83.5,58,56.5,94.6,1562,Rain,None
2022-11-14,Brigade Road,Road_13,78.7,14.5,0,84.5,91,72.5,63.6,1237,Haze,None
2022-09-14,Indiranagar,Road_15,83.9,8.0,0,96.9,181,53.8,62.2,4151,Cloudy,Major
2024-03-08,Brigade Road,Road_3,90.9,18.7,0,100.0,183,58.3,72.9,864,Rain,Major
2022-11-01,Indiranagar,Road_9,63.4,21.2,0,76.1,159,58.6,75.0,740,Clear,Major
2023-11-04,Silk Board,Road_15,84.7,10.3,1,100.0,149,45.9,69.0,3730,Haze,Minor
2023-05-20,Silk Board,Road_6,74.2,12.7,0,63.7,171,33.4,79.3,1275,Cloudy,Major
2024-07-20,Whitefield,Road_12,85.9,21.7,2,91.5,172,69.0,79.9,1206,Cloudy,None
2022-01-11,Brigade Road,Road_7,68.7,17.4,1,61.7,231,68.9,91.3,2336,Clear,None
2023-12-01,MG Road,Road_13,75.0,19.0,2,73.0,185,67.0,62.9,1933,Rain,Minor
2022-11-26,MG Road,Road_13,82.4,18.0,1,85.9,112,54.6,92.9,2172,Haze,Minor
2024-04-27,Koramangala,Road_6,56.7,29.5,0,71.6,189,53.3,70.8,3701,Clear,None
2022-07-23,Koramangala,Road_4,93.3,11.1,2,100.0,171,46.1,88.5,3717,Cloudy,None
2024-08-12,MG Road,Road_1,50.7,35.4,0,63.6,145,45.4,83.7,1965,Cloudy,Minor
2022-09-05,Marathahalli,Road_6,52.0,26.5,0,69.7,73,42.7,87.3,2151,Cloudy,None
2023-03-28,Indiranagar,Road_3,86.7,11.7,0,92.9,166,46.7,71.8,4761,Cloudy,None
2023-02-06,Koramangala,Road_1,86.7,10.3,1,91.5,236,60.5,72.6,1079,Cloudy,Major
2022-07-06,Silk Board,Road_12,74.7,20.0,2,79.0,202,41.9,73.8,616,Clear,Minor
2022-03-27,Silk Board,Road_8,74.5,22.8,4,68.3,225,70.9,77.7,2221,Haze,None
2022-07-24,Silk Board,Road_2,69.2,15.2,0,90.8,235,34.7,69.5,4904,Haze,Minor
2024-08-07,Koramangala,Road_14,85.1,20.9,1,90.5,151,67.8,60.9,1977,Haze,None
2023-08-28,Brigade Road,Road_5,70.1,28.3,1,73.0,87,30.1,69.7,3124,Clear,Minor
2023-02-25,Electronic City,Road_8,73.1,19.8,1,80.7,79,57.6,95.0,4568,Cloudy,Major
2023-08-21,Marathahalli,Road_4,70.6,25.9,0,83.3,241,64.8,61.6,1020,Cloudy,Major
2024-06-07,Indiranagar,Road_1,66.7,16.5,0,84.1,170,52.3,74.7,3278,Cloudy,Major
2024-02-02,Brigade Road,Road_2,92.2,14.0,4,90.6,79,60.9,81.1,3833,Cloudy,Major
2023-04-09,Whitefield,Road_9,78.0,22.4,2,80.6,119,66.1,63.7,1459,Haze,Minor
2023-04-17,MG Road,Road_1,60.6,31.2,0,67.2,167,71.9,85.5,1964,Haze,Major
2023-06-29,Indiranagar,Road_16,82.2,15.2,1,86.3,51,32.1,79.0,1137,Cloudy,None
2022-10-31,Silk Board,Road_16,67.6,20.2,1,73.6,119,44.2,66.4,3113,Cloudy,None
2023-09-30,MG Road,Road_3,78.6,19.2,1,71.6,116,69.4,61.9,3795,Clear,Minor
2023-11-06,Marathahalli,Road_15,59.4,26.8,0,58.3,112,45.7,71.5,3056,Clear,None
2023-10-18,MG Road,Road_16,68.0,20.4,1,65.2,62,34.4,88.3,2141,Rain,Major
2022-08-11,Brigade Road,Road_7,70.0,28.3,0,70.7,91,39.6,93.7,4015,Rain,None
2023-08-10,Koramangala,Road_11,71.6,29.5,2,79.4,173,48.1,62.5,4164,Clear,None
2024-06-09,Marathahalli,Road_11,74.8,16.7,0,81.7,184,63.1,85.4,3873,Rain,Major
2023-03-03,Koramangala,Road_2,70.6,24.7,1,68.5,151,50.5,93.7,716,Clear,Major
2022-11-24,Marathahalli,Road_10,71.6,23.4,0,73.7,197,66.8,67.4,910,Rain,Minor
2022-04-08,Silk Board,Road_6,68.7,19.4,0,70.6,171,52.5,81.8,3205,Rain,Major
2023-01-23,MG Road,Road_11,64.5,28.3,0,69.5,196,64.0,66.5,3544,Cloudy,None
2022-05-26,Brigade Road,Road_3,88.6,10.9,3,89.5,202,45.7,81.9,1424,Clear,Minor
2024-01-20,Koramangala,Road_4,64.9,22.5,0,71.9,229,48.0,63.9,2132,Cloudy,None
2022-12-14,Silk Board,Road_15,70.2,18.4,0,76.9,227,69.6,81.6,727,Cloudy,Minor
2022-08-28,Whitefield,Road_13,87.5,18.1,2,93.9,196,56.5,78.5,4078,Haze,Major
2023-02-22,MG Road,Road_1,63.9,23.6,1,78.2,173,37.6,94.9,4297,Haze,Major
2023-06-28,Indiranagar,Road_9,74.2,21.5,1,88.8,200,45.4,61.8,4598,Haze,Major
2023-10-19,Indiranagar,Road_3,64.8,16.5,0,55.4,145,33.1,77.8,751,Haze,Minor
2023-11-04,Koramangala,Road_3,63.6,22.5,0,66.1,125,45.7,83.3,3223,Clear,Major
2023-12-31,Marathahalli,Road_4,79.6,21.6,0,68.1,237,60.5,94.0,872,Cloudy,Minor
2024-05-06,Electronic City,Road_14,61.5,21.1,0,62.7,154,70.5,95.0,1305,Clear,Minor
2023-03-30,Silk Board,Road_4,82.2,18.8,2,89.9,78,53.1,71.6,557,Rain,Major
2022-02-21,MG Road,Road_1,66.2,13.9,1,62.2,215,47.4,69.4,3163,Clear,None
2023-05-05,Silk Board,Road_6,72.9,23.0,0,66.9,90,45.3,76.2,1682,Cloudy,Minor
2023-07-19,Silk Board,Road_8,82.9,26.6,0,89.6,155,68.2,80.5,1928,Haze,Minor
2022-06-25,Koramangala,Road_9,71.9,21.0,2,73.9,235,41.0,88.1,3808,Rain,None
2022-01-19,Indiranagar,Road_6,84.1,17.1,2,97.3,214,51.5,87.1,3748,Haze,Major
2023-09-20,Whitefield,Road_4,57.4,31.8,0,60.8,53,67.9,85.2,1375,Haze,Major
2024-07-26,Electronic City,Road_4,71.0,16.4,1,84.9,221,46.3,84.6,1504,Clear,None
2023-08-30,Brigade Road,Road_12,71.6,16.5,0,66.3,110,74.6,76.0,2558,Rain,Minor
2024-01-18,Indiranagar,Road_1,75.3,13.2,1,85.1,246,54.4,66.3,2596,Clear,Major
2023-06-21,Silk Board,Road_3,75.5,24.1,3,79.6,227,45.4,93.1,1180,Rain,Minor
2024-01-18,Electronic City,Road_6,88.5,14.3,1,92.3,60,72.0,74.8,2787,Cloudy,None
2022-06-23,Electronic City,Road_6,65.5,25.4,1,68.2,128,59.3,68.0,4428,Haze,None
2023-07-11,Whitefield,Road_4,61.9,26.3,0,50.0,107,42.0,94.1,4517,Cloudy,Minor
2023-02-16,Silk Board,Road_4,64.8,25.8,0,64.5,128,32.1,70.5,3143,Clear,Major
2023-05-07,Silk Board,Road_11,60.6,22.9,0,55.0,123,67.2,74.9,3107,Cloudy,Major
2023-04-12,Electronic City,Road_3,67.1,23.0,0,76.6,249,68.8,90.7,3182,Rain,Minor
2024-03-11,Electronic City,Road_10,83.2,17.8,0,100.0,208,59.9,66.9,2162,Cloudy,Minor
2022-05-11,Electronic City,Road_14,77.5,16.4,1,62.6,159,60.8,65.2,1929,Cloudy,Major
2023-08-28,Koramangala,Road_2,83.8,23.4,1,86.0,88,48.3,87.5,836,Rain,Minor
2023-10-26,Brigade Road,Road_12,77.2,19.7,0,90.9,122,51.2,82.3,3439,Clear,Major
2023-12-21,Koramangala,Road_12,77.6,11.1,1,93.7,102,66.7,60.3,4457,Clear,Minor
2024-07-11,MG Road,Road_15,77.1,15.4,4,91.8,169,34.6,63.3,951,Clear,Minor
2022-05-27,Brigade Road,Road_8,96.1,11.0,2,97.6,99,66.1,84.5,2657,Cloudy,Major
2023-11-18,Indiranagar,Road_7,65.7,15.8,0,66.6,78,72.5,93.2,1104,Clear,None
2023-02-17,MG Road,Road_3,84.9,15.5,1,82.5,198,63.9,92.4,3437,Rain,Major
2023-12-04,Koramangala,Road_12,54.6,26.0,0,64.7,100,47.7,80.8,518,Rain,None
2024-06-09,Koramangala,Road_2,86.6,16.8,2,78.8,63,64.3,74.4,3348,Rain,Minor
2022-01-24,Indiranagar,Road_2,88.8,12.5,0,85.5,243,47.6,86.9,4686,Cloudy,None
2022-01-11,Koramangala,Road_3,99.0,10.5,3,99.8,159,63.9,63.1,4843,Clear,Minor
2022-04-06,Marathahalli,Road_16,65.4,22.4,1,61.9,95,71.8,73.8,2312,Haze,Major
2023-12-28,Electronic City,Road_16,77.8,20.0,0,86.9,93,58.0,69.2,4141,Rain,Major
2023-08-27,MG Road,Road_15,80.9,11.4,1,95.4,227,54.7,92.2,2300,Haze,Minor
2022-11-10,Silk Board,Road_12,66.3,26.0,2,75.2,179,42.8,65.0,3528,Clear,None
2024-03-18,Koramangala,Road_11,57.1,20.9,0,69.7,168,74.5,72.6,3950,Haze,Minor
2024-05-25,MG Road,Road_9,75.3,19.7,0,92.4,98,50.6,62.1,4384,Haze,None
2023-04-09,Brigade Road,Road_10,65.1,21.4,0,68.2,233,67.5,67.0,4750,Cloudy,None
2024-06-12,MG Road,Road_1,85.2,19.6,2,95.3,146,71.0,74.9,1531,Haze,None
2023-09-20,Whitefield,Road_9,44.1,26.5,0,50.0,175,55.4,69.5,2956,Haze,Minor
2022-04-04,Indiranagar,Road_8,75.0,12.2,0,88.2,178,35.3,66.5,587,Rain,None
2023-06-14,MG Road,Road_8,81.6,10.8,0,74.0,223,47.8,85.6,3303,Cloudy,None
2023-05-10,Koramangala,Road_15,63.1,23.3,2,69.6,139,66.4,75.4,2536,Haze,Minor
2024-03-27,Brigade Road,Road_4,72.8,24.6,3,95.3,247,69.8,74.7,4005,Rain,Major
2023-08-29,MG Road,Road_5,57.7,24.8,0,60.9,198,54.2,87.4,1532,Clear,Minor
2024-06-14,Indiranagar,Road_7,64.6,23.5,0,70.1,180,35.1,75.7,3532,Cloudy,Minor
2023-11-27,MG Road,Road_9,56.2,30.9,0,66.3,98,42.5,64.8,754,Rain,Minor
2023-11-18,Brigade Road,Road_12,48.3,27.9,0,54.4,188,53.0,70.5,1483,Rain,Major
2023-05-31,Brigade Road,Road_2,59.9,27.8,0,64.1,186,37.9,70.6,4846,Clear,Major
2023-02-24,Silk Board,Road_8,68.5,18.2,1,63.3,113,42.6,88.2,4808,Haze,None
2024-04-12,MG Road,Road_5,54.6,28.5,0,61.4,243,43.6,86.0,2727,Clear,Major
2022-12-05,Electronic City,Road_16,65.9,22.4,2,79.9,130,73.6,85.1,2737,Haze,None
2023-12-08,MG Road,Road_4,69.8,21.7,1,82.5,54,50.1,89.2,674,Clear,Major
2024-07-13,Koramangala,Road_7,74.1,25.2,1,83.0,110,55.0,78.8,1517,Haze,Major
2022-04-07,Brigade Road,Road_16,56.9,23.8,0,62.9,81,33.0,89.3,683,Haze,None
2023-07-07,Electronic City,Road_14,68.4,16.6,0,77.7,111,67.6,92.2,2685,Clear,None
2022-06-02,Indiranagar,Road_1,67.7,21.5,0,70.1,76,60.2,65.7,4437,Rain,Minor
2024-07-28,Marathahalli,Road_4,62.1,25.7,1,68.1,184,32.3,72.6,4837,Clear,None
2022-03-18,Silk Board,Road_13,53.9,27.2,0,62.3,164,59.3,82.4,3623,Haze,Minor
2023-04-12,Brigade Road,Road_1,62.0,20.6,0,53.8,138,65.3,84.6,1082,Cloudy,Major
2022-10-03,Brigade Road,Road_2,72.4,17.6,1,83.9,66,52.1,78.5,1869,Haze,None
2023-07-02,Koramangala,Road_12,76.6,22.7,1,93.2,188,47.0,75.3,2112,Clear,None
2022-03-15,Silk Board,Road_4,59.6,30.2,0,67.2,133,44.5,85.1,1807,Haze,None
2024-04-12,Electronic City,Road_5,63.3,20.8,0,59.8,70,50.8,75.7,2070,Haze,Major
2024-04-10,Indiranagar,Road_14,39.0,38.9,1,50.0,213,42.1,71.9,4713,Clear,Major
2024-06-24,Indiranagar,Road_4,69.7,19.0,1,67.9,196,57.4,69.5,4902,Rain,Major
2022-09-23,Koramangala,Road_16,81.1,19.5,0,100.0,138,31.0,94.0,3616,Haze,Minor
2022-02-15,MG Road,Road_1,63.3,15.3,0,78.6,226,59.5,74.2,1642,Cloudy,Minor
2022-11-16,Whitefield,Road_2,56.6,17.3,0,58.2,137,51.4,70.7,1668,Clear,Major
2022-12-27,Brigade Road,Road_13,86.5,16.3,0,81.9,147,63.0,69.4,4093,Cloudy,None
2022-04-23,Silk Board,Road_11,76.2,22.0,2,84.7,131,30.9,68.4,518,Haze,None
2022-12-20,Whitefield,Road_2,56.2,24.4,0,67.1,170,47.0,94.6,2157,Cloudy,None
2022-11-30,Indiranagar,Road_7,62.4,22.5,1,75.9,117,60.4,76.0,2932,Haze,Major
2023-09-08,Electronic City,Road_15,78.2,14.5,2,87.1,77,43.8,88.1,2891,Haze,None
2022-08-12,Indiranagar,Road_7,78.4,24.2,1,91.3,234,70.7,75.4,2557,Haze,Major
2022-02-15,Whitefield,Road_7,67.9,19.3,1,88.8,70,34.6,81.8,3677,Haze,Minor
2024-08-03,Marathahalli,Road_10,72.7,22.5,1,80.1,123,34.6,92.1,4069,Rain,None
2022-12-14,Whitefield,Road_12,65.5,21.7,2,79.4,126,58.6,80.3,2197,Cloudy,Minor
2024-04-04,Marathahalli,Road_14,53.8,27.1,1,50.0,60,39.6,63.5,4986,Haze,Minor
2022-01-21,Marathahalli,Road_14,57.4,20.2,0,68.4,62,36.2,92.6,2318,Cloudy,Major
2024-05-19,MG Road,Road_14,77.6,15.6,0,95.3,200,42.2,73.5,2840,Rain,None
2023-03-04,Indiranagar,Road_8,61.1,18.0,0,64.9,206,48.8,75.5,2293,Haze,None
2023-05-06,MG Road,Road_5,68.6,9.5,2,84.2,152,46.6,75.8,3366,Rain,Major
2022-01-08,Brigade Road,Road_13,53.1,25.0,0,50.0,119,43.0,91.3,1801,Clear,None
2022-11-12,Brigade Road,Road_10,77.7,23.7,2,95.6,80,62.1,64.1,4071,Haze,Minor
2024-07-29,Indiranagar,Road_11,76.2,22.9,2,79.8,200,40.3,73.9,4198,Haze,Minor
2024-07-17,Silk Board,Road_1,66.9,26.3,0,75.1,79,35.8,79.1,4656,Clear,Minor
2022-10-15,Whitefield,Road_3,69.5,30.0,2,77.4,108,44.8,62.4,1263,Rain,Major
2023-10-02,MG Road,Road_12,87.9,14.2,4,79.5,209,44.6,84.7,4146,Clear,Major
2023-05-02,Koramangala,Road_6,62.7,29.1,1,74.4,82,44.2,86.4,2859,Rain,Major
2022-10-25,Silk Board,Road_15,68.8,21.4,1,83.2,114,51.9,86.7,4149,Rain,Minor
2024-02-12,Electronic City,Road_7,79.3,19.5,1,83.0,185,45.1,67.9,2259,Haze,None
2024-08-13,Koramangala,Road_16,76.6,19.7,0,88.8,174,30.2,71.4,928,Rain,None
2024-02-16,Brigade Road,Road_7,56.1,21.1,0,67.3,96,36.7,72.8,2312,Haze,Minor
2022-06-11,Whitefield,Road_4,68.9,21.8,0,94.4,157,74.0,92.8,3719,Haze,Minor
2023-05-07,Whitefield,Road_11,67.2,21.1,0,79.5,131,56.4,78.4,1808,Haze,None
2024-02-22,Koramangala,Road_9,72.7,25.5,0,67.5,143,40.1,66.4,2449,Cloudy,Major
2023-02-17,Brigade Road,Road_4,52.6,24.4,0,60.1,197,65.8,88.3,754,Cloudy,Major
2022-06-21,Brigade Road,Road_6,63.9,12.1,0,74.5,122,45.0,91.3,2262,Rain,None
2022-01-10,Indiranagar,Road_4,78.6,17.3,0,77.5,183,57.4,88.8,1540,Clear,None
2023-05-19,Whitefield,Road_4,62.9,21.1,0,83.9,200,52.5,70.2,2127,Haze,Major
2022-02-10,Whitefield,Road_10,80.2,16.1,0,82.6,160,73.3,60.8,859,Cloudy,Major
2024-02-23,Koramangala,Road_9,77.9,18.5,1,89.4,184,40.5,62.9,4566,Clear,Major
2022-05-10,Brigade Road,Road_9,64.0,25.6,1,59.5,59,66.3,69.7,1611,Cloudy,Minor
2023-02-06,Whitefield,Road_14,60.9,28.8,1,67.8,183,54.6,68.0,2429,Rain,Major
2023-03-08,Silk Board,Road_13,76.9,18.9,1,80.4,148,52.5,65.5,1280,Clear,None
2024-06-19,Koramangala,Road_4,80.4,11.9,1,89.9,180,40.1,77.2,3669,Clear,Minor
2022-03-26,Indiranagar,Road_15,71.6,25.5,1,79.4,72,61.1,71.3,2266,Clear,Major
2022-01-28,MG Road,Road_9,82.3,21.6,2,80.9,113,46.1,71.8,983,Clear,Major
2022-04-15,Whitefield,Road_15,50.6,28.3,0,53.5,54,41.7,67.9,1033,Cloudy,Minor
2023-12-11,Indiranagar,Road_8,77.9,17.3,1,89.9,212,69.2,76.6,3569,Haze,Minor
2024-06-08,Koramangala,Road_4,68.1,19.7,0,68.4,158,30.6,71.2,2567,Cloudy,Minor
2022-06-20,Brigade Road,Road_9,76.6,23.5,0,73.2,174,74.1,89.9,525,Clear,Minor
2023-11-14,Marathahalli,Road_15,83.1,12.0,1,89.0,175,72.1,73.0,617,Clear,Minor
2022-05-23,Indiranagar,Road_4,76.9,15.0,2,83.2,234,64.0,86.5,3097,Rain,Major
2023-09-21,Indiranagar,Road_2,60.3,18.5,0,50.0,164,66.0,69.6,2021,Cloudy,None
2023-05-18,MG Road,Road_2,92.9,10.7,2,100.0,213,65.6,88.2,4448,Rain,Minor
2023-07-10,Indiranagar,Road_4,56.5,24.3,0,59.7,194,60.9,74.7,4773,Rain,None
2022-10-17,Indiranagar,Road_2,77.9,15.8,2,90.0,238,58.9,84.6,2583,Cloudy,Major
2023-08-29,Koramangala,Road_8,60.3,22.8,1,51.1,161,71.7,89.9,1720,Haze,None
2022-05-15,Koramangala,Road_5,81.5,18.2,0,93.4,132,62.5,78.9,524,Rain,None
2022-04-22,Whitefield,Road_9,56.3,29.1,0,56.5,60,58.0,73.6,4559,Cloudy,Major
2023-11-18,Whitefield,Road_15,47.0,29.9,0,56.1,155,57.4,87.7,796,Rain,None
2022-12-28,Indiranagar,Road_15,87.0,13.1,3,95.2,132,68.3,73.9,2247,Haze,Major
2022-07-29,Indiranagar,Road_14,68.0,17.5,0,71.2,179,65.7,86.6,4938,Rain,None
2023-12-02,Koramangala,Road_6,77.0,19.3,1,85.1,186,38.8,66.6,2083,Clear,Major
2023-08-03,Brigade Road,Road_1,69.8,20.4,2,67.2,56,60.7,64.2,3981,Rain,Major
2023-06-12,Koramangala,Road_5,76.9,15.6,0,86.6,249,47.6,89.0,4803,Cloudy,Minor
2023-06-02,Koramangala,Road_3,67.7,24.4,0,73.9,194,60.5,87.4,661,Clear,Minor
2023-06-22,Koramangala,Road_1,84.6,16.2,0,94.3,187,38.4,76.9,1000,Haze,Major
2023-06-10,MG Road,Road_13,71.8,26.4,1,84.1,94,57.3,66.8,991,Cloudy,None
2024-01-19,Marathahalli,Road_14,59.4,21.9,0,66.4,74,30.0,88.6,4873,Rain,None
2022-11-26,Indiranagar,Road_14,68.9,11.8,1,75.3,204,48.6,91.1,4146,Clear,Minor
2022-04-07,Silk Board,Road_8,79.5,15.1,2,85.9,181,64.7,92.2,4297,Cloudy,Minor
2023-10-16,Indiranagar,Road_13,78.1,11.8,2,87.2,165,43.5,66.4,3280,Haze,None
2022-08-15,Koramangala,Road_14,66.0,24.8,1,69.9,142,38.9,60.5,3071,Haze,Minor
2023-12-30,Silk Board,Road_7,62.0,27.8,2,73.6,117,64.7,79.7,3153,Rain,None
2022-05-02,Marathahalli,Road_12,64.9,17.9,1,63.0,139,55.7,74.8,3965,Clear,Major
2023-10-24,Marathahalli,Road_1,70.0,25.1,1,76.2,227,50.0,88.4,1929,Clear,Minor
2022-08-10,Brigade Road,Road_16,78.7,14.7,3,89.7,125,72.0,94.9,3977,Clear,None
2023-02-24,Indiranagar,Road_10,85.1,9.5,1,100.0,87,40.3,89.4,3790,Rain,Minor
2023-04-08,Whitefield,Road_10,76.7,14.1,2,91.7,158,38.2,77.0,2936,Rain,None
2022-01-30,Electronic City,Road_15,76.8,16.0,1,80.2,197,35.4,83.2,790,Haze,Minor
2022-07-27,Electronic City,Road_14,46.1,17.7,0,67.9,91,34.4,62.5,2097,Cloudy,Major
2023-10-05,Whitefield,Road_5,60.2,28.7,0,55.9,127,35.7,89.3,572,Rain,None
2023-08-31,Brigade Road,Road_5,74.8,25.5,2,82.2,102,65.7,90.3,2426,Haze,Minor
2023-11-02,Indiranagar,Road_14,61.6,21.1,0,70.8,247,69.5,84.3,3600,Cloudy,Major
2022-04-02,Brigade Road,Road_6,84.4,14.8,0,97.2,81,74.4,91.3,4069,Cloudy,Minor
2022-04-22,MG Road,Road_16,55.3,27.3,0,63.5,204,61.4,77.2,979,Clear,Major
2022-06-17,Indiranagar,Road_8,72.0,17.4,1,72.4,219,70.5,68.1,871,Cloudy,Major
2023-12-26,Koramangala,Road_14,57.8,27.8,0,76.6,126,69.6,83.8,2711,Rain,Major
2024-01-05,Brigade Road,Road_13,77.4,23.3,1,76.2,178,72.3,76.8,3503,Clear,Major
2023-12-13,Marathahalli,Road_3,94.3,11.9,1,100.0,200,65.4,60.1,2250,Rain,Major
2023-05-14,MG Road,Road_5,71.2,17.8,2,64.3,241,71.3,84.4,3662,Haze,None
2022-08-12,Whitefield,Road_11,77.5,21.6,1,91.9,77,45.9,86.2,717,Cloudy,None
2022-02-17,Brigade Road,Road_12,57.9,20.8,1,64.1,202,40.7,74.3,3836,Cloudy,Major
2024-03-17,Silk Board,Road_11,62.8,23.4,1,72.0,68,62.2,63.8,2884,Rain,Minor
2022-05-02,Indiranagar,Road_5,74.3,16.2,0,86.8,163,53.2,92.5,3025,Clear,Minor
2023-06-28,Marathahalli,Road_14,74.0,16.4,0,82.9,52,49.7,80.3,4787,Haze,None
2023-09-11,Electronic City,Road_1,97.7,11.9,1,97.8,65,48.2,79.0,1137,Cloudy,Minor
2023-03-18,Electronic City,Road_6,73.4,26.8,0,72.9,141,51.5,69.6,3601,Rain,None
2024-02-23,Koramangala,Road_1,48.7,27.1,0,55.4,220,41.8,79.2,1324,Rain,None
2023-11-22,Brigade Road,Road_9,74.6,22.3,2,85.3,164,58.3,83.8,1243,Haze,None
2022-05-15,Silk Board,Road_14,69.5,20.4,0,79.1,206,37.2,81.2,3429,Rain,Major
2023-02-28,Koramangala,Road_13,63.7,24.7,1,78.7,81,39.8,94.9,503,Clear,Major
2022-05-08,MG Road,Road_11,67.3,22.7,0,66.8,195,72.3,90.0,3048,Cloudy,Minor
2023-05-16,Silk Board,Road_5,64.9,25.1,1,57.4,87,66.6,88.4,743,Rain,None
2024-05-09,Silk Board,Road_1,75.9,15.0,0,65.7,192,31.9,87.4,1532,Cloudy,Major
2024-07-13,MG Road,Road_12,89.4,25.4,0,81.0,74,70.2,90.7,1603,Haze,Minor
2023-04-20,Whitefield,Road_10,68.7,31.2,0,67.9,240,47.5,93.1,3264,Cloudy,None
2022-02-05,MG Road,Road_10,85.0,14.6,1,93.5,197,50.6,70.6,3469,Clear,None
2023-03-29,Whitefield,Road_5,44.2,25.6,0,55.4,76,48.9,63.1,857,Haze,None
2023-09-22,Electronic City,Road_12,84.4,9.0,2,86.9,215,58.2,90.3,1303,Cloudy,Major
2022-02-06,Whitefield,Road_2,71.1,22.7,1,76.6,137,45.2,90.0,2103,Haze,Minor
2024-05-27,MG Road,Road_14,75.5,21.0,0,92.3,199,47.1,94.1,3350,Rain,Minor
2023-05-24,Indiranagar,Road_15,73.8,25.3,2,81.5,168,39.7,61.0,4568,Clear,Major
2023-06-04,Whitefield,Road_15,69.5,20.6,0,68.7,98,74.7,88.4,4765,Rain,None
2024-03-16,Marathahalli,Road_12,62.9,22.1,0,67.1,85,61.9,70.5,568,Clear,Major
2023-03-16,MG Road,Road_2,82.0,22.8,1,99.6,81,43.5,73.4,3565,Clear,Major
2023-02-06,Silk Board,Road_7,80.0,22.4,2,98.8,64,65.5,62.9,3114,Haze,None
2022-11-02,MG Road,Road_10,86.5,13.7,1,95.4,209,66.1,70.5,2526,Haze,None
2023-09-29,MG Road,Road_16,66.5,22.0,0,63.5,149,71.2,62.5,3499,Cloudy,Major
2024-06-12,Brigade Road,Road_2,74.3,20.1,1,73.0,67,45.2,74.7,1999,Rain,Major
2024-01-20,MG Road,Road_4,71.6,22.4,2,79.6,100,31.2,76.9,4153,Haze,Minor
2022-07-01,MG Road,Road_3,49.7,27.2,0,50.0,117,55.2,85.4,4148,Clear,Major
2022-12-01,Brigade Road,Road_14,74.9,23.2,1,74.9,206,63.2,79.7,1062,Clear,Major
2023-07-27,Brigade Road,Road_8,66.4,28.0,0,61.3,89,56.0,65.9,773,Clear,None
2023-03-15,Electronic City,Road_4,72.3,16.9,0,71.1,52,65.2,60.2,1562,Rain,None
2023-07-22,Indiranagar,Road_5,61.1,21.0,3,83.2,71,63.4,82.0,1001,Clear,None
2022-02-11,MG Road,Road_5,64.9,20.9,0,75.5,93,57.0,64.7,1205,Clear,Major
2023-03-08,Whitefield,Road_10,66.5,20.0,0,88.8,234,68.4,76.0,2996,Cloudy,None
2022-07-19,MG Road,Road_10,66.9,16.8,2,61.7,146,72.9,92.4,3054,Clear,Minor
2022-05-27,Koramangala,Road_15,69.5,26.5,0,85.7,124,69.7,74.3,1739,Clear,None
2024-06-25,Brigade Road,Road_12,47.7,28.4,0,59.2,177,32.3,84.7,3189,Haze,None
2024-01-20,Whitefield,Road_8,79.2,18.2,1,100.0,113,61.8,90.2,4184,Clear,Minor
2022-10-15,MG Road,Road_12,57.8,24.7,0,50.0,102,44.1,75.0,4820,Clear,None
2022-09-28,Electronic City,Road_15,89.5,18.1,2,94.9,124,49.8,91.1,1009,Haze,Minor
2023-03-31,Brigade Road,Road_8,78.8,12.8,0,90.0,91,31.9,64.5,4800,Rain,Minor
2022-07-30,Brigade Road,Road_16,51.8,31.7,0,54.0,92,42.9,65.7,3298,Haze,Major
2022-10-07,Electronic City,Road_10,65.7,17.7,0,81.9,92,36.0,75.6,1782,Cloudy,Major
2023-11-07,Brigade Road,Road_2,69.8,16.5,0,76.5,219,33.3,81.8,522,Haze,None
2023-10-01,MG Road,Road_12,83.3,13.6,3,91.2,177,45.9,60.2,1251,Cloudy,None
2022-04-30,Koramangala,Road_5,76.7,22.9,2,69.6,199,44.3,73.5,4111,Rain,None
2024-02-04,Brigade Road,Road_10,80.4,18.3,2,81.7,181,73.1,82.1,1384,Cloudy,Major
2024-07-05,Silk Board,Road_13,79.7,25.5,1,89.3,192,40.3,82.3,1430,Rain,Minor
2022-01-15,Electronic City,Road_6,73.4,20.3,1,82.4,105,48.6,82.5,1726,Clear,None
2023-11-04,Whitefield,Road_1,77.2,23.7,1,84.6,203,70.3,73.0,2411,Cloudy,None
2022-08-03,Electronic City,Road_13,64.7,22.2,0,77.5,52,30.5,65.7,4351,Rain,Minor
2022-04-04,Whitefield,Road_7,61.8,23.8,1,73.9,132,45.7,73.9,860,Haze,Major
2023-07-15,MG Road,Road_12,72.4,13.3,1,82.4,145,38.1,84.5,1096,Clear,Minor
2022-08-17,Marathahalli,Road_16,66.3,28.9,1,54.6,230,37.0,83.7,3665,Cloudy,None
2023-11-20,Indiranagar,Road_8,99.0,8.0,0,100.0,127,38.7,70.0,988,Rain,Minor
2024-06-25,MG Road,Road_14,77.9,21.5,0,76.3,244,56.2,94.3,1796,Rain,None
2023-12-13,Koramangala,Road_6,76.8,14.1,1,93.6,223,64.2,92.7,1812,Rain,Minor
2022-11-07,Marathahalli,Road_12,67.4,29.4,2,66.2,187,58.6,85.1,4324,Cloudy,Major
2022-03-23,Silk Board,Road_11,68.3,26.3,0,92.8,220,62.3,86.3,3658,Haze,Major
2022-02-23,Whitefield,Road_5,69.2,12.1,2,74.2,112,71.5,79.8,1462,Rain,Minor
2022-06-18,Electronic City,Road_10,58.6,25.2,1,52.5,206,36.4,82.5,3923,Clear,Major
2022-01-31,Whitefield,Road_5,87.0,18.5,0,99.6,201,43.0,65.0,3414,Clear,Minor
2024-07-14,Marathahalli,Road_13,59.6,25.6,1,80.6,216,32.7,70.2,4975,Rain,None
2024-07-01,Electronic City,Road_12,59.9,28.2,1,65.9,230,45.1,61.7,4820,Haze,Minor
2022-11-07,Silk Board,Road_4,91.2,10.9,0,89.6,213,31.9,92.8,3635,Clear,None
2024-03-09,MG Road,Road_14,78.8,17.1,2,81.7,240,74.8,78.2,4856,Clear,None
2023-01-29,Koramangala,Road_3,89.7,9.6,0,87.0,194,47.3,94.9,2198,Cloudy,Major
2022-11-20,Indiranagar,Road_9,63.0,27.1,1,73.7,163,67.2,80.1,4562,Clear,Minor
2023-03-10,Indiranagar,Road_16,80.8,19.3,0,79.0,194,69.1,84.3,667,Clear,None
2024-07-06,Brigade Road,Road_12,84.3,17.3,1,91.8,217,70.6,89.3,1496,Rain,Major
2023-04-20,Koramangala,Road_13,84.8,19.0,1,81.5,82,38.0,78.1,3538,Cloudy,Minor
2023-09-09,Marathahalli,Road_10,76.7,20.4,2,84.3,138,60.0,67.2,729,Cloudy,Major
2022-05-04,Electronic City,Road_13,57.9,17.4,0,60.5,155,74.8,61.4,615,Clear,Major
2023-02-03,Marathahalli,Road_9,71.5,13.7,1,78.4,153,46.3,77.6,4370,Clear,None
2024-02-26,Indiranagar,Road_4,76.2,16.7,3,90.8,142,68.5,71.5,1906,Rain,None
2023-10-28,Koramangala,Road_16,70.6,20.5,1,82.0,186,50.8,74.1,3749,Haze,Minor
2022-06-06,Brigade Road,Road_3,69.1,26.9,1,63.5,116,57.3,89.3,4529,Clear,Major
2023-08-27,Koramangala,Road_16,68.2,26.6,1,70.3,120,70.4,94.1,669,Clear,Major
2023-05-16,Silk Board,Road_16,80.0,22.5,0,85.3,214,58.1,76.9,2765,Cloudy,Major
2022-02-10,Electronic City,Road_6,47.9,20.6,0,50.0,109,59.1,61.5,1537,Cloudy,None
2024-05-01,Whitefield,Road_12,65.5,23.1,2,60.1,177,48.2,71.7,1540,Haze,Minor
2023-04-13,Silk Board,Road_7,69.1,16.7,0,70.3,220,35.3,72.4,1803,Rain,None
2022-09-17,MG Road,Road_16,80.1,14.4,1,90.7,113,60.9,60.4,4480,Haze,Major
2022-12-06,Whitefield,Road_10,72.8,30.6,0,85.0,222,36.7,89.9,2374,Rain,Minor
2022-08-01,Electronic City,Road_16,73.7,15.8,0,92.0,186,31.8,63.5,2332,Rain,Major
2024-03-09,Silk Board,Road_10,68.7,21.5,0,58.8,182,56.4,77.4,744,Haze,None
2024-03-10,Marathahalli,Road_1,56.7,24.6,0,56.1,163,51.6,61.7,4663,Haze,None
2023-01-19,Electronic City,Road_4,99.0,9.8,2,100.0,128,69.0,73.0,1976,Rain,None
2022-01-17,Indiranagar,Road_7,70.2,24.9,0,77.0,201,55.4,73.5,3181,Cloudy,Major
2023-09-26,Brigade Road,Road_2,61.5,20.9,1,74.1,96,63.5,64.9,1856,Haze,Major
2024-01-31,Marathahalli,Road_15,78.4,23.1,0,88.7,230,60.7,76.9,900,Rain,Major
2023-09-27,Silk Board,Road_12,46.3,27.6,0,56.6,61,54.2,85.3,809,Rain,None
2022-03-11,Koramangala,Road_3,90.3,12.5,3,86.0,232,71.2,84.2,4194,Clear,Major
2023-12-25,Brigade Road,Road_2,78.6,16.7,3,75.7,207,69.1,90.8,2238,Cloudy,Major
2023-04-14,Electronic City,Road_13,65.0,25.1,0,66.0,208,59.1,81.4,1518,Clear,Major
2023-03-13,Marathahalli,Road_16,96.8,9.5,2,100.0,210,62.7,61.9,3337,Clear,None
2024-04-24,Indiranagar,Road_9,61.6,24.9,1,71.9,62,30.3,64.3,3268,Haze,Minor
2022-07-10,Electronic City,Road_8,83.0,14.8,0,80.0,113,61.2,93.1,4322,Haze,None
2022-03-27,Electronic City,Road_13,87.2,10.5,1,92.1,65,65.0,64.4,1403,Rain,None
2022-04-17,Koramangala,Road_10,66.4,24.1,1,63.3,118,45.0,89.2,3350,Haze,Major
2023-07-17,Brigade Road,Road_13,75.6,21.9,1,81.0,129,41.3,70.5,4461,Haze,Minor
2022-05-18,Brigade Road,Road_2,62.5,30.8,0,77.5,139,56.7,67.3,3711,Haze,None
2023-08-02,Silk Board,Road_15,66.1,22.1,0,69.3,93,72.1,74.7,4735,Haze,Minor
2023-05-19,Marathahalli,Road_1,75.2,21.1,2,78.5,117,35.0,81.2,4186,Cloudy,Major
2024-05-16,Electronic City,Road_13,52.8,32.1,0,62.1,68,58.3,77.8,4673,Clear,Major
2022-03-01,Marathahalli,Road_12,68.8,25.1,1,66.5,170,57.3,94.4,4512,Clear,None
2022-12-27,Koramangala,Road_2,99.0,9.2,0,90.0,218,34.1,66.4,2967,Haze,None
2024-02-24,Whitefield,Road_12,72.1,21.9,1,87.8,172,35.5,61.9,4219,Rain,Major
2023-10-10,Whitefield,Road_7,69.7,22.3,1,68.4,181,69.8,87.3,896,Cloudy,Major
2023-08-18,Electronic City,Road_9,84.9,15.0,4,91.2,106,54.3,88.8,2868,Rain,None
2022-04-10,Marathahalli,Road_10,76.2,19.8,0,85.8,238,41.1,81.2,2459,Clear,None
2022-10-16,Koramangala,Road_10,85.2,15.7,2,82.2,94,50.6,92.9,981,Cloudy,None
2022-05-05,Brigade Road,Road_12,77.3,17.0,2,88.4,215,40.7,88.4,1612,Cloudy,Major
2024-04-01,MG Road,Road_4,97.7,11.3,3,100.0,67,68.8,86.7,2771,Clear,Minor
2022-05-12,Electronic City,Road_1,68.7,22.9,1,80.7,226,37.3,67.4,1202,Haze,None
2024-02-22,Whitefield,Road_5,96.2,12.8,1,94.3,220,64.3,87.2,4601,Cloudy,Major
2023-03-25,Indiranagar,Road_13,53.5,34.2,0,55.4,163,62.5,67.8,4661,Haze,Major
2023-12-08,Indiranagar,Road_9,54.1,22.1,1,55.8,237,59.4,77.3,4792,Clear,Major
2023-11-02,MG Road,Road_7,88.5,10.8,3,93.1,114,55.9,66.2,1966,Cloudy,Minor
2024-06-23,Whitefield,Road_1,69.3,20.2,2,69.5,200,33.4,64.1,4870,Clear,Major
2023-06-28,Marathahalli,Road_13,75.5,21.8,1,86.5,199,30.5,81.8,4495,Rain,Major
2022-09-30,MG Road,Road_8,74.7,24.8,3,73.3,225,51.5,87.7,1418,Rain,Major
2023-05-02,Koramangala,Road_1,88.5,19.2,1,83.7,127,50.1,75.6,2145,Cloudy,Major
2023-05-11,Electronic City,Road_15,81.1,22.2,2,94.2,220,57.2,76.8,2726,Cloudy,Major
2024-08-08,Marathahalli,Road_16,68.0,22.3,1,73.8,69,32.0,85.9,3448,Cloudy,Minor
2024-08-07,Whitefield,Road_1,52.4,27.2,1,61.1,239,56.1,82.9,3159,Rain,Major
2024-03-16,Koramangala,Road_8,52.4,29.0,0,61.2,65,43.6,83.9,3994,Clear,Major
2022-05-08,Electronic City,Road_7,65.2,26.7,0,71.7,232,37.0,80.7,1211,Haze,None
2022-04-15,Silk Board,Road_1,99.0,12.3,4,99.4,136,54.7,82.3,2437,Haze,Major
2024-05-14,Indiranagar,Road_16,91.3,11.1,1,87.3,217,58.1,90.6,4753,Clear,None
2023-05-18,Koramangala,Road_5,54.5,34.7,1,74.9,117,45.7,81.4,511,Cloudy,Minor
2023-05-30,Silk Board,Road_11,75.0,17.1,3,90.0,122,70.9,70.1,1948,Cloudy,Major
2022-08-10,Koramangala,Road_3,67.6,22.7,3,68.7,71,32.9,88.3,2819,Haze,Minor
2022-01-23,Marathahalli,Road_2,80.4,15.5,3,61.8,119,34.3,83.7,1956,Haze,None
2022-01-17,Silk Board,Road_6,89.7,19.1,4,99.1,140,30.7,94.8,4378,Clear,Minor
2023-10-04,Marathahalli,Road_7,71.9,14.9,1,78.6,62,53.2,87.3,3873,Cloudy,None
2022-02-18,MG Road,Road_6,76.7,20.7,2,71.6,241,68.8,83.3,1342,Cloudy,Major
2023-01-30,Electronic City,Road_3,83.5,10.6,4,95.7,122,35.2,93.0,3465,Rain,Minor
2023-05-05,Marathahalli,Road_14,57.1,21.0,1,65.0,134,64.6,94.7,1099,Clear,Minor
2023-03-23,Whitefield,Road_14,59.8,26.5,0,68.4,68,46.6,94.5,2372,Clear,Minor
2024-03-14,Marathahalli,Road_13,88.8,16.5,1,85.8,107,49.9,87.1,2594,Rain,Minor
2024-08-08,Electronic City,Road_10,79.0,11.5,0,85.3,83,38.6,84.3,1219,Haze,Major
2023-08-13,Brigade Road,Road_9,67.8,22.8,1,88.8,246,54.9,68.6,2323,Clear,Minor
2024-05-11,Indiranagar,Road_8,70.0,27.8,0,71.4,151,35.2,63.0,4250,Haze,Major
2022-04-12,Electronic City,Road_2,84.5,18.9,4,84.7,102,60.6,80.1,985,Haze,Major
2023-08-18,Electronic City,Road_9,69.5,13.6,0,76.0,168,60.6,79.8,2264,Clear,Major
2022-05-20,MG Road,Road_13,90.7,13.7,0,85.4,66,44.3,62.3,3205,Haze,Major
2023-12-19,Brigade Road,Road_11,90.2,9.5,2,100.0,110,70.8,66.2,3547,Haze,None
2023-09-23,Indiranagar,Road_10,56.4,25.1,0,55.8,249,52.8,64.3,1550,Cloudy,None
2023-04-11,Marathahalli,Road_8,71.9,23.1,1,72.4,106,34.8,65.8,2163,Haze,Minor
2023-07-05,Marathahalli,Road_2,62.4,21.9,2,63.4,193,40.4,83.0,2418,Rain,None
2023-10-03,Silk Board,Road_10,87.4,13.0,1,96.5,146,59.0,83.5,3570,Clear,Minor
2022-12-09,MG Road,Road_1,73.8,21.3,0,66.2,90,35.2,63.9,2736,Clear,Major
2022-07-14,Whitefield,Road_15,67.8,18.3,1,69.8,118,40.3,79.6,2730,Clear,Minor
2023-05-28,Silk Board,Road_15,75.3,17.5,1,87.9,235,44.5,76.8,2565,Rain,Major
2023-10-10,Whitefield,Road_5,82.8,21.6,0,100.0,85,57.8,77.1,2715,Haze,Minor
2023-04-01,MG Road,Road_11,68.8,17.9,0,73.5,53,40.6,61.9,1297,Haze,Minor
2022-08-20,MG Road,Road_12,75.8,20.2,1,80.3,213,45.8,89.4,2268,Cloudy,None
2023-08-09,Marathahalli,Road_3,55.7,25.7,0,60.3,132,58.4,91.7,3460,Rain,None
2023-03-21,Marathahalli,Road_14,84.2,13.6,4,92.9,237,56.1,69.2,4895,Cloudy,Major
2023-01-06,MG Road,Road_10,67.3,21.0,1,72.2,239,34.7,61.9,4452,Haze,None
2024-07-06,Brigade Road,Road_12,57.6,29.3,1,65.2,54,69.6,78.1,2035,Clear,None
2023-09-30,Whitefield,Road_9,91.6,11.6,2,100.0,72,72.6,74.6,4266,Rain,Major
2024-08-06,Electronic City,Road_10,80.2,18.4,1,74.4,248,63.5,90.3,4987,Rain,Minor
2022-08-25,Electronic City,Road_6,93.5,18.4,1,100.0,178,69.7,65.1,1207,Haze,Major
2023-09-29,Whitefield,Road_3,78.6,9.5,1,84.8,247,65.0,87.7,3797,Cloudy,Major
2022-06-23,Whitefield,Road_4,79.2,17.7,4,75.0,107,43.5,75.4,1749,Haze,Major
2022-10-07,Whitefield,Road_4,62.7,24.3,1,50.2,172,55.0,87.9,3874,Cloudy,Major
2024-04-24,Silk Board,Road_16,61.0,17.7,1,63.8,212,63.8,66.9,3631,Rain,Minor
2023-02-01,Marathahalli,Road_10,70.1,21.4,2,80.5,188,38.8,78.6,1191,Cloudy,None
2022-11-13,Whitefield,Road_13,60.8,20.3,1,52.4,173,34.2,92.6,4673,Rain,Major
2023-07-02,Electronic City,Road_15,54.5,25.0,0,64.0,237,58.6,91.2,1349,Rain,None
2023-01-05,Indiranagar,Road_14,57.0,23.3,0,64.1,213,64.1,77.6,4751,Rain,Major
2022-10-09,Silk Board,Road_8,84.9,15.2,1,87.4,235,70.4,94.2,2460,Clear,Minor
2022-05-28,MG Road,Road_12,82.7,14.0,2,76.9,164,48.8,66.9,4446,Clear,Major
2022-01-29,Silk Board,Road_13,63.8,19.7,0,76.4,198,56.5,72.1,885,Clear,Minor
2022-07-06,Silk Board,Road_9,51.9,26.0,0,61.9,93,30.5,69.4,3852,Cloudy,Minor
2024-06-21,Electronic City,Road_16,88.8,11.3,2,94.0,118,44.4,81.2,2438,Haze,Major
2023-11-02,MG Road,Road_9,80.9,18.8,4,64.1,79,34.0,62.9,4003,Rain,Major
2022-01-09,Marathahalli,Road_1,72.1,18.4,1,82.1,170,41.8,92.3,1271,Rain,Major
2022-04-08,Whitefield,Road_4,71.9,18.7,0,83.5,92,49.1,68.2,1233,Haze,Major
2023-05-30,MG Road,Road_4,57.2,24.8,0,53.2,158,71.6,64.9,720,Rain,Major
2023-07-19,Marathahalli,Road_1,57.7,23.6,1,64.4,213,44.9,86.6,3090,Haze,None
2023-12-29,Electronic City,Road_9,66.1,18.9,0,80.4,55,50.6,68.6,1534,Haze,Major
2024-08-06,Whitefield,Road_10,63.8,18.8,1,68.6,176,54.2,67.5,3639,Cloudy,Minor
2022-03-04,Silk Board,Road_12,63.1,23.4,0,75.7,95,62.9,68.1,3323,Rain,Major
2022-03-31,Marathahalli,Road_13,59.6,27.2,0,62.7,131,66.8,62.7,2303,Cloudy,None
2022-01-31,Whitefield,Road_12,89.8,11.0,1,94.6,154,53.4,73.0,2607,Clear,Minor
2024-01-06,Marathahalli,Road_7,76.6,18.2,0,72.0,242,54.6,86.6,2363,Haze,Major
2022-09-04,Electronic City,Road_14,76.4,24.0,2,91.4,81,32.5,94.5,1037,Haze,None
2022-07-10,Brigade Road,Road_6,90.3,16.8,2,86.6,150,72.3,69.9,2014,Rain,Major
2024-03-17,Brigade Road,Road_15,60.4,21.5,1,64.7,111,67.3,79.8,2892,Clear,Minor
2024-01-31,Whitefield,Road_16,64.6,21.6,1,69.9,73,54.5,90.8,1350,Rain,None
2022-02-24,Indiranagar,Road_7,71.7,18.1,0,84.3,150,43.7,62.6,3721,Rain,Minor
2023-08-18,Koramangala,Road_9,55.8,21.6,1,54.2,243,44.6,91.8,522,Haze,Major
2022-02-07,MG Road,Road_2,96.5,8.7,2,100.0,239,49.3,82.6,4010,Rain,None
2024-02-22,Indiranagar,Road_7,78.6,18.6,1,84.8,208,74.0,93.2,798,Haze,None
2023-05-06,Brigade Road,Road_16,60.6,20.9,0,59.3,158,69.6,78.9,1403,Rain,Major
2024-07-18,Silk Board,Road_8,74.9,25.6,0,85.8,171,56.5,81.4,861,Cloudy,None
2022-01-27,Indiranagar,Road_11,68.7,16.7,0,81.4,80,66.3,85.3,1228,Clear,Minor
2022-12-10,Koramangala,Road_11,45.7,30.9,0,50.0,221,55.0,79.1,3365,Haze,Minor
2023-01-25,Koramangala,Road_15,72.5,24.8,0,84.7,228,62.6,81.5,4575,Cloudy,None
2023-04-06,MG Road,Road_3,69.4,21.8,2,81.6,124,64.6,65.7,2624,Clear,Minor
2022-06-28,Electronic City,Road_9,86.3,17.1,1,86.9,236,53.9,77.7,3033,Haze,None
2024-03-19,Electronic City,Road_1,63.6,25.1,0,66.7,152,65.1,87.0,1254,Cloudy,None
2023-07-12,Brigade Road,Road_14,64.7,25.6,0,74.8,109,56.4,67.8,4946,Clear,Major
2023-12-04,Silk Board,Road_6,56.5,19.2,1,56.7,165,68.7,63.8,2945,Clear,Minor
2024-03-14,Electronic City,Road_5,52.7,19.1,0,57.4,77,58.4,60.9,676,Clear,Major
2022-06-16,Silk Board,Road_12,66.2,21.6,1,60.7,223,34.5,81.2,3997,Rain,Major
2024-03-11,Brigade Road,Road_10,63.7,30.3,1,75.1,151,46.2,92.3,4171,Rain,None
2024-04-11,Koramangala,Road_4,44.8,29.5,0,50.0,204,59.1,92.2,3095,Clear,Major
2022-05-18,Marathahalli,Road_5,51.7,29.2,1,57.0,142,41.6,68.9,3996,Clear,Minor
2023-06-13,Indiranagar,Road_11,82.4,18.0,1,93.7,194,71.4,92.0,942,Clear,Major
2023-08-01,Koramangala,Road_9,94.7,13.4,1,100.0,86,65.3,72.9,3609,Clear,None
2023-11-21,Marathahalli,Road_6,72.4,16.6,3,77.2,176,54.3,86.9,2311,Haze,None
2024-04-30,Whitefield,Road_2,68.0,13.7,0,84.8,228,59.4,75.1,4032,Cloudy,Major
2022-04-16,Whitefield,Road_13,93.2,9.8,2,85.3,167,45.1,73.2,1804,Clear,Minor
2023-11-27,Indiranagar,Road_3,72.9,15.3,0,75.8,222,72.6,79.9,716,Clear,Minor
2023-05-16,Marathahalli,Road_9,63.2,20.7,0,71.4,72,58.3,65.3,960,Clear,Major
2023-08-17,Silk Board,Road_14,84.0,18.9,0,93.1,91,57.6,81.0,3824,Haze,Major
2022-08-28,Whitefield,Road_11,56.4,25.6,0,60.8,224,64.2,69.8,1286,Rain,None
2023-08-26,Silk Board,Road_7,60.2,29.9,2,77.5,131,52.0,62.6,2147,Rain,Major
2022-12-18,Brigade Road,Road_9,66.2,16.9,0,76.1,133,45.6,83.1,3192,Rain,Minor
2024-04-29,Marathahalli,Road_1,86.0,13.3,2,92.2,121,72.0,76.5,3163,Haze,Minor
2022-11-08,Whitefield,Road_1,61.3,22.2,0,59.6,89,30.9,76.6,1249,Cloudy,Major
2024-01-16,Whitefield,Road_4,67.0,23.8,2,64.5,242,53.9,64.1,4329,Cloudy,None
2023-04-02,Marathahalli,Road_3,50.5,31.2,0,50.0,206,63.4,91.0,2143,Cloudy,Major
2022-09-29,MG Road,Road_1,53.9,32.2,0,53.6,177,32.3,76.7,4310,Rain,Major
2024-04-24,Marathahalli,Road_13,66.2,23.2,0,77.2,148,35.6,76.1,2090,Cloudy,Minor
2023-03-19,MG Road,Road_7,85.4,16.8,1,85.5,188,62.4,67.2,3094,Rain,Minor
2022-02-09,Koramangala,Road_6,49.8,31.1,0,55.8,137,66.2,63.6,2995,Clear,None
2022-09-24,Electronic City,Road_11,89.0,10.1,1,84.6,238,62.9,92.9,3951,Rain,Minor
2023-12-17,Silk Board,Road_3,78.5,21.7,2,89.3,149,56.4,74.8,2344,Clear,None
2023-05-26,MG Road,Road_11,69.0,15.5,0,79.7,190,38.0,88.4,4333,Haze,Major
2022-10-31,Brigade Road,Road_14,53.4,27.6,0,62.0,166,48.1,76.0,2446,Cloudy,Minor
2023-01-30,Brigade Road,Road_5,77.2,17.2,0,89.3,106,73.0,83.9,4324,Haze,Minor
2022-03-19,Brigade Road,Road_9,68.4,28.4,2,84.8,216,32.0,93.2,1003,Rain,None
2022-01-02,Silk Board,Road_15,75.6,19.5,3,69.2,212,52.3,91.2,4767,Cloudy,None
2024-03-08,Indiranagar,Road_11,67.2,20.8,0,84.3,232,45.1,92.8,2331,Rain,None
2024-01-12,Indiranagar,Road_8,74.7,27.1,0,76.7,217,74.6,72.0,3072,Cloudy,Minor
2022-02-18,Brigade Road,Road_4,87.7,14.7,2,92.7,136,50.1,78.4,3785,Haze,None
2024-03-15,MG Road,Road_15,65.9,13.9,2,66.8,204,74.6,74.9,3940,Cloudy,None
2023-10-11,Electronic City,Road_14,77.2,14.9,2,71.0,192,39.8,86.0,3765,Clear,Minor
2023-06-09,Electronic City,Road_16,59.9,26.0,0,71.6,81,52.8,90.5,3407,Clear,None
2023-07-23,Whitefield,Road_13,40.0,32.7,0,50.0,87,48.4,65.2,3077,Clear,Major
2022-01-08,Indiranagar,Road_4,90.2,11.9,0,100.0,179,41.9,75.4,3495,Clear,Minor
2023-05-31,Marathahalli,Road_10,88.5,14.1,4,100.0,221,31.1,64.5,3029,Clear,Minor
2024-05-19,Whitefield,Road_14,57.7,29.3,0,64.0,82,71.3,65.8,4234,Clear,Minor
2024-05-20,Indiranagar,Road_16,87.1,16.5,0,73.4,181,36.2,89.4,2748,Haze,Major
2023-04-24,Whitefield,Road_6,74.5,21.3,0,73.1,139,70.7,84.0,1375,Cloudy,None
2023-05-10,Brigade Road,Road_12,50.3,31.1,0,50.0,194,45.6,67.3,3142,Haze,Major
2023-03-18,Marathahalli,Road_9,69.4,18.8,1,73.7,182,65.0,67.5,4876,Cloudy,Major
2024-08-06,Brigade Road,Road_15,70.3,27.5,2,66.0,210,37.0,76.7,1519,Cloudy,Major
2023-09-10,Indiranagar,Road_1,68.1,18.1,1,85.0,135,54.0,69.3,2731,Clear,Major
2022-02-04,MG Road,Road_5,62.5,22.2,0,61.2,104,46.0,67.8,4856,Cloudy,None
2023-01-12,Silk Board,Road_10,67.2,23.5,0,74.6,77,31.7,65.3,4125,Cloudy,None
2024-05-22,Marathahalli,Road_9,74.1,16.2,1,81.9,170,74.1,78.9,1192,Rain,None
2022-07-05,MG Road,Road_13,81.8,13.1,0,94.5,218,56.4,80.9,2958,Cloudy,None
2024-05-22,Electronic City,Road_12,86.1,9.9,0,100.0,98,39.1,82.0,2563,Clear,None
2022-06-22,Electronic City,Road_9,77.7,16.1,1,81.4,98,37.5,62.9,3782,Haze,None
2022-08-14,Whitefield,Road_4,75.0,21.5,1,68.9,146,31.2,64.8,1177,Cloudy,None
2022-02-27,Indiranagar,Road_13,77.9,21.6,0,77.0,162,45.1,76.6,2213,Cloudy,Minor
2022-10-12,Electronic City,Road_7,46.4,32.2,0,61.4,147,57.8,83.4,4750,Haze,None
2024-04-26,Electronic City,Road_15,65.1,25.0,1,61.7,126,33.1,68.3,2794,Haze,Major
2024-06-30,Electronic City,Road_8,86.2,24.4,2,88.0,55,43.7,87.5,3353,Cloudy,Minor
2022-12-13,MG Road,Road_12,80.6,22.9,1,92.5,106,50.6,92.6,4523,Haze,Minor
2022-09-10,Koramangala,Road_6,73.7,23.3,0,65.5,109,41.3,86.1,1289,Haze,None
2022-11-04,MG Road,Road_2,87.4,11.6,1,72.9,233,62.0,87.1,4161,Cloudy,Minor
2023-08-24,Silk Board,Road_5,85.2,19.1,3,100.0,126,48.5,64.2,4100,Cloudy,Minor
2023-11-24,Silk Board,Road_16,60.3,20.0,0,59.5,187,62.5,64.3,4169,Rain,Major
2022-07-04,MG Road,Road_5,56.3,21.4,0,69.0,133,66.2,82.8,550,Haze,Major
2023-01-22,MG Road,Road_11,61.7,21.0,0,74.7,67,35.0,89.4,4678,Cloudy,None
2022-06-01,Koramangala,Road_15,68.6,20.0,1,81.3,174,65.5,76.9,2220,Cloudy,None
2022-11-02,Indiranagar,Road_16,63.0,25.2,0,75.8,226,55.1,80.2,4220,Cloudy,Major
2023-05-13,Indiranagar,Road_14,78.2,20.1,0,75.1,67,57.5,87.8,2686,Haze,Minor
2023-02-10,Electronic City,Road_4,66.9,15.6,0,82.6,141,64.0,71.1,1074,Haze,Minor
2023-09-27,MG Road,Road_14,86.2,15.8,1,85.4,237,54.1,85.4,3910,Haze,Major
2022-10-14,MG Road,Road_6,53.8,26.1,0,62.9,243,35.3,83.6,1560,Clear,None
2022-01-18,Whitefield,Road_10,78.2,17.4,0,87.3,75,72.3,94.7,3781,Rain,None
2023-08-11,Brigade Road,Road_16,73.3,14.8,0,74.4,137,36.2,66.2,4119,Clear,Minor
2022-06-07,Whitefield,Road_16,51.6,28.1,1,59.8,163,50.4,67.9,4916,Cloudy,Minor
2022-07-23,Silk Board,Road_6,71.8,21.3,0,66.1,54,36.2,63.2,3297,Rain,Major
2023-10-31,Marathahalli,Road_13,62.6,24.4,0,68.4,235,48.6,84.4,4110,Clear,None
2022-08-09,MG Road,Road_15,51.8,26.4,0,59.6,84,65.1,73.5,3485,Clear,None
2023-08-06,Marathahalli,Road_6,71.6,22.4,0,72.2,109,42.5,66.2,4471,Cloudy,Minor
2024-06-06,Indiranagar,Road_6,71.7,18.6,2,78.8,53,36.3,78.4,3483,Cloudy,None
2022-05-12,Marathahalli,Road_8,65.8,19.9,1,65.5,173,44.9,92.7,2640,Cloudy,Minor
2024-03-17,Marathahalli,Road_4,72.7,20.6,2,69.8,213,34.7,77.9,685,Haze,Major
2023-03-18,Brigade Road,Road_13,64.1,25.2,1,71.9,205,40.0,70.0,1847,Clear,Major
2024-05-29,Koramangala,Road_14,91.2,17.6,0,85.2,67,70.8,78.4,3941,Cloudy,Minor
2024-06-15,MG Road,Road_6,70.1,23.9,0,83.9,136,39.0,72.8,1602,Rain,None
2024-03-04,Electronic City,Road_13,73.1,21.2,0,74.9,227,35.3,76.8,903,Cloudy,Major
2023-06-22,Brigade Road,Road_6,73.3,23.1,3,81.4,63,67.5,84.0,4377,Rain,Minor
2024-02-23,Marathahalli,Road_1,77.6,8.0,0,81.8,62,60.6,76.1,4440,Clear,Major
2023-03-30,Marathahalli,Road_6,72.2,14.6,1,84.2,160,40.1,75.3,3247,Clear,None
2022-03-08,Brigade Road,Road_14,53.1,30.6,0,61.1,219,61.5,65.3,4416,Cloudy,Minor
2023-10-05,Marathahalli,Road_6,55.0,31.8,0,55.0,227,60.5,81.5,3829,Cloudy,None
2022-08-25,Brigade Road,Road_5,60.0,27.8,0,58.6,121,56.9,91.1,810,Rain,None
2022-03-10,MG Road,Road_3,77.9,14.8,1,80.0,144,49.3,81.5,3199,Rain,Minor
2023-03-29,Whitefield,Road_13,53.5,24.7,0,50.0,214,33.9,89.0,3361,Cloudy,None
2022-09-06,MG Road,Road_14,72.9,15.5,0,68.5,160,66.4,80.1,3799,Rain,None
2023-05-22,Electronic City,Road_12,67.7,21.6,0,73.6,249,61.3,69.5,3971,Rain,Minor
2022-01-10,Whitefield,Road_7,84.1,9.0,0,69.6,213,69.2,65.8,1770,Clear,None
2023-08-05,Indiranagar,Road_12,60.4,21.7,0,62.2,236,63.8,91.0,4351,Clear,Minor
2022-01-11,Whitefield,Road_14,84.4,22.7,2,91.8,133,36.0,61.7,4386,Rain,None
2024-04-25,Indiranagar,Road_15,74.4,16.8,1,72.9,227,35.5,84.4,4346,Haze,None
2022-12-21,Koramangala,Road_6,97.2,10.9,1,100.0,50,30.7,94.8,4934,Cloudy,Major
2023-05-14,Silk Board,Road_12,99.0,10.0,2,100.0,108,34.1,69.9,2962,Cloudy,Minor
2024-07-18,Whitefield,Road_3,57.9,23.8,0,64.1,190,52.2,91.5,2589,Rain,Major
2024-03-11,Silk Board,Road_4,46.2,30.7,0,58.3,166,64.6,84.3,3773,Haze,None
2023-05-17,Silk Board,Road_13,63.6,26.5,0,71.6,170,57.7,71.8,4157,Cloudy,Major
2022-03-26,Koramangala,Road_5,55.4,27.5,0,59.7,87,63.3,86.7,4144,Haze,Minor
2022-01-03,Koramangala,Road_16,84.3,15.3,0,93.2,131,51.1,69.2,4993,Rain,Major
2024-08-05,Koramangala,Road_16,71.3,15.8,2,83.2,198,39.1,86.9,772,Clear,Major
2024-01-06,Whitefield,Road_13,62.9,21.8,1,64.4,53,74.2,68.9,1358,Haze,Minor
2022-09-20,Marathahalli,Road_6,65.4,24.8,0,80.6,221,56.5,86.5,4432,Cloudy,Minor
2023-10-28,Indiranagar,Road_9,65.1,17.5,2,75.6,203,64.0,77.0,1318,Rain,Minor
2023-08-14,Koramangala,Road_11,69.1,17.2,0,79.1,68,52.0,73.1,2134,Cloudy,None
2024-05-31,Marathahalli,Road_6,90.6,9.2,1,97.6,205,32.7,90.5,4429,Haze,Major
2022-01-19,MG Road,Road_13,66.3,17.3,1,65.0,96,52.3,61.0,863,Rain,Minor
2023-09-29,Silk Board,Road_7,72.0,21.0,1,71.0,88,58.2,74.5,2219,Cloudy,Minor
2023-06-23,Whitefield,Road_16,83.3,15.0,1,84.4,86,49.5,90.3,906,Clear,Major
2022-02-12,Whitefield,Road_12,81.8,17.4,2,85.2,144,30.6,68.9,4516,Clear,Minor
2023-04-03,Electronic City,Road_3,58.5,29.6,0,72.7,102,44.1,79.0,1810,Haze,None
2023-01-05,Silk Board,Road_6,71.0,17.8,1,67.6,140,73.1,77.6,2805,Haze,Major
2022-09-11,MG Road,Road_3,40.2,26.7,0,50.0,103,54.3,88.9,3541,Haze,Major
2023-03-17,Whitefield,Road_2,67.5,17.0,1,81.7,117,49.6,61.9,2307,Haze,Major
2024-02-16,Marathahalli,Road_4,72.7,22.1,0,73.5,173,63.4,69.8,1163,Cloudy,None
2023-10-09,MG Road,Road_6,84.3,16.1,2,99.9,136,53.5,90.7,2591,Rain,Minor
2022-05-30,Brigade Road,Road_5,81.0,8.0,2,95.3,162,53.6,61.8,2748,Rain,None
2023-01-28,Electronic City,Road_15,69.4,21.6,2,84.1,113,42.4,62.5,2715,Rain,None
2024-07-24,Marathahalli,Road_3,88.3,15.1,3,94.3,222,47.2,84.8,2672,Rain,None
2024-06-09,Indiranagar,Road_8,76.0,18.4,1,93.6,241,34.9,89.8,1639,Clear,Minor
2024-07-15,Electronic City,Road_8,58.6,23.9,0,64.6,164,53.7,77.0,1735,Clear,Major
2024-01-22,Whitefield,Road_13,73.0,23.5,1,87.7,234,67.6,83.8,4032,Rain,Major
2022-08-05,Electronic City,Road_5,66.2,19.9,1,76.4,104,70.7,88.6,3873,Clear,Minor
2023-05-07,Electronic City,Road_6,82.2,23.2,2,82.7,182,41.4,60.5,4542,Cloudy,Major
2023-10-14,Whitefield,Road_1,95.7,11.7,1,100.0,96,31.2,72.0,4865,Cloudy,Minor
2023-06-13,Whitefield,Road_6,46.9,28.9,0,50.0,126,34.9,76.4,3616,Clear,None
2024-07-28,Indiranagar,Road_9,59.2,18.5,0,72.0,208,45.8,92.2,3581,Rain,None
2023-04-22,Brigade Road,Road_6,68.2,19.0,1,70.3,236,58.7,83.1,3742,Haze,None
2022-06-24,Marathahalli,Road_3,55.5,29.8,0,66.6,87,50.3,93.7,3498,Haze,Minor
2023-08-30,Whitefield,Road_12,78.8,18.9,0,74.7,161,63.1,61.8,4452,Rain,Minor
2022-10-01,Brigade Road,Road_4,78.0,18.8,0,86.2,147,69.6,83.6,1576,Cloudy,Major
2023-12-19,Indiranagar,Road_11,90.6,8.0,2,92.9,185,49.8,71.6,3548,Rain,None
2022-04-17,Electronic City,Road_16,83.6,16.7,3,89.1,181,50.6,85.2,2170,Cloudy,Minor
2022-11-14,Silk Board,Road_11,80.5,20.8,2,79.9,203,35.3,65.6,2509,Haze,Minor
2023-03-19,Electronic City,Road_1,85.5,10.9,0,99.7,191,39.0,62.3,2851,Cloudy,Major
2023-02-23,Whitefield,Road_6,64.3,18.7,1,69.6,165,44.0,63.8,1484,Clear,Minor
2022-05-14,Electronic City,Road_3,92.5,14.5,3,100.0,174,47.2,78.7,1842,Rain,Minor
2022-10-05,Whitefield,Road_3,53.0,31.2,1,65.7,232,37.8,92.7,1580,Clear,None
2023-09-10,MG Road,Road_6,67.7,24.3,0,88.6,134,54.1,61.8,2276,Haze,Major
2023-06-01,MG Road,Road_12,62.3,21.5,0,77.4,155,60.9,61.6,4333,Clear,Minor
2022-07-15,Indiranagar,Road_12,64.2,21.0,0,75.3,114,56.9,89.6,3095,Haze,Major
2023-03-25,Indiranagar,Road_14,71.2,14.8,2,64.8,218,71.1,78.3,1901,Clear,Minor
2022-06-04,Electronic City,Road_8,86.7,11.5,2,86.7,108,48.2,82.6,630,Rain,None
2022-05-03,Whitefield,Road_15,63.0,25.2,0,69.6,176,71.2,83.6,1915,Haze,Major
2024-05-20,Marathahalli,Road_4,70.9,19.1,0,70.3,65,53.7,69.3,2034,Cloudy,Major
2023-08-06,Silk Board,Road_1,67.5,29.5,1,72.1,208,69.5,61.2,1786,Rain,None
2022-04-05,Indiranagar,Road_10,63.7,19.3,0,76.7,123,39.9,60.5,4637,Haze,Major
2024-04-28,Electronic City,Road_12,90.2,12.5,2,92.4,82,51.3,84.7,4226,Cloudy,Major
2022-10-09,Electronic City,Road_10,66.4,15.1,1,65.5,71,35.7,65.7,4146,Clear,Minor
2023-08-23,Indiranagar,Road_2,68.3,26.8,0,85.4,242,52.1,68.6,3601,Haze,Minor
2024-05-20,Silk Board,Road_3,78.6,17.3,1,83.3,241,64.7,90.1,4937,Rain,Minor
2023-08-15,Whitefield,Road_10,61.5,29.3,1,66.3,140,68.6,87.1,1445,Clear,Minor
2023-04-21,Marathahalli,Road_1,67.3,24.9,1,76.5,138,48.0,65.7,2097,Rain,Major
2023-03-24,Koramangala,Road_14,97.0,13.9,2,92.6,241,33.3,73.3,511,Haze,Major
2024-01-01,Silk Board,Road_9,64.4,18.1,0,65.9,151,35.9,89.9,2276,Haze,Major
2022-04-20,Silk Board,Road_5,57.9,24.4,0,65.2,172,64.9,65.2,3059,Cloudy,Minor
2022-03-28,Indiranagar,Road_7,62.6,17.7,0,74.4,57,44.8,64.9,3640,Rain,Major
2024-01-19,Marathahalli,Road_15,83.5,24.3,2,91.6,74,62.0,68.4,3261,Rain,Major
2022-09-14,Electronic City,Road_12,66.2,26.8,1,81.8,164,45.8,85.2,2848,Clear,None
2023-12-21,Whitefield,Road_3,78.6,17.2,1,81.2,75,64.2,83.0,3691,Rain,Minor
2024-06-27,Koramangala,Road_12,77.4,21.3,2,82.1,181,42.3,69.4,1667,Rain,Minor
2022-05-19,Silk Board,Road_7,60.5,23.1,0,63.7,176,30.0,86.1,1280,Rain,Major
2024-01-02,Marathahalli,Road_6,72.6,27.1,1,75.8,120,67.7,81.6,4670,Clear,None
2023-03-18,Koramangala,Road_6,68.9,22.8,0,77.5,221,55.9,93.7,4494,Rain,Major
2022-10-07,Whitefield,Road_2,99.0,8.0,0,100.0,68,66.7,68.2,1484,Cloudy,Minor
2022-03-09,Silk Board,Road_11,63.8,20.1,1,77.4,79,72.6,88.7,1029,Rain,None
2023-05-21,Marathahalli,Road_14,78.7,16.7,1,89.6,108,43.8,64.3,4961,Haze,Major
2023-02-16,Whitefield,Road_3,74.0,21.2,0,67.6,204,71.4,66.1,823,Clear,Minor
2024-07-03,Silk Board,Road_16,68.4,26.0,0,75.7,119,70.3,82.3,3755,Clear,Major
2022-12-19,Brigade Road,Road_7,83.1,12.1,3,89.0,196,44.2,93.8,2858,Clear,Major
2022-04-18,Marathahalli,Road_9,86.3,13.4,3,80.8,74,45.4,67.4,2419,Haze,None
2022-09-01,Electronic City,Road_9,87.9,18.2,0,88.0,158,66.0,86.6,4300,Cloudy,None
2024-04-08,Koramangala,Road_5,90.2,15.8,1,80.2,156,63.9,66.1,3378,Clear,None
2022-02-20,Indiranagar,Road_1,54.3,23.9,0,51.0,81,65.7,72.1,2023,Clear,Minor
2023-01-11,MG Road,Road_5,70.2,24.3,1,86.4,86,34.7,65.5,1639,Haze,Major
2022-07-21,Indiranagar,Road_9,61.5,27.7,0,66.1,166,39.4,80.4,752,Haze,Minor
2022-10-29,Electronic City,Road_16,83.0,16.0,1,87.9,58,56.3,74.0,676,Haze,Minor
2022-06-12,Marathahalli,Road_16,65.6,19.8,0,70.7,72,60.2,78.5,2089,Rain,None
2024-03-03,Whitefield,Road_13,77.5,21.7,2,81.6,111,30.6,91.2,3754,Rain,None
2022-11-02,Electronic City,Road_16,92.0,16.2,0,89.3,64,30.5,88.9,2280,Clear,Major
2023-07-14,Silk Board,Road_16,71.5,17.4,0,76.5,145,71.5,85.7,4034,Cloudy,Major
2023-09-28,Marathahalli,Road_16,76.2,23.3,0,86.7,140,50.4,75.3,767,Cloudy,None
2024-04-15,Marathahalli,Road_1,51.5,25.6,0,53.6,62,43.9,60.2,4234,Rain,Major
2023-07-21,MG Road,Road_1,52.9,28.5,0,51.9,186,36.5,86.4,3989,Clear,Minor
2023-06-01,Whitefield,Road_15,64.1,21.8,0,64.0,182,69.9,60.6,2068,Cloudy,Major
2023-06-26,Silk Board,Road_6,86.1,15.2,4,89.9,122,64.9,66.0,4658,Clear,Major
2022-07-26,Marathahalli,Road_13,90.7,15.2,0,86.0,192,72.8,68.7,2753,Cloudy,None
2022-02-22,Koramangala,Road_1,50.1,30.0,0,58.2,138,54.3,84.4,4633,Clear,None
2022-12-06,Indiranagar,Road_5,66.9,20.4,0,62.7,96,42.3,64.8,4916,Haze,Minor
2024-05-06,Electronic City,Road_5,99.0,9.3,1,100.0,134,65.6,67.6,1390,Rain,Major
2023-11-19,Electronic City,Road_16,66.2,25.8,0,68.7,230,62.7,73.2,1784,Haze,Major
2022-09-14,Brigade Road,Road_8,69.3,20.0,0,67.5,224,74.6,92.4,1272,Clear,Major
2022-04-13,Koramangala,Road_11,86.7,14.9,1,93.0,145,42.7,76.0,4873,Cloudy,Minor
2022-02-27,MG Road,Road_4,86.0,9.8,2,78.5,196,34.6,62.1,2308,Clear,Major
2023-02-21,Whitefield,Road_1,51.8,27.2,0,61.8,209,72.5,87.1,2232,Clear,Major
2023-03-28,Koramangala,Road_5,83.9,12.1,2,88.4,147,30.0,72.6,2667,Clear,None
2023-07-28,Electronic City,Road_12,94.1,14.9,1,100.0,149,69.4,73.3,2500,Rain,Minor
2022-09-11,Silk Board,Road_8,73.4,19.3,3,82.6,187,69.7,85.5,2398,Haze,None
2024-01-27,Whitefield,Road_12,62.5,25.6,1,59.5,108,45.0,67.3,3220,Cloudy,Major
2023-12-12,Silk Board,Road_3,54.0,23.3,0,72.4,134,32.7,71.1,4822,Rain,None
2022-12-28,MG Road,Road_14,58.0,24.6,0,67.0,134,33.1,66.2,2636,Rain,Major
2022-02-07,Silk Board,Road_14,61.8,18.3,1,63.2,202,43.5,77.6,751,Clear,Minor
2022-11-19,Whitefield,Road_7,84.5,11.5,1,89.3,230,48.1,81.8,1576,Clear,Minor
2024-06-04,Whitefield,Road_1,78.7,11.6,1,92.4,157,49.7,93.0,1863,Cloudy,Minor
2022-10-08,Marathahalli,Road_9,68.0,17.6,0,81.0,238,71.8,67.8,3937,Clear,Major
2023-03-18,Brigade Road,Road_14,50.0,32.7,0,56.9,222,63.3,67.2,853,Clear,Minor
2023-05-06,Whitefield,Road_7,77.4,21.7,0,79.7,204,37.5,74.2,1964,Rain,Major
2023-10-13,Silk Board,Road_16,71.6,23.0,0,77.3,90,56.3,89.9,4702,Clear,Minor
2024-07-14,Brigade Road,Road_16,69.3,27.0,0,60.9,215,41.9,60.3,1285,Cloudy,Minor
2023-07-22,Silk Board,Road_14,73.4,12.0,1,71.5,174,56.3,94.1,3745,Cloudy,Major
2023-02-19,Silk Board,Road_13,74.4,17.6,2,77.9,174,34.1,84.6,1494,Clear,Major
2024-08-02,Indiranagar,Road_9,81.9,21.5,0,90.6,184,72.0,60.5,3615,Cloudy,Major
2023-09-25,Electronic City,Road_7,69.3,23.5,0,61.2,243,48.7,85.7,3151,Cloudy,Minor
2024-07-08,MG Road,Road_3,89.9,11.0,2,100.0,190,41.3,80.1,4890,Rain,None
2024-01-22,Indiranagar,Road_8,53.3,23.1,0,54.1,116,45.8,81.6,3947,Clear,Major
2022-08-21,MG Road,Road_5,63.5,25.7,0,69.7,63,54.1,93.6,1237,Rain,None
2024-07-08,Marathahalli,Road_11,75.7,18.0,0,99.6,231,44.9,67.2,811,Clear,Major
2024-06-29,Indiranagar,Road_8,66.5,19.5,0,67.5,131,34.9,90.0,3147,Haze,Minor
2022-05-22,Electronic City,Road_15,76.3,22.4,0,82.9,138,61.1,94.2,1948,Clear,None
2023-07-06,Electronic City,Road_15,85.7,13.7,1,73.6,141,66.1,79.4,4027,Rain,Major
2022-09-15,Marathahalli,Road_10,95.3,10.3,1,100.0,149,38.1,66.5,4642,Haze,Minor
2023-06-21,Brigade Road,Road_1,68.2,21.2,1,72.4,64,61.8,61.1,2064,Clear,Minor
2023-07-28,Brigade Road,Road_4,61.4,24.2,1,63.7,120,30.2,79.7,4172,Cloudy,None
2023-12-12,Koramangala,Road_6,89.3,15.5,0,99.6,180,62.0,60.8,2102,Cloudy,Major
2022-11-27,Marathahalli,Road_5,76.5,12.4,1,88.2,60,65.9,60.5,1086,Rain,Minor
2022-08-21,Electronic City,Road_9,53.3,29.4,0,56.1,55,56.6,75.9,3358,Rain,None
2024-05-26,Indiranagar,Road_8,75.0,20.3,1,80.8,66,49.1,68.5,1260,Rain,None
2022-02-13,Silk Board,Road_9,74.6,19.3,1,77.5,142,51.7,78.1,3904,Haze,Minor
2023-07-30,Indiranagar,Road_7,62.4,25.4,0,70.4,236,52.2,70.9,506,Rain,Minor
2023-01-20,Whitefield,Road_1,86.0,15.9,2,100.0,130,68.6,81.9,3363,Haze,Major
2023-11-27,Silk Board,Road_13,62.3,21.9,0,65.6,186,74.7,67.2,3931,Cloudy,Minor
2022-10-02,Electronic City,Road_14,78.0,18.1,2,97.4,217,49.6,88.2,4826,Rain,None
2022-12-10,Marathahalli,Road_16,81.3,8.7,1,83.7,213,57.2,77.8,2437,Clear,Major
2023-09-12,Whitefield,Road_15,60.3,17.8,0,71.0,108,70.0,92.4,3732,Clear,Major
2024-03-13,MG Road,Road_4,70.2,16.4,3,66.7,184,42.4,75.3,4967,Haze,None
2024-04-30,Marathahalli,Road_8,57.8,17.8,0,62.9,72,56.1,87.3,663,Haze,Major
2023-03-04,MG Road,Road_7,83.0,9.3,2,86.3,84,43.9,86.1,3616,Cloudy,Minor
2024-01-29,Whitefield,Road_10,67.4,26.9,1,81.5,217,63.7,60.9,1281,Cloudy,Major
2022-04-22,Indiranagar,Road_6,72.9,21.7,1,87.1,127,57.9,69.4,3059,Cloudy,None
2023-05-19,Koramangala,Road_8,90.7,12.7,2,85.9,178,40.6,92.7,3029,Rain,Minor
2023-06-23,Marathahalli,Road_3,53.7,27.4,1,68.2,123,41.6,81.4,4380,Cloudy,Minor
2023-04-29,Electronic City,Road_15,60.6,35.7,0,61.3,206,63.8,84.6,634,Cloudy,Minor
2023-06-18,MG Road,Road_16,78.3,21.2,1,82.0,162,64.8,78.8,2493,Haze,None
2023-02-24,Electronic City,Road_3,79.5,15.8,1,83.3,110,73.8,71.6,4687,Haze,Major
2023-09-14,Koramangala,Road_4,90.4,12.9,1,90.1,204,41.0,77.8,4743,Cloudy,Minor
2024-05-04,Koramangala,Road_6,84.6,15.6,1,100.0,131,46.0,86.4,1687,Cloudy,Minor
2022-07-21,Marathahalli,Road_7,76.1,26.4,1,85.1,128,60.8,66.6,2111,Rain,Major
2023-07-07,Brigade Road,Road_1,60.7,23.5,0,72.9,244,74.8,76.0,3262,Clear,None
2022-08-21,Brigade Road,Road_5,91.5,18.3,2,91.1,156,39.9,84.6,1671,Cloudy,Major
2024-01-04,Indiranagar,Road_9,68.3,15.3,1,88.6,90,64.3,62.5,2503,Cloudy,Minor
2022-08-03,Silk Board,Road_11,42.8,28.7,0,50.0,166,33.0,72.1,2958,Rain,Minor
2022-02-11,Koramangala,Road_6,62.6,23.0,0,66.8,203,60.6,78.2,1364,Rain,Major
2024-05-03,Brigade Road,Road_12,66.7,20.1,1,71.9,116,48.4,86.7,2956,Rain,Minor
2022-08-30,Whitefield,Road_4,63.2,21.8,0,70.5,121,66.9,64.1,1190,Clear,Major
2022-03-27,MG Road,Road_11,79.2,22.1,1,83.9,160,71.9,89.0,1527,Clear,None
2022-03-16,Silk Board,Road_4,93.2,12.3,1,100.0,81,31.9,88.9,4455,Rain,None
2024-02-07,Indiranagar,Road_4,68.9,19.1,3,74.4,120,44.2,79.1,3634,Rain,None
2023-02-03,Koramangala,Road_11,66.5,21.9,1,55.4,118,63.1,67.7,4598,Cloudy,None
2022-09-19,MG Road,Road_15,79.9,15.2,1,87.7,227,62.5,67.1,4788,Haze,Minor
2022-07-29,Electronic City,Road_7,77.9,16.3,0,99.2,126,37.8,82.9,2047,Haze,Minor
2024-08-03,Silk Board,Road_14,63.7,13.8,1,70.2,53,59.3,92.5,4764,Haze,None
2022-01-28,Whitefield,Road_13,56.9,26.4,0,60.2,96,69.9,90.5,4407,Clear,Major
2024-05-31,Koramangala,Road_8,83.7,21.1,0,90.6,156,65.4,67.7,2632,Haze,None
2022-09-25,Marathahalli,Road_9,65.5,21.8,1,50.8,225,55.0,60.2,4823,Cloudy,Minor
2023-11-23,Indiranagar,Road_12,80.5,14.2,2,76.8,222,61.8,60.9,891,Clear,Minor
2022-10-13,Marathahalli,Road_9,55.1,28.7,0,54.3,180,60.2,68.9,3041,Haze,Minor
2022-09-19,Indiranagar,Road_16,86.7,20.4,3,83.5,165,63.1,77.6,2913,Clear,Minor
2023-07-21,Whitefield,Road_9,61.4,24.5,0,50.4,159,63.4,89.5,2115,Cloudy,Minor
2024-07-25,Electronic City,Road_8,99.0,8.0,3,100.0,187,49.1,77.6,1168,Cloudy,Major
2023-02-26,MG Road,Road_16,43.9,30.7,0,58.2,187,65.4,66.5,1069,Clear,Minor
2022-11-01,Electronic City,Road_7,68.8,17.5,0,75.8,154,40.0,70.8,897,Haze,Minor
2022-05-01,Brigade Road,Road_9,78.1,24.6,2,85.7,178,31.2,63.2,1759,Rain,Minor
2024-05-14,Koramangala,Road_8,72.3,20.1,2,70.7,248,71.4,87.9,3430,Cloudy,None
2022-05-24,Brigade Road,Road_12,69.5,18.8,1,71.2,100,62.2,65.3,751,Haze,Minor
2023-07-17,Electronic City,Road_7,66.2,23.7,1,84.6,119,35.5,80.2,4069,Cloudy,Major
2023-04-27,Brigade Road,Road_9,73.3,18.9,1,82.1,234,70.2,65.6,4387,Rain,Major
2023-01-29,MG Road,Road_1,94.6,10.5,1,100.0,228,70.7,64.1,3038,Haze,Minor
2023-01-18,Koramangala,Road_14,73.9,17.8,0,68.9,207,61.8,93.5,2116,Cloudy,None
2022-08-23,Indiranagar,Road_6,69.5,20.5,1,74.5,71,35.7,74.4,3765,Cloudy,Minor
2024-07-26,Marathahalli,Road_2,56.3,20.9,0,68.6,161,59.7,61.2,2034,Clear,None
2022-04-13,Whitefield,Road_11,66.4,23.9,0,83.7,160,30.3,86.3,1647,Clear,Major
2024-02-13,Silk Board,Road_16,66.6,25.9,0,57.8,54,43.5,63.1,1810,Haze,None
2023-09-04,Brigade Road,Road_2,71.1,25.6,2,76.7,163,57.2,88.3,1805,Haze,Major
2022-03-13,Marathahalli,Road_16,86.6,10.6,1,96.0,129,71.4,88.4,3351,Rain,Major
2023-01-18,Koramangala,Road_11,72.0,25.9,2,86.0,104,47.8,68.1,833,Rain,None
2022-08-02,Koramangala,Road_9,97.4,13.6,6,94.1,193,68.0,88.8,4157,Cloudy,Minor
2023-11-10,MG Road,Road_14,71.9,13.6,1,71.3,88,32.1,92.0,2934,Clear,Minor
2022-06-27,MG Road,Road_12,83.5,11.8,2,99.6,79,63.5,88.2,2874,Rain,Minor
2022-12-06,Brigade Road,Road_15,67.3,27.7,0,65.8,192,55.3,93.9,4296,Cloudy,None
2023-10-02,Brigade Road,Road_10,49.9,33.6,0,55.7,69,40.7,66.8,659,Rain,Major
2023-10-12,Koramangala,Road_5,79.5,15.7,3,74.7,88,51.7,84.8,4261,Rain,Major
2022-06-29,Marathahalli,Road_15,78.5,20.4,4,76.7,202,67.6,92.3,2470,Haze,Minor
2022-08-30,Electronic City,Road_8,75.4,10.2,2,77.8,229,57.6,68.0,4701,Rain,Minor
2022-04-27,Indiranagar,Road_8,63.6,27.2,0,65.9,112,51.0,79.8,1236,Cloudy,Major
2022-10-04,Koramangala,Road_7,78.8,20.3,0,80.6,118,36.7,94.3,4702,Haze,Major
2023-08-13,Indiranagar,Road_2,59.8,20.1,0,64.3,70,57.0,89.4,591,Cloudy,Minor
2023-07-26,Indiranagar,Road_14,64.8,22.7,1,72.6,183,50.1,68.1,4777,Cloudy,None
2023-10-21,Whitefield,Road_6,61.2,19.6,1,61.8,111,62.6,78.0,2213,Haze,None
2022-02-26,Whitefield,Road_11,68.7,25.2,1,66.2,182,65.9,83.5,4553,Haze,Minor
2024-07-15,Marathahalli,Road_12,66.0,18.2,0,75.0,148,51.3,64.2,3045,Rain,Minor
2022-09-03,MG Road,Road_15,75.6,18.2,0,77.9,131,42.8,94.3,800,Cloudy,Minor
2024-05-22,Electronic City,Road_10,68.1,23.0,0,83.4,178,40.5,81.3,4141,Clear,None
2023-07-05,Koramangala,Road_10,77.9,11.9,0,74.5,229,53.6,89.4,4324,Haze,Minor
2022-06-18,Electronic City,Road_2,82.9,14.9,1,80.9,125,41.3,82.5,3954,Rain,Major
2022-07-02,Brigade Road,Road_3,48.9,23.8,2,50.0,146,68.5,82.3,2610,Clear,Major
2022-09-16,Electronic City,Road_13,80.3,10.4,2,73.0,112,32.0,74.3,1866,Rain,Minor
2022-05-14,Marathahalli,Road_3,86.4,15.5,2,80.9,150,62.5,65.7,802,Haze,Major
2022-10-10,Koramangala,Road_10,88.9,16.2,2,100.0,210,69.8,85.1,1584,Cloudy,Major
2022-03-28,Koramangala,Road_16,77.3,13.4,0,80.5,63,31.3,85.4,4824,Rain,None
2024-07-25,Electronic City,Road_6,85.2,16.3,0,92.1,98,50.2,78.3,1502,Clear,Minor
2024-06-15,MG Road,Road_12,75.4,15.4,2,68.1,226,42.4,84.9,2964,Cloudy,None
2022-01-12,Koramangala,Road_4,75.6,23.6,0,92.6,145,56.6,73.2,2410,Haze,Minor
2022-04-17,MG Road,Road_16,59.6,18.6,0,69.5,183,53.1,70.2,538,Haze,Minor
2023-08-27,Marathahalli,Road_2,65.1,16.2,1,77.5,213,52.6,61.4,1171,Clear,Major
2023-12-05,Indiranagar,Road_2,52.9,26.2,0,64.2,86,43.7,83.9,1403,Clear,None
2024-08-05,MG Road,Road_16,43.1,29.8,0,57.3,54,73.8,78.5,3004,Clear,Minor
2022-05-18,Brigade Road,Road_2,63.6,20.8,1,64.8,88,57.5,70.0,4748,Rain,Minor
2023-09-12,Brigade Road,Road_4,77.0,19.6,1,60.1,148,46.0,86.5,2759,Haze,Major
2024-07-24,MG Road,Road_7,62.7,35.0,1,80.8,72,33.8,70.5,1390,Rain,Minor
2024-02-12,Electronic City,Road_12,72.6,19.4,1,81.5,122,35.6,91.7,4609,Clear,None
2022-09-11,Brigade Road,Road_10,74.5,16.2,1,79.1,234,62.4,69.0,4964,Clear,Major
2024-07-19,Whitefield,Road_3,63.5,20.6,0,79.0,235,71.9,70.7,3265,Clear,Major
2022-07-24,MG Road,Road_3,80.8,20.8,0,87.4,224,41.1,76.6,3032,Cloudy,None
2023-05-17,Koramangala,Road_9,75.8,17.3,1,94.4,164,38.3,89.3,3472,Rain,Major
2022-12-12,Indiranagar,Road_10,66.3,26.5,1,79.8,221,59.2,69.1,1544,Clear,Major
2023-05-26,Marathahalli,Road_12,64.2,27.3,0,82.9,127,42.2,67.9,2545,Cloudy,Major
2023-03-15,Silk Board,Road_9,56.4,18.1,0,62.4,112,39.9,73.2,4588,Clear,Major
2022-10-29,Brigade Road,Road_13,70.8,21.5,2,73.6,216,38.0,85.9,1187,Cloudy,None
2022-11-01,Brigade Road,Road_16,52.2,20.5,1,60.1,152,33.7,62.2,1777,Cloudy,Major
2024-01-02,Indiranagar,Road_3,66.1,23.9,0,72.0,214,54.4,72.8,2164,Rain,None
2022-10-29,Marathahalli,Road_3,61.1,18.9,0,65.1,53,30.3,61.8,904,Haze,Minor
2022-03-18,Brigade Road,Road_2,67.9,26.0,1,74.1,223,74.5,76.0,2230,Clear,Minor
2024-05-30,MG Road,Road_10,78.1,14.3,2,91.6,78,41.7,60.1,2872,Rain,Minor
2023-09-13,Brigade Road,Road_2,79.9,18.7,0,73.3,62,67.4,74.1,3859,Haze,None
2023-08-03,Marathahalli,Road_12,71.7,17.0,1,79.9,163,60.4,77.8,2239,Cloudy,Major
2024-01-28,Marathahalli,Road_12,74.8,12.1,0,88.6,56,43.9,91.7,4776,Rain,Major
2024-05-25,Electronic City,Road_13,97.1,11.1,3,100.0,152,75.0,77.7,2796,Haze,Minor
2023-03-26,Electronic City,Road_13,79.5,16.3,1,74.2,77,37.5,60.3,4247,Rain,None
2022-06-04,Marathahalli,Road_16,72.6,21.7,2,69.4,94,37.0,89.9,2764,Clear,Major
2022-10-10,Electronic City,Road_11,79.8,14.0,0,74.1,94,58.2,84.7,1201,Clear,Major
2024-01-28,Koramangala,Road_1,66.8,24.5,1,77.7,225,67.9,87.2,3007,Haze,None
2023-07-30,Koramangala,Road_3,82.1,12.9,1,91.1,211,51.7,90.1,2443,Clear,Major
2022-05-06,Indiranagar,Road_5,66.1,28.0,0,69.6,237,34.9,72.4,4917,Clear,Major
2023-10-26,Electronic City,Road_11,52.1,27.1,0,57.0,113,72.3,69.8,2085,Haze,Minor
2022-05-22,Indiranagar,Road_10,99.0,11.3,0,96.6,226,53.8,74.2,3753,Cloudy,None
2024-07-24,MG Road,Road_16,66.7,20.8,0,79.4,84,45.4,81.3,1294,Rain,Minor
2024-04-17,Indiranagar,Road_6,68.8,25.0,0,81.6,97,59.3,87.6,4021,Clear,None
2024-01-24,Marathahalli,Road_16,69.2,19.2,0,75.8,92,38.8,86.2,2722,Haze,Major
2023-02-09,Marathahalli,Road_4,66.5,27.1,0,75.9,58,39.8,72.6,1010,Rain,Major
2023-04-08,Electronic City,Road_14,79.3,17.9,1,72.5,248,60.5,68.3,4551,Rain,Major
2023-07-09,Whitefield,Road_14,74.3,21.3,0,71.9,237,70.7,88.8,4486,Cloudy,None
2022-11-28,Indiranagar,Road_2,74.6,21.2,0,91.0,149,43.9,80.2,3356,Haze,None
2023-12-25,Marathahalli,Road_4,57.2,23.6,1,56.5,123,57.3,74.4,3108,Rain,None
2022-06-03,Electronic City,Road_8,74.8,12.2,0,77.6,243,43.0,84.0,1188,Clear,None
2022-03-01,Koramangala,Road_12,70.3,21.5,3,86.3,105,64.6,81.6,2597,Haze,Minor
2023-11-24,Marathahalli,Road_5,72.5,25.4,1,89.3,73,53.6,60.8,3931,Rain,Minor
2023-04-20,Electronic City,Road_2,51.7,21.6,0,61.5,141,38.1,82.6,4135,Cloudy,Major
2024-07-12,Indiranagar,Road_3,68.0,26.2,2,75.3,75,66.3,66.8,3587,Clear,Minor
2024-03-28,Indiranagar,Road_9,72.9,19.8,0,91.0,151,71.3,78.0,4163,Clear,None
2022-09-07,Whitefield,Road_16,62.8,20.8,0,82.5,129,57.6,68.2,667,Clear,None
2023-02-22,Marathahalli,Road_15,62.9,30.1,2,82.7,187,31.2,91.8,4394,Clear,Minor
2024-04-14,Marathahalli,Road_9,57.9,22.2,1,61.9,157,73.1,90.5,2148,Cloudy,Minor
2022-11-30,Koramangala,Road_15,72.5,21.7,2,85.4,166,60.3,90.9,4848,Cloudy,Minor
2022-03-13,Koramangala,Road_6,77.3,15.2,1,83.5,80,35.0,83.3,1062,Haze,Minor
2024-01-17,Electronic City,Road_15,49.7,29.9,0,66.6,180,43.5,87.4,4899,Rain,Minor
2022-02-06,Brigade Road,Road_3,59.9,25.8,2,57.1,197,39.4,62.7,1070,Rain,Minor
2023-10-15,Marathahalli,Road_1,64.5,20.3,1,70.7,54,57.8,86.8,2065,Haze,Minor
2022-06-17,MG Road,Road_3,87.0,15.2,3,100.0,59,64.3,87.3,3096,Cloudy,None
2024-07-13,Silk Board,Road_3,57.1,23.9,0,60.4,88,49.4,65.1,3342,Haze,None
2022-12-27,Marathahalli,Road_15,64.4,30.8,1,72.3,63,59.4,69.7,1026,Cloudy,Major
2023-11-11,Koramangala,Road_2,79.6,21.7,3,88.0,216,71.0,72.3,4606,Clear,Major
2024-08-17,Silk Board,Road_4,48.7,26.1,0,50.0,56,72.8,77.3,3792,Haze,Minor
2022-03-26,Koramangala,Road_13,69.3,28.4,0,86.5,205,51.3,82.2,1924,Rain,None
2023-10-06,Whitefield,Road_12,79.7,14.3,1,78.2,140,64.4,73.4,1553,Haze,Major
2022-01-27,MG Road,Road_16,61.6,28.6,0,81.8,124,73.8,76.5,2033,Clear,None
2022-06-19,Koramangala,Road_16,68.6,13.6,1,86.6,152,68.2,83.8,1597,Haze,Minor
2023-10-10,Silk Board,Road_9,71.1,19.1,1,88.4,138,47.7,79.5,3291,Haze,Minor
2023-02-07,Indiranagar,Road_15,56.1,28.6,0,50.0,124,71.7,86.6,2525,Haze,Minor
2024-05-27,Electronic City,Road_6,73.2,21.4,2,79.6,57,59.9,71.4,2379,Haze,Major
2023-07-12,Whitefield,Road_9,67.5,25.0,1,71.5,120,44.8,72.8,1994,Clear,Major
2023-11-08,Whitefield,Road_5,90.7,14.9,0,76.1,134,57.6,60.6,846,Clear,None
2022-07-13,Electronic City,Road_10,77.0,17.7,1,81.6,121,54.2,62.4,4994,Clear,Minor
2022-07-29,Electronic City,Road_6,73.2,15.1,1,83.6,74,42.1,85.6,4927,Rain,None
2022-07-05,Silk Board,Road_15,73.7,17.8,1,70.8,50,70.4,77.1,4681,Clear,Minor
2024-06-24,Whitefield,Road_3,67.6,12.2,0,79.6,117,47.9,61.6,2849,Clear,None
2023-05-01,Silk Board,Road_1,56.5,22.2,0,50.0,54,55.4,86.0,1636,Cloudy,None
2022-09-22,Brigade Road,Road_16,70.0,18.9,0,78.4,83,66.0,94.5,3065,Cloudy,Major
2023-12-09,Whitefield,Road_7,63.7,21.4,0,80.1,225,65.3,74.1,4846,Haze,Minor
2023-10-20,Electronic City,Road_13,79.8,21.1,1,97.1,176,37.4,62.5,1687,Clear,Major
2022-11-08,Electronic City,Road_9,78.4,14.5,2,76.4,161,40.8,62.2,1754,Clear,None
2022-09-11,Silk Board,Road_3,68.1,24.1,0,76.0,141,41.0,87.7,4392,Haze,None
2023-03-03,Silk Board,Road_3,64.3,24.4,1,66.9,64,30.6,68.2,4854,Cloudy,None
2022-12-29,Indiranagar,Road_13,79.6,10.8,1,89.3,193,40.8,70.7,2193,Rain,Minor
2022-04-29,Indiranagar,Road_7,70.9,24.9,0,70.9,153,65.5,68.8,1338,Clear,None
2023-01-03,MG Road,Road_8,60.8,23.5,1,65.9,183,37.2,76.9,3624,Cloudy,None
2023-07-26,MG Road,Road_9,69.6,17.0,1,74.5,233,54.2,75.7,4510,Rain,Major
2022-04-19,Koramangala,Road_15,82.3,15.4,3,88.2,228,45.7,74.3,3974,Clear,Major
2023-06-13,MG Road,Road_16,43.8,26.4,0,51.4,247,59.2,92.8,1655,Haze,Major
2024-07-29,Whitefield,Road_6,61.7,26.6,0,54.1,110,40.4,79.3,1500,Rain,None
2022-06-20,Indiranagar,Road_7,72.2,14.7,0,68.0,209,47.6,88.4,1143,Cloudy,None
2023-05-12,Brigade Road,Road_3,91.2,12.8,2,99.3,55,50.4,80.9,2929,Clear,Minor
2022-04-24,Brigade Road,Road_6,72.2,19.6,1,76.2,150,60.5,87.1,4924,Clear,Minor
2022-10-23,Electronic City,Road_13,72.5,15.0,4,79.8,75,68.0,78.1,3694,Clear,None
2022-05-11,Indiranagar,Road_16,79.4,13.7,3,85.1,61,43.2,61.1,2060,Cloudy,Minor
2022-08-04,Electronic City,Road_6,70.9,15.0,1,83.2,207,45.7,73.6,2579,Clear,Major
2022-09-01,Koramangala,Road_5,53.6,36.3,0,51.9,94,60.7,63.2,2786,Haze,Minor
2022-05-08,Koramangala,Road_10,92.1,9.5,0,95.1,204,74.0,64.1,4298,Haze,Minor
2024-06-21,Brigade Road,Road_12,55.1,25.0,0,50.0,179,64.1,69.6,2445,Haze,Major
2023-09-12,Silk Board,Road_8,65.3,21.0,0,78.9,233,68.2,73.4,3997,Clear,Major
2023-03-28,Koramangala,Road_4,89.2,14.1,2,90.2,66,35.3,63.5,794,Clear,Major
2022-09-27,Electronic City,Road_10,70.4,20.2,1,63.3,170,40.8,81.5,719,Rain,Minor
2023-01-07,MG Road,Road_12,56.9,27.0,0,71.0,217,58.7,61.5,4224,Rain,None
2024-02-06,Whitefield,Road_9,75.1,12.0,0,72.7,144,60.8,88.0,1716,Haze,None
2022-11-26,Koramangala,Road_2,81.1,22.3,0,82.4,160,71.2,87.3,2359,Clear,Major
2024-08-15,Indiranagar,Road_11,88.7,13.6,1,93.9,95,68.2,87.2,3446,Clear,Minor
2022-09-10,Koramangala,Road_2,72.6,32.4,1,87.2,231,73.9,83.4,923,Haze,None
2023-05-30,Brigade Road,Road_13,71.8,21.7,1,73.9,228,32.1,81.6,543,Rain,Major
2023-02-22,Brigade Road,Road_8,72.3,16.8,0,78.7,88,61.6,74.6,2498,Cloudy,None
2022-07-24,Brigade Road,Road_6,71.6,17.6,4,67.1,137,60.0,83.7,1650,Cloudy,Minor
2023-11-09,Brigade Road,Road_9,50.6,30.1,0,56.1,133,43.9,90.0,1252,Rain,None
2024-02-13,Whitefield,Road_4,89.7,11.2,0,98.7,233,66.3,77.6,3919,Clear,None
2024-07-03,Brigade Road,Road_9,64.1,18.0,0,71.9,56,58.0,75.0,2411,Rain,Minor
2023-06-16,Brigade Road,Road_1,68.2,20.5,2,67.9,110,49.0,69.5,4625,Clear,Major
2023-09-21,Silk Board,Road_2,67.1,19.9,0,73.6,172,67.8,88.1,715,Clear,None
2023-05-08,Whitefield,Road_6,56.3,21.4,1,65.7,81,62.8,93.9,4103,Clear,None
2023-06-02,Silk Board,Road_15,76.7,25.8,0,77.8,69,51.4,75.9,2266,Cloudy,Major
2022-07-12,Koramangala,Road_14,70.4,21.3,1,72.5,247,41.8,63.0,3424,Rain,Minor
2023-08-30,Indiranagar,Road_5,78.2,14.8,1,94.3,224,48.5,61.6,2638,Cloudy,Major
2022-04-11,Koramangala,Road_1,78.0,14.3,0,99.6,150,71.1,69.7,2535,Cloudy,Minor
2022-06-22,Electronic City,Road_12,96.2,13.2,2,100.0,215,42.1,71.1,4490,Cloudy,None
2022-08-20,Koramangala,Road_2,84.8,18.2,1,89.6,111,59.4,84.0,4943,Haze,None
2023-05-24,Whitefield,Road_2,78.4,12.9,0,78.0,108,69.3,90.8,1514,Rain,None
2024-07-07,Whitefield,Road_6,68.0,19.8,0,73.3,201,55.7,93.0,982,Haze,Minor
2023-08-20,Indiranagar,Road_16,74.9,20.8,2,67.5,231,52.6,91.8,1775,Rain,None
2024-01-06,Whitefield,Road_16,68.7,20.0,1,78.2,73,32.8,76.8,3619,Cloudy,None
2023-09-11,Koramangala,Road_4,63.3,26.1,1,68.0,245,39.1,78.0,4560,Haze,Major
2022-11-03,MG Road,Road_12,46.8,27.5,0,50.0,246,45.9,76.4,2140,Rain,None
2022-08-20,MG Road,Road_12,71.4,23.2,0,81.2,83,53.4,64.8,4793,Clear,Minor
2023-07-25,Indiranagar,Road_10,78.3,18.7,1,90.4,240,44.6,71.6,1940,Cloudy,Major
2023-05-18,MG Road,Road_3,86.7,11.6,2,95.5,104,56.8,76.8,3290,Rain,Major
2023-12-07,Electronic City,Road_5,83.4,14.6,0,87.7,210,70.7,76.7,1449,Cloudy,Minor
2023-04-18,MG Road,Road_6,81.2,19.1,0,97.9,153,66.5,68.6,1871,Haze,None
2023-10-02,MG Road,Road_10,74.6,21.4,1,76.4,51,49.0,62.5,1946,Rain,None
2022-07-21,Indiranagar,Road_11,85.4,20.3,1,100.0,144,43.3,78.3,2717,Clear,None
2024-04-22,MG Road,Road_9,77.6,23.4,2,83.2,194,30.4,90.6,827,Cloudy,None
2023-09-15,Silk Board,Road_8,69.8,25.6,0,75.9,96,39.2,69.1,2010,Cloudy,Major
2023-12-26,Brigade Road,Road_3,49.6,29.2,0,62.8,114,51.2,91.0,3830,Haze,Minor
2023-07-28,Koramangala,Road_15,83.5,16.3,1,84.8,131,49.7,66.0,2573,Haze,Minor
2023-12-11,MG Road,Road_11,54.0,30.3,0,59.6,145,66.5,66.6,2983,Clear,None
2022-01-17,Whitefield,Road_3,64.2,28.7,0,66.1,142,62.1,95.0,681,Clear,Minor
2022-10-12,Koramangala,Road_7,71.2,22.6,1,75.5,86,37.1,73.4,656,Rain,Minor
2023-09-28,Silk Board,Road_2,61.4,30.5,1,63.0,228,63.2,72.6,3986,Cloudy,Major
2024-01-04,Brigade Road,Road_5,81.1,11.7,2,99.4,70,37.5,84.4,2818,Haze,None
2022-10-22,Brigade Road,Road_5,49.4,27.2,0,65.8,75,50.4,91.3,3821,Rain,None
2023-12-30,Koramangala,Road_2,78.7,21.8,0,74.7,151,67.9,66.4,2722,Cloudy,Minor
2024-06-23,Brigade Road,Road_2,43.9,31.7,0,54.1,211,65.1,84.1,1551,Clear,Major
2023-02-11,MG Road,Road_14,59.4,28.7,0,55.4,147,72.2,84.5,4668,Rain,None
2022-11-21,Koramangala,Road_8,85.6,17.2,1,95.7,88,68.0,67.1,2586,Clear,Major
2024-07-19,Marathahalli,Road_5,68.2,19.5,0,68.9,59,56.6,76.7,1952,Clear,Major
2022-09-22,Silk Board,Road_11,47.7,28.2,0,55.1,186,38.6,64.6,2973,Rain,Major
2022-08-10,Koramangala,Road_5,68.4,17.8,0,74.3,217,74.9,78.1,569,Rain,Minor
2023-04-01,Silk Board,Road_11,78.4,16.6,4,97.0,145,50.3,71.4,2578,Haze,None
2024-05-20,MG Road,Road_3,67.5,16.2,1,72.6,161,66.8,84.6,629,Haze,None
2024-03-19,Electronic City,Road_3,88.9,15.8,0,100.0,140,41.7,64.5,2019,Rain,Major
2023-11-18,MG Road,Road_13,80.8,15.1,0,87.4,121,31.8,60.1,2728,Clear,Minor
2023-06-07,Indiranagar,Road_3,52.3,25.6,0,65.9,161,46.5,63.4,3189,Rain,None
2023-03-20,Indiranagar,Road_6,93.7,9.6,1,100.0,233,44.0,75.0,4926,Rain,None
2022-02-20,Koramangala,Road_13,59.2,26.8,1,83.2,139,69.2,78.0,3942,Haze,None
2022-12-20,MG Road,Road_11,73.7,22.5,1,78.1,214,44.4,82.5,4633,Rain,Minor
2023-06-20,Electronic City,Road_15,80.7,21.3,0,76.3,139,43.6,63.6,3542,Haze,Major
2022-12-20,Whitefield,Road_1,71.4,16.7,2,82.2,183,49.0,80.3,1950,Haze,Minor
2022-06-09,MG Road,Road_8,74.7,15.4,1,78.8,149,70.7,86.4,2730,Rain,None
2023-09-17,Electronic City,Road_2,63.2,29.2,0,59.1,202,58.5,90.2,4650,Haze,Major
2022-06-18,Brigade Road,Road_16,56.7,14.4,2,60.7,150,55.0,87.2,1943,Haze,Minor
2023-02-16,MG Road,Road_15,63.6,30.1,1,68.5,74,51.1,80.3,4003,Cloudy,Major
2024-05-15,Whitefield,Road_12,76.8,16.6,3,81.4,112,63.0,61.6,4844,Clear,Minor
2023-05-12,Brigade Road,Road_4,67.1,24.3,1,86.8,225,54.7,81.9,2243,Rain,Major
2023-11-25,Whitefield,Road_7,79.7,19.3,0,92.1,224,70.7,61.9,4286,Clear,Major
2024-02-17,Silk Board,Road_13,54.4,24.6,0,50.0,229,51.4,90.2,3571,Rain,Minor
2022-08-09,Brigade Road,Road_15,66.0,25.4,0,65.0,97,54.0,70.1,4018,Haze,Major
2023-04-28,Marathahalli,Road_5,77.7,17.5,3,75.6,247,34.5,93.7,3500,Haze,None
2022-01-22,Koramangala,Road_6,75.4,16.7,3,75.9,160,69.3,69.9,2194,Clear,None
2023-12-10,Indiranagar,Road_13,80.2,19.7,0,80.5,131,38.7,87.8,2695,Rain,Major
2022-04-20,Electronic City,Road_13,63.9,24.8,0,50.0,220,55.4,75.1,2641,Clear,Major
2024-05-11,Silk Board,Road_3,64.5,21.8,1,66.3,56,46.3,73.9,2710,Haze,Major
2023-11-02,Electronic City,Road_3,91.6,11.0,3,85.1,222,31.8,69.6,4384,Clear,Major
2023-10-18,Silk Board,Road_2,76.2,10.1,0,85.1,170,63.5,60.4,2294,Clear,Major
2022-04-13,Brigade Road,Road_12,84.2,15.7,2,85.6,167,48.7,70.7,3261,Cloudy,None
2024-02-28,Whitefield,Road_1,76.0,16.2,2,81.3,90,65.2,90.1,2735,Rain,Major
2022-06-19,Whitefield,Road_16,48.3,26.7,0,57.0,103,34.0,94.2,749,Rain,None
2022-12-11,Koramangala,Road_2,80.0,13.7,1,88.1,78,63.2,85.7,2460,Haze,Major
2022-01-22,Marathahalli,Road_15,92.3,15.8,1,94.5,149,36.3,64.6,3737,Haze,Major
2022-06-15,Marathahalli,Road_3,68.6,23.1,1,70.3,115,75.0,87.5,2022,Cloudy,Minor
2022-07-11,Electronic City,Road_11,73.6,16.3,1,83.0,249,52.7,71.2,4707,Clear,Major
2022-06-14,MG Road,Road_1,64.6,23.0,0,64.9,210,63.7,81.1,4963,Cloudy,Minor
2024-04-01,Brigade Road,Road_16,77.2,13.6,0,94.7,225,41.6,62.9,4154,Haze,Major
2022-08-06,Koramangala,Road_5,76.6,19.0,0,71.9,62,73.7,82.7,4100,Clear,Minor
2023-06-29,Electronic City,Road_11,64.0,22.3,2,81.4,206,60.0,69.3,1579,Rain,Minor
2024-08-11,Whitefield,Road_9,58.2,24.8,0,68.5,65,73.2,89.9,4918,Clear,Minor
2024-01-04,Brigade Road,Road_5,73.0,18.4,1,68.7,113,35.0,71.8,1232,Cloudy,Major
2024-05-07,Marathahalli,Road_11,78.9,17.1,0,78.7,105,36.9,89.2,3844,Clear,Major
2022-02-01,Indiranagar,Road_5,62.1,24.5,0,75.9,202,74.5,70.5,3775,Cloudy,Minor
2022-08-30,Whitefield,Road_15,69.1,19.3,2,72.6,192,66.8,62.2,1808,Cloudy,None
2022-07-01,Whitefield,Road_13,78.6,20.9,1,96.5,120,63.6,66.9,1051,Haze,Minor
2024-01-26,Marathahalli,Road_2,59.8,24.9,1,75.0,190,73.7,61.2,4183,Rain,Minor
2022-11-05,Whitefield,Road_3,73.5,22.5,1,85.2,124,61.5,69.7,3482,Cloudy,Major
2023-11-15,Silk Board,Road_4,56.4,21.1,1,52.6,137,30.0,79.1,4158,Haze,Minor
2022-10-31,Koramangala,Road_4,67.7,18.3,0,81.0,130,66.4,80.7,1892,Rain,Major
2024-02-18,Indiranagar,Road_14,84.4,16.2,1,95.1,224,69.6,81.5,4642,Cloudy,None
2023-02-03,Marathahalli,Road_11,90.4,13.8,2,93.4,183,42.6,76.1,2091,Clear,Major
2022-07-04,Marathahalli,Road_4,74.8,19.2,0,87.6,210,62.6,76.9,2316,Cloudy,Major
2022-09-12,Silk Board,Road_1,59.1,21.6,0,57.9,137,54.8,73.3,1910,Rain,Minor
2022-07-10,Brigade Road,Road_9,76.1,18.2,2,81.0,188,43.5,60.8,3952,Clear,Minor
2023-11-06,Marathahalli,Road_7,75.7,17.2,1,86.2,122,69.7,66.5,2507,Rain,Major
2022-08-09,Indiranagar,Road_14,99.0,10.5,3,93.9,222,71.9,64.2,4137,Cloudy,Major
2022-02-09,Silk Board,Road_11,65.1,23.7,0,73.3,183,46.5,90.5,1963,Rain,Minor
2022-09-14,Electronic City,Road_16,68.2,22.6,1,69.5,220,73.9,70.9,1377,Cloudy,Minor
2024-01-23,Silk Board,Road_7,85.9,10.8,0,85.9,66,39.8,68.2,2594,Haze,Minor
2024-06-02,Silk Board,Road_13,85.8,12.3,3,90.2,119,54.8,78.2,1205,Clear,Minor
2022-01-07,Marathahalli,Road_9,71.3,19.5,0,84.5,200,35.1,69.2,1996,Haze,Major
2022-08-27,MG Road,Road_14,63.9,29.5,1,68.9,98,33.2,68.9,2103,Rain,Major
2022-05-02,MG Road,Road_15,73.1,12.4,2,79.0,175,32.4,66.1,1057,Clear,None
2024-02-07,Silk Board,Road_12,59.6,20.0,1,68.8,185,40.0,93.4,4471,Cloudy,Minor
2022-08-10,Indiranagar,Road_3,81.2,13.6,1,78.7,90,68.0,64.0,4331,Cloudy,Minor
2022-01-02,Marathahalli,Road_14,74.0,24.5,1,57.9,75,33.8,84.1,1025,Cloudy,Minor
2022-03-29,Indiranagar,Road_11,49.6,20.9,0,59.3,164,48.7,86.6,3766,Haze,Major
2023-08-01,Electronic City,Road_6,79.1,16.8,1,92.3,147,45.5,83.1,689,Haze,Major
2023-03-24,Whitefield,Road_10,78.5,21.3,1,93.4,223,59.5,73.8,1917,Rain,Minor
2022-01-01,Koramangala,Road_16,66.1,12.1,2,61.5,215,67.3,82.4,3548,Clear,Minor
2022-03-04,Electronic City,Road_10,71.6,19.4,0,73.8,55,38.5,62.5,3566,Haze,Minor
2023-05-26,MG Road,Road_1,70.3,22.2,2,67.4,127,63.2,63.0,3458,Clear,Major
2023-01-22,Marathahalli,Road_9,72.8,22.3,0,80.4,122,41.9,77.4,3990,Cloudy,Minor
2023-07-26,Silk Board,Road_16,96.0,9.5,3,100.0,236,60.0,74.5,4332,Cloudy,Major
2022-12-20,Indiranagar,Road_15,74.1,17.5,1,75.7,215,57.7,87.1,763,Rain,None
2024-08-13,Marathahalli,Road_9,60.2,20.6,1,64.6,174,46.8,76.3,1907,Clear,Major
2024-06-03,MG Road,Road_7,79.4,20.3,1,93.2,135,39.5,88.6,4586,Rain,None
2022-01-24,Indiranagar,Road_9,67.6,22.0,2,68.4,96,69.5,72.2,4698,Clear,Major
2022-10-07,MG Road,Road_14,87.7,11.2,4,96.4,147,53.3,86.1,4812,Rain,None
2022-12-12,Whitefield,Road_12,54.0,27.8,0,53.8,195,31.9,60.6,4558,Rain,Minor
2024-02-04,Whitefield,Road_12,61.3,24.4,0,55.7,171,57.8,80.2,2043,Haze,Minor
2022-05-31,Whitefield,Road_11,70.9,16.3,1,82.0,68,36.3,89.7,3131,Haze,Minor
2023-06-13,Indiranagar,Road_14,61.3,23.5,1,71.1,202,67.1,83.7,4486,Cloudy,None
2023-11-25,Whitefield,Road_3,86.4,24.2,1,85.7,231,69.3,68.9,1371,Haze,Major
2023-11-09,Marathahalli,Road_3,83.5,14.4,1,85.2,197,33.6,78.2,4548,Haze,None
2024-01-19,Indiranagar,Road_12,79.5,25.7,2,96.6,240,45.6,88.1,3343,Haze,Minor
2023-09-03,Silk Board,Road_5,82.3,24.9,0,72.4,145,49.4,62.9,1242,Clear,Minor
2023-10-12,Indiranagar,Road_1,68.4,15.3,0,82.4,65,51.9,85.7,3329,Clear,None
2022-01-23,Whitefield,Road_15,71.4,19.2,0,96.7,85,63.3,74.2,3667,Clear,None
2023-11-10,Silk Board,Road_10,72.6,20.2,2,73.5,210,38.9,85.1,2560,Haze,Major
2023-09-14,Whitefield,Road_4,63.6,20.0,0,55.0,100,39.3,81.9,2794,Haze,None
2022-10-24,Whitefield,Road_2,74.0,19.7,0,73.8,238,50.5,69.5,4092,Cloudy,Minor
2024-03-23,Brigade Road,Road_8,50.0,24.6,0,50.0,195,64.5,80.1,2912,Clear,Minor
2023-08-11,Silk Board,Road_7,55.4,23.9,0,62.9,193,37.8,68.6,1472,Rain,None
2023-09-18,Marathahalli,Road_5,71.6,18.9,1,62.2,249,54.6,70.6,1182,Cloudy,Minor
2023-04-09,Koramangala,Road_2,84.1,17.3,1,92.3,161,60.9,78.9,829,Cloudy,Major
2023-06-28,Silk Board,Road_9,52.9,26.4,0,50.0,248,62.9,93.4,3701,Haze,Major
2023-05-05,Whitefield,Road_15,48.5,22.7,0,76.1,195,71.6,62.8,594,Clear,None
2024-07-31,Marathahalli,Road_4,75.5,15.6,0,67.4,148,39.8,70.4,2632,Cloudy,None
2023-10-31,Koramangala,Road_16,67.5,20.4,0,78.7,150,53.1,88.4,2203,Haze,None
2024-06-16,Electronic City,Road_7,72.8,21.2,1,82.5,133,33.5,76.1,2822,Haze,None
2023-09-23,Electronic City,Road_10,61.0,23.4,0,74.6,193,30.3,67.2,2905,Haze,None
2023-09-24,Whitefield,Road_10,62.4,29.5,1,72.7,53,70.1,84.1,3245,Rain,Major
2023-07-05,MG Road,Road_9,88.1,23.7,2,86.8,148,55.7,74.8,3397,Cloudy,Minor
2022-10-04,Whitefield,Road_9,55.0,22.2,0,58.3,238,53.0,62.0,2120,Cloudy,Minor
2023-04-10,Silk Board,Road_10,72.4,16.5,2,87.6,223,58.1,65.3,4707,Haze,None
2023-12-15,Indiranagar,Road_8,70.3,20.1,1,72.7,197,61.8,71.2,4909,Haze,None
2023-03-10,MG Road,Road_2,60.4,19.7,1,50.1,124,31.8,79.7,2844,Rain,Major
2023-02-24,MG Road,Road_16,79.2,18.9,2,100.0,71,59.9,91.3,3472,Haze,Major
2024-07-11,Koramangala,Road_14,55.7,24.4,0,50.0,61,32.0,94.8,1872,Rain,None
2022-09-11,MG Road,Road_2,83.0,20.1,2,97.0,222,62.0,66.8,1158,Cloudy,None
2022-02-17,Whitefield,Road_9,56.8,29.6,0,66.3,119,47.2,92.9,4734,Haze,Major
2022-11-07,Brigade Road,Road_8,66.5,16.6,0,65.2,126,46.7,88.0,1803,Rain,Major
2022-04-28,Electronic City,Road_2,75.8,22.7,1,79.9,243,70.3,73.8,2562,Clear,Major
2023-02-06,Indiranagar,Road_4,67.0,20.0,1,90.9,136,74.9,63.2,1235,Haze,Major
2022-08-02,Electronic City,Road_14,82.6,14.5,2,93.5,54,69.2,73.7,4052,Rain,Major
2022-03-22,Electronic City,Road_11,51.2,18.0,0,73.1,155,73.6,77.8,3721,Clear,Minor
2023-03-25,Indiranagar,Road_13,61.4,32.5,0,64.0,120,49.7,85.7,1157,Rain,None
2022-02-06,Whitefield,Road_8,93.5,12.6,1,92.8,72,43.2,91.3,1568,Cloudy,None
2022-05-27,Marathahalli,Road_12,64.6,22.9,0,63.1,246,56.4,73.1,2427,Haze,None
2022-02-24,Electronic City,Road_11,95.3,17.8,0,100.0,185,66.0,80.7,4326,Haze,Minor
2024-01-17,Silk Board,Road_10,66.1,23.5,3,69.5,69,47.9,80.9,1106,Clear,Major
2024-06-06,Marathahalli,Road_14,58.2,16.4,0,64.0,152,63.3,78.4,2756,Haze,None
2024-07-08,Indiranagar,Road_2,56.2,35.7,0,62.6,147,43.5,67.4,3378,Clear,Minor
2023-07-01,Indiranagar,Road_7,78.0,10.3,2,84.3,62,50.1,67.2,2218,Rain,None
2022-01-03,Marathahalli,Road_4,73.0,21.6,1,79.9,126,43.2,84.1,1495,Haze,Minor
2022-10-24,Brigade Road,Road_5,78.6,14.1,1,82.7,109,41.0,89.0,1182,Rain,Major
2023-06-01,Whitefield,Road_16,66.6,17.8,0,66.2,135,62.8,94.7,3237,Cloudy,Minor
2022-01-30,Brigade Road,Road_8,53.3,29.7,0,57.0,76,55.2,67.6,3284,Cloudy,Minor
2022-08-13,Silk Board,Road_12,45.8,31.2,0,50.0,238,48.3,93.4,4526,Cloudy,None
2022-01-23,Whitefield,Road_12,80.2,11.4,0,93.9,169,41.8,64.1,4507,Clear,Major
2022-07-29,Whitefield,Road_4,68.9,23.6,1,79.9,86,31.8,75.5,742,Haze,Minor
2024-08-01,Electronic City,Road_9,79.6,20.4,1,78.0,190,56.4,70.1,2344,Rain,None
2023-07-22,Whitefield,Road_4,45.9,19.4,1,50.0,122,73.9,77.0,2894,Clear,Major
2023-06-16,MG Road,Road_8,56.2,24.0,0,54.3,220,73.1,79.5,2308,Rain,Minor
2023-09-26,Brigade Road,Road_10,65.2,20.6,0,76.1,108,68.5,83.3,1380,Haze,Major
2022-04-07,MG Road,Road_6,81.4,15.2,4,80.2,249,68.7,77.1,586,Cloudy,Major
2023-01-19,Koramangala,Road_13,65.4,20.3,0,67.1,124,35.7,89.2,605,Cloudy,Minor
2023-04-12,Marathahalli,Road_5,76.7,19.5,2,67.3,205,36.9,94.9,4363,Cloudy,None
2022-06-21,Brigade Road,Road_4,73.2,13.4,2,67.6,221,44.4,78.2,2253,Rain,Major
2023-08-18,Silk Board,Road_9,79.4,20.8,1,86.6,96,41.7,84.7,2092,Haze,Major
2022-01-29,Silk Board,Road_13,65.3,29.7,1,67.7,239,52.0,93.5,4107,Rain,Minor
2022-04-25,Koramangala,Road_14,62.2,27.3,0,79.5,57,70.9,87.2,4087,Cloudy,None
2024-05-25,Electronic City,Road_16,89.8,17.8,1,97.1,173,46.0,70.8,4287,Cloudy,None
2023-01-06,Electronic City,Road_3,73.6,20.1,0,82.3,239,61.9,67.1,3077,Rain,None
2023-07-12,Brigade Road,Road_15,84.3,21.4,2,78.8,241,42.1,80.5,3143,Haze,None
2024-04-29,Marathahalli,Road_4,70.1,14.8,0,90.3,153,68.6,93.2,4060,Clear,Major
2024-03-24,Koramangala,Road_16,64.3,21.4,0,58.2,235,63.7,78.2,1695,Cloudy,None
2024-05-08,Koramangala,Road_7,58.3,29.1,0,73.0,152,39.9,90.8,2372,Haze,Major
2023-07-19,Koramangala,Road_15,79.4,13.6,1,84.6,141,55.7,84.8,2980,Cloudy,Minor
2022-10-25,Silk Board,Road_12,64.8,13.8,0,68.6,147,43.6,62.2,556,Cloudy,Major
2023-01-10,Indiranagar,Road_11,54.2,29.6,2,60.5,63,42.7,70.4,833,Clear,None
2022-01-26,Koramangala,Road_14,59.3,26.0,1,63.0,229,73.1,84.2,3911,Rain,None
2024-02-07,Koramangala,Road_15,83.9,8.0,3,94.1,107,67.4,70.1,4626,Haze,Major
2023-05-05,Electronic City,Road_9,64.3,24.6,0,67.3,58,64.0,68.2,3358,Cloudy,None
2022-08-01,Marathahalli,Road_12,80.7,22.7,3,84.7,166,52.2,75.5,2379,Clear,Minor
2023-03-21,MG Road,Road_5,67.1,20.2,1,65.7,228,37.0,85.0,3358,Cloudy,Major
2022-03-20,Marathahalli,Road_10,67.1,21.7,0,68.8,138,63.0,82.2,2762,Haze,Minor
2023-04-06,Marathahalli,Road_9,57.1,27.4,0,66.4,90,56.2,90.2,1212,Rain,Minor
2024-05-05,Indiranagar,Road_2,62.7,20.4,0,66.4,169,67.9,85.2,2844,Haze,Minor
2024-01-13,Marathahalli,Road_13,63.9,25.4,0,56.6,219,64.3,87.7,4416,Haze,Major
2022-03-22,Electronic City,Road_4,72.6,17.7,0,94.0,241,37.3,66.6,3406,Haze,None
2024-03-06,Brigade Road,Road_13,63.1,28.9,0,61.8,110,67.1,71.7,2532,Clear,None
2022-02-02,Koramangala,Road_1,71.9,20.0,1,68.3,198,44.4,88.9,2316,Rain,Major
2022-11-10,Brigade Road,Road_5,91.6,9.4,0,83.9,202,40.2,91.5,4918,Rain,Minor
2022-04-06,Whitefield,Road_3,55.1,32.8,0,72.5,154,38.0,82.7,1337,Haze,Major
2023-11-07,MG Road,Road_1,76.7,20.9,2,72.9,191,51.3,82.9,1029,Haze,Minor
2024-07-26,Electronic City,Road_10,70.1,19.7,2,81.4,241,72.0,88.8,660,Clear,Minor
2022-09-30,MG Road,Road_2,70.4,21.0,2,74.5,108,73.6,90.2,1942,Cloudy,None
2023-10-19,Electronic City,Road_14,69.2,26.9,1,78.2,128,68.4,80.4,4681,Clear,None
2024-01-03,Whitefield,Road_1,61.3,24.3,0,66.4,177,39.5,82.0,4068,Rain,Minor
2023-04-27,Indiranagar,Road_13,99.0,8.7,1,99.4,118,37.0,79.8,1021,Haze,Minor
2024-05-29,Brigade Road,Road_15,66.4,21.5,1,63.4,192,59.2,91.4,3917,Clear,None
2024-06-17,Electronic City,Road_1,74.7,22.4,0,76.6,117,35.2,67.7,3650,Cloudy,Minor
2023-01-08,Whitefield,Road_11,81.1,19.0,0,91.7,81,71.4,90.8,2634,Rain,Minor
2023-08-31,MG Road,Road_6,57.4,21.0,0,54.4,114,53.9,73.9,1140,Clear,Minor
2023-05-08,Whitefield,Road_2,55.1,27.8,0,53.3,216,54.9,92.7,2603,Cloudy,Major
2023-03-29,Whitefield,Road_2,36.6,39.7,0,50.0,112,49.0,73.0,2166,Rain,Minor
2024-02-14,Electronic City,Road_9,87.5,13.6,3,88.2,116,33.3,75.5,1689,Rain,Minor
2023-03-10,Marathahalli,Road_14,55.8,27.2,0,59.1,105,35.1,62.3,1719,Cloudy,Major
2022-12-19,Koramangala,Road_4,81.7,17.7,0,100.0,181,64.3,74.1,1923,Rain,Minor
2023-06-29,Silk Board,Road_6,72.4,19.1,0,78.2,233,42.4,68.9,4232,Haze,Minor
2022-12-07,Whitefield,Road_13,63.0,20.2,0,66.3,76,64.3,78.3,1020,Cloudy,Major
2023-05-26,Koramangala,Road_5,60.1,26.1,1,58.4,66,39.3,92.7,4358,Clear,Minor
2022-03-27,Silk Board,Road_3,65.6,30.3,1,63.5,68,50.5,74.6,2431,Clear,Minor
2023-01-02,Indiranagar,Road_10,92.3,10.5,1,100.0,244,59.7,65.6,3593,Cloudy,Major
2023-05-01,Marathahalli,Road_11,62.8,29.5,0,62.5,80,53.6,67.2,1789,Haze,Minor
2024-02-08,MG Road,Road_12,53.7,26.1,0,60.4,169,41.5,94.7,1148,Haze,Major
2023-09-26,Silk Board,Road_9,82.3,14.4,0,84.5,149,48.8,91.3,4362,Haze,None
2024-02-06,Brigade Road,Road_15,77.8,18.9,1,87.2,170,70.1,73.1,2169,Clear,Minor
2022-04-19,Whitefield,Road_13,70.2,21.5,1,80.7,168,71.3,67.4,4333,Rain,Major
2023-05-31,Whitefield,Road_13,81.2,16.0,2,93.8,200,72.9,81.2,4946,Cloudy,None
2024-03-31,Brigade Road,Road_2,62.9,21.3,1,67.5,103,70.7,62.1,1608,Rain,Minor
2022-06-26,MG Road,Road_8,59.1,23.9,2,50.2,66,38.5,94.0,1558,Rain,None
2023-08-30,Whitefield,Road_12,76.3,20.0,0,89.5,60,71.7,82.4,1999,Cloudy,None
2023-11-26,Whitefield,Road_16,61.6,19.0,1,53.1,75,52.0,61.1,4984,Rain,None
2024-02-13,Silk Board,Road_4,76.2,13.9,1,85.0,110,32.2,60.5,3502,Cloudy,None
2023-04-09,Marathahalli,Road_8,50.1,28.2,0,52.1,123,56.1,62.4,2506,Haze,Minor
2024-06-26,Indiranagar,Road_1,95.1,13.6,1,100.0,164,44.8,85.0,4297,Rain,Major
2024-06-09,MG Road,Road_15,77.2,13.2,1,83.5,148,43.2,61.1,3542,Haze,Major
2023-04-16,Whitefield,Road_11,59.1,28.9,1,66.3,100,37.8,93.2,4852,Haze,None
2023-05-06,Silk Board,Road_14,70.5,18.8,0,80.8,241,63.9,75.8,3553,Clear,Major
2024-02-04,Whitefield,Road_2,66.5,15.3,0,78.9,96,51.0,75.3,1602,Rain,None
2022-05-17,MG Road,Road_10,83.4,28.2,0,88.4,124,43.8,74.1,4442,Rain,None
2023-10-08,Marathahalli,Road_3,87.8,11.7,2,100.0,226,63.7,74.5,1009,Cloudy,Major
2022-11-16,Electronic City,Road_6,66.8,22.1,0,56.5,219,68.3,81.5,3265,Cloudy,Major
2024-01-17,MG Road,Road_5,90.6,15.0,1,88.1,167,48.8,83.5,4323,Rain,None
2023-07-15,Silk Board,Road_14,53.4,23.4,0,51.7,249,41.7,86.9,3544,Haze,Minor
2023-11-22,Whitefield,Road_13,67.0,15.3,3,75.4,104,55.2,79.7,2437,Clear,Major
2022-05-23,Silk Board,Road_10,83.7,12.1,1,84.7,106,50.7,65.6,2980,Rain,Minor
2024-08-13,Indiranagar,Road_15,85.4,14.1,3,80.4,198,74.4,63.9,3942,Haze,None
2023-11-20,Electronic City,Road_2,83.0,26.9,1,92.4,122,42.5,79.3,593,Clear,Minor
2024-03-11,MG Road,Road_6,81.9,15.5,0,76.5,104,67.0,70.1,3373,Haze,None
2023-04-18,Koramangala,Road_11,80.6,14.2,1,88.4,185,65.0,74.0,2334,Haze,None
2023-04-09,Electronic City,Road_5,53.5,18.8,0,59.0,165,72.5,63.8,602,Haze,None
2022-10-22,Silk Board,Road_6,72.5,21.5,0,84.6,80,44.5,86.1,1977,Rain,Minor
2022-03-16,Silk Board,Road_14,95.4,8.4,1,100.0,152,60.1,86.7,1902,Clear,None
2022-05-12,Marathahalli,Road_12,70.8,26.7,1,66.5,138,34.1,80.8,4952,Clear,None
2022-03-31,Whitefield,Road_9,81.4,11.5,3,87.2,154,43.7,61.2,4788,Rain,Minor
2024-01-02,Koramangala,Road_2,85.7,15.0,1,89.7,227,44.6,86.1,2819,Cloudy,Major
2024-03-07,Indiranagar,Road_8,84.4,24.9,0,79.7,86,35.6,93.0,892,Haze,Major
2023-10-27,Marathahalli,Road_1,58.0,18.0,0,54.5,147,36.2,86.4,1276,Haze,Major
2022-02-06,Electronic City,Road_3,65.1,20.1,2,83.3,110,59.0,63.2,1988,Rain,None
2024-05-11,Electronic City,Road_15,71.1,20.5,2,72.1,204,46.1,83.7,4496,Rain,Minor
2022-04-05,Brigade Road,Road_10,53.8,32.7,0,56.2,146,48.9,85.7,1183,Rain,Major
2022-08-19,Silk Board,Road_4,80.4,27.0,2,74.9,70,58.2,74.6,2076,Haze,Minor
2022-05-24,Koramangala,Road_8,72.4,18.9,1,68.8,131,57.5,78.1,1025,Cloudy,None
2024-03-21,Electronic City,Road_12,66.6,18.8,0,86.7,240,68.9,66.4,4746,Rain,None
2022-01-28,MG Road,Road_14,58.3,21.5,0,66.6,83,54.2,66.6,1325,Rain,None
2022-08-31,Brigade Road,Road_13,71.3,26.1,1,67.7,135,69.6,92.2,3967,Haze,None
2022-09-29,Brigade Road,Road_3,89.3,12.0,2,88.4,59,53.6,75.1,601,Rain,Minor
2024-05-03,Koramangala,Road_13,65.9,22.6,0,74.4,183,69.6,78.5,571,Rain,Major
2023-05-19,Marathahalli,Road_13,54.3,22.3,0,65.0,228,56.7,75.9,3357,Cloudy,Major
2023-01-24,Koramangala,Road_1,48.5,31.3,0,56.4,172,70.9,93.9,2872,Haze,None
2024-07-07,Indiranagar,Road_10,48.6,32.7,0,74.4,109,60.3,62.8,811,Rain,None
2022-01-29,MG Road,Road_3,79.6,12.3,1,91.1,134,60.5,73.2,4861,Cloudy,Major
2023-10-29,Marathahalli,Road_2,62.4,24.1,0,65.7,75,40.5,87.2,2985,Haze,Minor
2022-07-20,Electronic City,Road_12,72.4,27.3,0,78.1,74,65.3,70.2,2808,Cloudy,None
2023-02-23,Silk Board,Road_11,75.2,25.5,0,73.2,190,73.3,64.0,1316,Cloudy,Minor
2022-11-09,Indiranagar,Road_10,68.4,15.4,0,67.7,50,46.8,86.9,855,Rain,None
2024-01-18,Silk Board,Road_8,90.8,8.8,1,85.2,150,39.9,85.2,2791,Clear,None
2023-02-15,Brigade Road,Road_5,66.3,29.2,0,62.2,102,52.8,88.3,2206,Cloudy,Minor
2022-01-23,Electronic City,Road_14,58.6,19.8,0,73.9,67,62.6,89.5,2726,Clear,Major
2022-03-13,Indiranagar,Road_9,65.1,31.9,0,72.5,233,70.5,78.9,4594,Rain,Minor
2022-11-27,MG Road,Road_5,73.3,26.8,1,79.1,141,60.0,75.7,3515,Rain,Minor
2022-02-26,Koramangala,Road_9,74.7,17.6,0,79.8,228,52.1,89.4,4137,Rain,Minor
2023-05-24,Indiranagar,Road_3,61.2,18.8,1,52.9,153,35.8,90.9,4678,Clear,Minor
2022-03-01,Brigade Road,Road_13,70.4,18.8,0,70.4,123,33.0,65.4,1105,Rain,Minor
2023-02-15,Silk Board,Road_10,65.1,24.2,1,67.3,106,71.7,81.3,984,Cloudy,Major
2023-04-06,Brigade Road,Road_8,79.8,28.0,1,92.3,132,43.5,84.4,4469,Rain,None
2024-03-25,Electronic City,Road_3,63.5,15.2,0,68.7,199,39.6,92.7,2460,Rain,None
2024-04-05,Brigade Road,Road_6,56.7,28.8,1,63.7,98,43.6,74.3,2359,Haze,Minor
2024-02-05,MG Road,Road_12,68.7,19.0,0,70.9,164,70.2,81.6,912,Haze,Minor
2022-03-26,Electronic City,Road_7,81.1,16.9,2,80.3,51,56.8,75.8,2878,Haze,Major
2023-08-23,Indiranagar,Road_11,50.1,26.1,0,50.0,122,60.0,74.5,916,Clear,Minor
2023-01-03,Silk Board,Road_8,69.7,24.3,0,77.3,157,51.0,76.3,3651,Rain,None
2023-12-19,Silk Board,Road_5,68.7,22.3,1,65.1,183,65.9,67.7,4247,Cloudy,Minor
2022-01-31,Koramangala,Road_8,80.5,16.8,0,80.1,232,36.6,61.3,883,Haze,Minor
2022-09-09,Electronic City,Road_14,62.8,26.2,0,65.4,160,52.2,84.4,3401,Rain,None
2022-02-23,Indiranagar,Road_10,71.0,22.2,2,68.7,87,37.3,83.3,3714,Cloudy,Minor
2022-05-25,Indiranagar,Road_1,72.1,14.7,0,62.4,61,46.9,88.1,1321,Haze,Minor
2023-02-13,Silk Board,Road_12,61.0,24.5,0,82.0,131,52.3,60.1,4370,Cloudy,Minor
2023-07-24,Whitefield,Road_5,77.2,16.7,2,67.3,135,70.0,70.8,4924,Haze,None
2023-09-11,Brigade Road,Road_7,76.5,21.8,2,82.0,177,49.0,86.9,1551,Haze,Minor
2023-02-13,Koramangala,Road_9,78.4,19.2,0,76.2,171,67.2,76.8,814,Rain,None
2023-09-17,Electronic City,Road_11,86.5,15.4,4,72.3,157,69.8,90.9,4512,Clear,Major
2022-10-20,Electronic City,Road_10,66.4,21.0,2,56.1,152,59.5,92.0,1509,Clear,Major
2023-10-07,Whitefield,Road_3,82.6,13.4,1,86.3,245,46.3,73.3,4505,Cloudy,Minor
2024-01-26,Koramangala,Road_6,79.0,28.0,1,88.9,130,38.0,64.3,2066,Rain,None
2023-11-03,Brigade Road,Road_12,50.2,33.4,0,56.3,163,62.0,88.4,2421,Clear,Minor
2022-08-04,Whitefield,Road_4,74.6,17.9,1,83.5,107,36.9,61.5,3953,Clear,Major
2022-06-04,Brigade Road,Road_16,82.8,13.0,1,96.9,127,73.2,70.2,4125,Rain,Major
2022-07-31,MG Road,Road_14,92.4,12.5,1,90.9,227,40.9,87.9,890,Cloudy,Major
2022-01-23,Electronic City,Road_1,73.8,17.7,2,81.8,218,71.5,65.1,4827,Clear,None
2023-02-20,MG Road,Road_3,81.1,8.0,2,75.9,201,36.5,81.7,1923,Cloudy,None
2023-11-19,Brigade Road,Road_15,55.4,36.7,0,63.5,161,50.5,90.4,4870,Cloudy,None
2024-04-16,Silk Board,Road_15,73.9,23.5,2,56.8,227,69.6,67.2,2780,Rain,Major
2023-04-24,Whitefield,Road_3,66.9,25.2,0,55.4,235,50.3,85.0,2903,Clear,Minor
2023-05-22,Silk Board,Road_5,69.2,25.1,0,63.5,119,68.6,84.5,4357,Rain,Major
2023-09-09,Silk Board,Road_8,75.6,13.3,1,84.1,141,34.9,70.5,3773,Cloudy,Minor
2023-01-21,Koramangala,Road_8,80.2,16.0,3,82.2,51,33.5,65.9,3398,Clear,Major
2023-10-01,Brigade Road,Road_14,86.3,19.1,0,86.1,89,70.6,69.7,1003,Rain,None
2023-03-01,Indiranagar,Road_9,69.0,23.1,1,69.9,211,57.8,67.3,1080,Rain,Major
2022-09-30,Indiranagar,Road_8,55.9,22.1,0,64.4,210,68.8,90.6,3840,Rain,Minor
2023-10-04,Brigade Road,Road_7,63.2,25.8,2,57.3,167,36.8,92.8,3094,Rain,None
2023-08-24,Silk Board,Road_9,83.0,18.8,1,95.8,83,68.7,64.7,4145,Haze,Major
2022-08-10,MG Road,Road_15,49.8,25.0,0,55.1,69,73.1,71.8,4595,Rain,Minor
2023-11-14,MG Road,Road_9,57.5,27.0,0,64.0,144,38.2,66.2,1030,Haze,Major
2024-06-23,Indiranagar,Road_7,49.7,21.2,0,70.6,147,66.5,64.6,2736,Haze,Minor
2024-01-16,Whitefield,Road_9,61.3,23.5,0,71.5,114,41.0,83.1,4262,Clear,None
2023-08-26,Indiranagar,Road_13,64.0,28.4,2,83.3,236,64.6,70.5,4203,Haze,None
2024-05-01,MG Road,Road_2,59.9,21.9,0,59.3,110,46.2,73.0,1618,Clear,None
2022-01-15,Silk Board,Road_8,73.3,22.2,0,89.7,151,56.1,85.1,906,Haze,None
2022-08-20,Silk Board,Road_10,69.7,20.1,0,62.3,137,73.9,61.1,911,Rain,Major
2023-10-31,Silk Board,Road_5,63.0,20.8,0,65.5,230,36.7,60.5,1743,Haze,Major
2022-01-11,Silk Board,Road_6,56.8,22.5,1,65.1,202,74.1,62.7,1571,Haze,Major
2023-10-23,Whitefield,Road_8,87.4,9.2,1,84.8,213,73.4,75.2,3818,Haze,Minor
2022-10-26,MG Road,Road_1,61.0,18.0,0,75.2,86,54.7,88.2,3815,Haze,None
2022-02-24,Indiranagar,Road_8,99.0,12.4,2,100.0,53,61.7,76.8,1897,Rain,Minor
2022-06-28,Whitefield,Road_13,91.7,14.6,2,93.4,150,55.6,85.5,4541,Rain,Major
2023-10-15,Marathahalli,Road_11,68.1,24.7,1,63.1,198,34.3,78.3,3882,Clear,Major
2023-03-15,Silk Board,Road_8,59.2,25.3,0,67.0,56,55.5,92.3,2669,Cloudy,Minor
2023-12-13,Silk Board,Road_10,51.6,26.8,0,50.0,234,49.7,68.8,3640,Cloudy,None
2023-07-13,Koramangala,Road_1,59.1,23.7,0,73.0,176,72.8,90.6,4168,Rain,Major
2022-05-23,Silk Board,Road_4,65.7,17.8,4,71.9,81,58.8,60.8,3628,Haze,Minor
2022-06-13,Silk Board,Road_2,67.3,17.1,2,75.6,117,47.7,77.2,1319,Haze,Major
2023-03-20,Whitefield,Road_15,59.8,21.9,1,64.6,53,52.5,91.5,1930,Rain,None
2024-08-13,Marathahalli,Road_7,53.6,25.1,1,58.2,78,57.8,65.7,1772,Clear,None
2023-05-23,Brigade Road,Road_5,58.3,23.4,2,65.6,158,30.4,75.7,2086,Rain,Minor
2024-07-02,Marathahalli,Road_11,85.0,14.2,3,87.0,145,58.5,83.4,2323,Rain,Major
2022-06-22,Electronic City,Road_4,62.0,14.2,1,56.2,242,44.3,61.6,2854,Clear,Major
2022-08-04,MG Road,Road_10,91.4,8.0,5,94.0,99,34.8,82.9,3183,Haze,Major
2023-06-15,Whitefield,Road_11,67.9,24.0,0,59.1,92,65.2,83.0,1168,Cloudy,None
2022-06-15,Electronic City,Road_11,74.6,17.5,0,78.6,110,37.6,76.9,2203,Cloudy,None
2023-11-25,Indiranagar,Road_12,81.0,16.9,0,93.7,59,72.5,78.8,3165,Haze,Minor
2022-11-04,Brigade Road,Road_6,64.5,24.6,1,66.4,195,69.3,62.9,3232,Cloudy,Minor
2023-11-19,Whitefield,Road_3,47.9,33.3,0,50.0,232,44.4,87.4,4217,Rain,Minor
2024-01-28,MG Road,Road_16,44.4,24.5,0,50.0,164,53.1,89.8,993,Haze,None
2023-02-28,Indiranagar,Road_3,81.1,17.8,2,89.7,170,48.8,81.0,4014,Haze,Minor
2022-03-30,Whitefield,Road_16,47.8,34.4,1,50.0,124,51.6,65.8,2621,Clear,Minor
2024-03-25,Koramangala,Road_14,61.6,24.0,0,62.6,247,39.0,81.5,1146,Haze,Major
2024-04-11,Brigade Road,Road_1,83.1,16.6,1,88.2,78,50.9,84.5,4139,Haze,Major
2023-09-30,Brigade Road,Road_5,81.5,21.4,0,74.5,174,49.6,70.0,1077,Clear,None
2022-11-17,Marathahalli,Road_9,77.5,17.0,0,77.5,225,41.4,68.2,1225,Haze,Minor
2023-02-23,Silk Board,Road_8,73.8,15.0,0,80.2,212,41.2,67.7,4209,Clear,Major
2023-12-10,MG Road,Road_4,60.8,19.7,1,66.2,204,41.0,73.3,4280,Haze,Minor
2023-02-18,Whitefield,Road_11,65.5,18.1,0,65.3,142,41.5,71.1,2396,Rain,None
2023-07-17,Electronic City,Road_5,72.3,18.6,2,68.3,130,69.0,94.0,2790,Cloudy,None
2022-02-11,Whitefield,Road_15,99.0,12.3,2,96.9,184,33.3,68.9,4654,Cloudy,Minor
2024-05-03,MG Road,Road_7,92.7,11.8,5,92.1,238,59.2,84.5,2875,Rain,Minor
2023-12-16,Whitefield,Road_3,87.6,16.5,1,82.7,99,67.9,79.0,2718,Haze,Major
2022-10-02,Indiranagar,Road_5,72.1,18.4,0,77.6,119,65.9,78.1,908,Rain,None
2024-08-12,Indiranagar,Road_14,58.8,20.7,0,55.6,151,72.0,72.4,909,Rain,Major
2023-09-04,MG Road,Road_13,77.0,20.5,1,74.9,72,48.3,69.9,1074,Cloudy,Major
2022-03-14,Silk Board,Road_11,83.0,20.2,1,85.6,237,52.1,83.0,3818,Rain,Major
2022-09-13,Silk Board,Road_13,52.3,25.8,0,60.0,53,36.6,73.9,4710,Clear,Minor
2022-08-05,Marathahalli,Road_11,69.6,18.0,0,84.9,172,73.4,64.5,4563,Haze,Minor
2024-07-04,Brigade Road,Road_16,61.7,27.6,1,71.4,186,35.8,89.8,1654,Cloudy,Major
2022-07-31,Brigade Road,Road_2,80.3,16.6,2,75.7,74,35.1,70.5,1305,Haze,Major
2022-10-01,Indiranagar,Road_4,77.4,23.0,2,92.7,157,61.9,72.4,582,Rain,Major
2022-10-22,Silk Board,Road_2,82.3,14.8,1,85.1,206,47.4,68.4,4449,Rain,Minor
2023-04-05,Silk Board,Road_11,49.8,29.4,0,61.8,218,49.4,67.8,3126,Clear,Minor
2024-05-15,Whitefield,Road_11,73.3,24.8,0,60.7,121,64.3,82.4,4073,Rain,None
2023-09-12,Brigade Road,Road_2,67.7,14.2,1,75.8,64,35.6,74.6,4148,Haze,Major
2023-03-27,Whitefield,Road_13,71.7,18.6,3,86.3,175,40.3,71.6,1798,Haze,Major
2023-09-10,Electronic City,Road_11,77.2,16.8,0,70.5,67,68.0,92.3,3345,Cloudy,Minor
2022-12-22,Whitefield,Road_12,82.3,18.2,0,86.3,128,42.1,70.1,4571,Haze,Major
2024-02-26,Koramangala,Road_11,90.1,8.1,2,88.9,97,50.8,91.5,3228,Cloudy,Major
2022-04-10,MG Road,Road_7,70.1,23.1,2,94.1,60,71.0,84.1,2314,Cloudy,Minor
2023-05-07,Silk Board,Road_1,91.9,17.8,0,100.0,225,45.3,91.8,1201,Haze,None
2024-02-16,Indiranagar,Road_6,42.9,35.4,1,50.0,201,49.0,70.6,841,Rain,None
2023-09-17,MG Road,Road_11,73.8,11.9,1,78.5,89,30.7,91.9,3025,Cloudy,None
2024-03-20,Whitefield,Road_2,78.1,16.6,0,75.5,182,63.1,73.6,3813,Cloudy,Minor
2023-06-15,Koramangala,Road_12,81.2,14.7,4,90.3,138,54.7,89.2,3883,Cloudy,Minor
2022-10-31,Indiranagar,Road_1,83.5,15.2,2,98.9,212,41.2,60.5,4795,Clear,None
2022-07-22,Brigade Road,Road_16,62.9,23.4,1,64.1,219,53.7,62.2,4950,Cloudy,None
2022-09-28,Indiranagar,Road_13,67.6,20.5,1,83.5,230,41.5,66.7,4374,Rain,None
2023-01-09,Indiranagar,Road_15,76.6,18.9,1,100.0,188,55.8,66.5,2837,Rain,Major
2024-06-07,Whitefield,Road_2,65.0,15.5,0,69.1,69,37.1,83.0,2626,Cloudy,Major
2022-08-09,Indiranagar,Road_12,82.4,19.2,1,95.7,141,47.1,93.1,2547,Clear,Major
2024-05-23,Electronic City,Road_9,60.0,20.6,0,61.5,170,74.3,62.9,2215,Clear,Minor
2022-06-12,Electronic City,Road_15,60.9,28.7,1,59.6,159,34.5,80.3,4302,Clear,Minor
2023-03-18,Indiranagar,Road_4,66.1,26.3,1,71.9,59,74.0,64.0,1864,Haze,Major
2023-08-28,Silk Board,Road_4,88.9,8.0,4,72.0,180,52.3,72.8,569,Haze,Major
2024-03-24,Marathahalli,Road_12,93.1,17.2,0,92.9,175,35.8,93.9,2768,Clear,Minor
2023-07-06,MG Road,Road_16,75.7,16.3,2,81.3,218,39.1,70.7,3396,Haze,Minor
2022-12-21,Electronic City,Road_15,67.9,27.3,0,68.9,209,67.8,65.3,3537,Rain,Major
2022-01-23,Indiranagar,Road_9,73.0,12.9,2,61.2,83,37.6,70.1,3506,Clear,None
2023-05-01,Marathahalli,Road_13,79.3,17.5,0,89.0,195,34.1,78.8,785,Cloudy,None
2022-05-01,Silk Board,Road_4,88.4,18.8,2,83.0,110,57.9,85.1,3625,Haze,Minor
2023-11-18,MG Road,Road_15,60.5,29.6,2,74.0,225,73.3,64.3,3037,Cloudy,Major
2022-01-03,Electronic City,Road_5,58.5,28.4,0,70.6,94,70.1,94.6,4844,Cloudy,Major
2022-01-18,Indiranagar,Road_15,71.3,15.3,1,86.3,89,43.8,70.0,2214,Cloudy,Major
2022-12-12,Marathahalli,Road_15,94.0,15.3,2,100.0,117,73.3,89.7,2683,Clear,Major
2023-05-28,Koramangala,Road_13,78.3,21.4,0,80.1,170,31.5,86.1,3093,Clear,Minor
2022-05-13,Marathahalli,Road_4,73.6,15.4,1,81.2,121,51.0,65.1,546,Cloudy,None
2023-05-23,Electronic City,Road_1,86.8,13.5,0,90.0,57,61.0,71.8,3555,Rain,None
2024-03-08,Whitefield,Road_7,56.3,23.0,0,62.0,110,56.7,93.7,2314,Haze,None
2024-02-13,Marathahalli,Road_6,86.6,15.9,2,96.7,54,67.7,66.6,3885,Haze,None
2024-01-22,Silk Board,Road_2,91.7,22.4,3,93.8,104,55.8,75.2,3809,Cloudy,Major
2023-05-29,Whitefield,Road_12,59.5,24.7,0,74.7,165,59.4,77.4,1429,Clear,Major
2022-11-20,Koramangala,Road_4,63.5,20.4,1,61.9,190,49.4,81.3,3296,Rain,Minor
2023-07-25,Brigade Road,Road_8,57.0,29.1,0,69.8,232,34.5,94.0,1264,Haze,Minor
2022-11-16,Marathahalli,Road_16,67.6,23.2,0,74.5,228,37.0,77.1,4740,Cloudy,Minor
2024-07-14,Brigade Road,Road_7,76.6,19.9,0,74.4,157,31.4,92.9,4199,Haze,Major
2023-06-13,Indiranagar,Road_11,71.5,21.6,2,67.8,166,43.6,89.8,1017,Clear,Major
2024-03-17,Silk Board,Road_10,77.7,16.6,1,89.6,72,55.3,71.9,634,Cloudy,Major
2023-11-01,Electronic City,Road_14,76.9,19.1,0,82.4,151,35.3,78.4,1348,Rain,None
2022-07-04,Indiranagar,Road_1,69.1,24.2,0,80.7,106,39.0,78.0,633,Rain,Minor
2022-06-30,MG Road,Road_14,60.3,24.9,0,54.1,241,30.9,92.0,2131,Clear,Major
2022-04-13,Marathahalli,Road_3,68.8,19.7,1,74.0,74,37.5,71.2,4506,Haze,None
2023-05-06,Silk Board,Road_1,91.8,13.9,0,100.0,236,61.9,78.6,1690,Haze,Minor
2023-06-06,MG Road,Road_13,84.6,13.7,4,88.4,113,56.2,91.5,1515,Cloudy,None
2022-07-08,Whitefield,Road_16,76.5,19.9,2,74.2,113,51.4,82.9,1265,Cloudy,None
2022-05-10,Whitefield,Road_8,65.1,20.8,0,67.7,157,42.5,60.5,4739,Rain,Major
2023-12-24,Silk Board,Road_8,65.1,18.9,2,66.7,240,48.9,91.1,944,Clear,None
2022-01-17,MG Road,Road_5,67.9,27.3,1,79.8,185,70.0,87.1,702,Haze,None
2024-06-07,Brigade Road,Road_1,72.2,26.3,0,93.4,57,35.7,93.0,3435,Cloudy,None
2023-08-17,Indiranagar,Road_2,59.0,22.3,0,59.7,97,66.1,74.2,2055,Cloudy,Major
2022-05-11,Silk Board,Road_11,61.8,26.2,1,76.1,208,32.6,68.0,1982,Haze,Major
2023-12-18,Indiranagar,Road_7,68.4,24.0,0,59.8,158,68.1,86.7,4496,Clear,Major
2022-08-05,Indiranagar,Road_11,82.2,19.4,2,85.3,50,51.2,68.4,3320,Cloudy,Minor
2023-02-21,Brigade Road,Road_16,48.0,26.3,0,64.2,104,35.4,86.4,4801,Haze,Major
2022-07-13,Brigade Road,Road_3,63.8,17.3,1,55.5,234,41.9,90.7,4839,Rain,Minor
2023-11-24,Electronic City,Road_3,71.9,21.6,0,83.6,97,52.2,81.5,4819,Cloudy,Major
2022-09-20,MG Road,Road_12,95.7,9.2,2,89.2,192,46.5,60.6,3141,Clear,Major
2022-01-16,Koramangala,Road_12,73.3,17.2,1,76.9,102,46.9,94.3,3897,Rain,Minor
2023-03-28,Electronic City,Road_6,92.4,11.4,3,97.7,102,46.4,78.1,3450,Clear,None
2023-01-23,Marathahalli,Road_12,81.3,13.5,0,77.2,100,63.1,84.3,3095,Cloudy,Minor
2024-05-03,Electronic City,Road_5,74.6,18.9,3,73.0,200,59.4,94.3,4142,Haze,None
2024-02-06,MG Road,Road_9,55.3,18.8,0,50.0,194,74.2,93.9,721,Cloudy,Minor
2022-03-14,MG Road,Road_8,69.4,27.1,2,83.0,236,54.8,76.0,4067,Haze,Minor
2022-05-08,Koramangala,Road_9,84.0,16.6,1,72.1,178,49.0,89.7,2537,Cloudy,None
2023-04-03,Indiranagar,Road_2,79.5,15.3,0,78.2,153,54.2,77.3,3323,Rain,Minor
2023-05-06,Whitefield,Road_15,66.3,24.7,2,74.9,236,44.7,85.6,1199,Cloudy,Minor
2022-08-10,Whitefield,Road_13,51.9,27.2,0,52.3,211,75.0,66.2,3289,Haze,Minor
2022-08-23,MG Road,Road_7,69.9,14.7,0,71.9,93,34.1,81.6,3876,Clear,Major
2022-05-27,Electronic City,Road_4,69.3,22.3,0,69.2,153,37.9,92.3,4237,Cloudy,Minor
2022-06-09,Koramangala,Road_9,66.0,17.0,0,72.2,184,71.3,75.1,929,Rain,Minor
2024-06-17,Koramangala,Road_8,99.0,18.0,1,100.0,192,45.7,91.8,2717,Haze,Minor
2023-11-04,Brigade Road,Road_2,67.8,18.0,2,78.8,175,49.5,74.1,4178,Rain,Minor
2022-08-26,Indiranagar,Road_12,94.6,17.4,0,100.0,140,30.1,92.0,4063,Cloudy,Major
2022-04-29,Silk Board,Road_11,93.6,14.0,2,91.1,207,67.7,89.3,2509,Clear,Minor
2022-02-07,Electronic City,Road_15,70.8,26.8,2,95.0,76,34.1,63.1,1433,Rain,Minor
2024-07-07,Indiranagar,Road_15,72.7,21.1,0,79.2,94,67.2,93.0,4631,Cloudy,Minor
2022-02-28,Electronic City,Road_11,70.1,10.6,1,71.7,225,63.8,74.4,1011,Rain,Major
2023-03-18,Koramangala,Road_8,74.3,14.0,0,81.2,213,74.0,88.3,4562,Rain,Major
2023-05-27,Marathahalli,Road_3,66.1,20.3,0,87.9,65,48.2,85.4,4635,Clear,Major
2022-09-16,Silk Board,Road_5,88.6,8.0,1,99.9,67,61.5,85.8,4150,Clear,None
2022-11-28,MG Road,Road_5,79.0,19.4,2,93.1,165,47.2,73.7,2380,Clear,Minor
2024-06-02,Koramangala,Road_8,69.3,20.1,1,74.4,70,33.9,72.1,1367,Clear,None
2024-01-13,Indiranagar,Road_8,70.4,22.5,0,82.3,216,74.5,74.8,4639,Rain,None
2023-11-03,Electronic City,Road_8,88.2,14.6,0,92.2,149,45.8,80.3,3374,Haze,None
2024-01-11,Koramangala,Road_16,91.8,10.5,1,98.4,193,34.7,66.8,4700,Cloudy,None
2022-02-11,Whitefield,Road_15,69.9,22.6,1,72.5,65,60.2,60.7,2307,Clear,None
2023-05-25,Electronic City,Road_12,83.4,12.8,1,90.0,99,58.2,93.9,4569,Cloudy,Minor
2023-07-29,Marathahalli,Road_12,69.0,24.8,3,71.2,52,64.8,63.9,2420,Rain,Major
2024-01-26,Electronic City,Road_8,66.9,19.2,2,62.3,206,51.4,93.6,3315,Haze,Major
2022-06-10,Whitefield,Road_13,45.8,23.8,2,56.9,115,34.2,86.3,1251,Rain,Minor
2022-01-11,MG Road,Road_5,74.8,22.1,0,67.2,177,65.1,84.6,3614,Cloudy,Minor
2022-09-09,Marathahalli,Road_2,71.4,17.0,0,75.6,222,32.9,63.2,2692,Clear,None
2023-09-18,MG Road,Road_3,77.9,16.5,2,94.8,72,56.7,73.5,2882,Rain,Major
2023-02-04,Koramangala,Road_1,70.9,26.8,0,58.1,148,44.4,76.8,3348,Clear,Major
2022-11-15,Silk Board,Road_2,75.4,17.4,1,70.1,182,53.5,72.9,3905,Rain,None
2023-03-12,Marathahalli,Road_7,54.0,23.1,0,51.3,224,71.2,61.0,858,Haze,Minor
2024-01-15,Silk Board,Road_12,69.8,19.7,0,77.4,179,40.2,69.7,1226,Haze,Major
2024-03-04,Whitefield,Road_5,91.4,14.3,2,93.7,135,41.4,74.5,3942,Rain,Major
2023-01-31,Marathahalli,Road_4,80.0,15.9,2,91.7,171,72.1,73.8,4836,Haze,None
2022-01-22,MG Road,Road_16,79.3,25.9,2,82.3,180,46.7,75.0,3178,Cloudy,Minor
2024-07-21,Silk Board,Road_11,59.3,25.2,0,75.9,247,56.5,73.7,1038,Cloudy,Minor
2023-09-26,Silk Board,Road_4,63.1,25.6,0,59.6,149,53.7,87.3,1411,Haze,Minor
2024-04-15,Brigade Road,Road_11,51.4,25.3,0,50.0,171,60.5,64.0,3241,Rain,None
2023-10-07,MG Road,Road_11,64.5,26.1,0,66.7,175,47.6,73.0,2429,Haze,Major
2024-04-17,Silk Board,Road_1,70.3,21.6,1,74.2,126,48.6,61.1,2748,Haze,Major
2024-06-25,Brigade Road,Road_11,81.6,21.5,2,79.1,64,47.4,67.5,2029,Rain,None
2022-05-26,Whitefield,Road_15,84.4,9.7,2,80.7,249,70.2,79.5,3506,Rain,Major
2023-09-12,Marathahalli,Road_13,69.9,16.3,2,78.2,214,38.2,79.5,3489,Clear,Minor
2022-12-26,Koramangala,Road_16,59.5,22.8,0,68.4,228,59.7,68.8,3936,Haze,Major
2022-01-22,Whitefield,Road_15,68.0,22.9,4,69.4,124,31.6,65.3,4852,Clear,Major
2023-03-12,Indiranagar,Road_11,74.7,17.8,2,79.1,87,69.1,85.8,2657,Haze,None
2024-08-14,Electronic City,Road_11,69.0,19.9,1,69.4,213,40.0,89.4,1761,Cloudy,Minor
2023-11-14,Koramangala,Road_6,73.5,18.1,0,63.8,190,42.2,76.6,4619,Rain,Major
2024-08-12,Koramangala,Road_11,75.8,19.6,0,77.9,63,63.1,84.2,2873,Rain,Major
2023-05-28,Silk Board,Road_9,73.6,20.8,1,69.1,158,55.1,73.5,3641,Haze,Minor
2024-02-21,MG Road,Road_12,71.6,23.8,1,64.9,185,44.9,83.3,3003,Haze,Major
2022-09-17,Whitefield,Road_2,74.8,19.6,1,75.0,143,32.8,88.5,1311,Clear,None
2024-06-29,Koramangala,Road_15,80.1,20.9,1,87.1,182,56.6,63.5,3023,Haze,None
2022-09-14,Indiranagar,Road_15,86.2,9.2,2,70.0,114,32.5,77.1,1021,Haze,Major
2023-10-24,Electronic City,Road_9,69.8,18.2,0,78.5,108,30.7,63.4,4757,Clear,None
2023-05-25,Indiranagar,Road_16,75.5,16.9,0,74.1,74,40.4,63.4,2427,Haze,None
2024-02-11,Marathahalli,Road_1,58.2,26.8,0,64.4,129,38.6,77.5,3398,Rain,Minor
2022-02-13,Brigade Road,Road_11,72.1,21.6,0,65.6,204,54.0,81.6,4435,Cloudy,None
2023-03-21,Brigade Road,Road_5,71.7,18.3,3,76.4,101,61.5,87.4,4292,Haze,Minor
2023-10-25,Silk Board,Road_5,62.0,20.0,0,61.8,227,48.4,77.1,3125,Haze,Major
2022-12-25,Brigade Road,Road_6,59.1,27.1,0,76.5,206,66.0,64.3,1605,Haze,None
2022-12-02,MG Road,Road_11,71.2,29.3,0,85.4,177,73.2,83.0,962,Haze,Major
2023-01-10,Silk Board,Road_10,70.2,8.7,3,74.7,173,52.7,69.0,3537,Rain,Minor
2022-09-05,Electronic City,Road_10,79.0,21.9,5,79.2,225,41.4,81.5,2634,Cloudy,Minor
2022-07-27,Indiranagar,Road_16,78.1,10.8,0,73.0,84,55.1,72.6,2979,Cloudy,None
2022-07-20,Electronic City,Road_9,71.9,24.2,2,83.1,118,46.7,77.1,3688,Rain,Minor
2023-04-13,Whitefield,Road_6,57.5,27.9,1,84.1,139,39.8,75.7,2497,Cloudy,None
2024-06-28,Marathahalli,Road_2,58.9,28.1,0,64.3,116,65.8,60.4,4043,Clear,Major
2022-08-25,Indiranagar,Road_12,65.4,19.2,1,68.7,167,62.0,92.1,2230,Rain,Major
2023-01-02,Brigade Road,Road_13,68.5,21.4,0,69.4,66,40.9,66.1,3777,Haze,None
2022-03-22,Koramangala,Road_4,85.7,19.8,2,93.8,100,70.4,82.2,931,Haze,Major
2023-07-09,Whitefield,Road_6,70.0,24.2,0,79.8,111,58.7,87.7,1098,Haze,Minor
2022-01-13,Whitefield,Road_16,99.0,8.0,3,92.0,101,67.8,80.6,2338,Cloudy,Minor
2022-07-29,Electronic City,Road_10,84.4,8.9,2,94.7,133,33.0,65.2,1589,Haze,Minor
2023-12-22,Indiranagar,Road_13,53.8,28.9,0,62.7,231,62.7,94.6,1411,Rain,Minor
2022-09-08,Silk Board,Road_5,59.3,28.9,0,65.9,158,60.4,90.4,1156,Clear,Major
2023-07-08,Electronic City,Road_5,82.2,15.5,1,93.5,74,39.8,68.0,3380,Haze,Minor
2023-09-09,Brigade Road,Road_3,63.6,20.7,0,64.6,84,60.1,67.8,1438,Rain,Major
2023-12-25,Electronic City,Road_13,77.5,18.2,2,87.2,198,60.8,66.0,698,Cloudy,None
2023-11-27,Koramangala,Road_5,78.4,14.8,0,87.8,141,69.1,64.4,1252,Rain,Minor
2022-03-23,Whitefield,Road_2,76.5,22.2,0,70.0,209,35.1,79.3,4815,Clear,Major
2023-02-04,Brigade Road,Road_7,69.5,24.9,0,69.2,152,58.9,86.3,3911,Cloudy,None
2022-04-12,Indiranagar,Road_15,89.7,8.8,1,80.3,140,31.7,74.9,3302,Cloudy,Minor
2022-11-02,Whitefield,Road_5,52.5,31.6,0,63.7,163,40.2,63.1,955,Rain,Minor
2023-06-08,Electronic City,Road_11,78.4,25.3,2,80.9,90,62.1,91.8,4729,Haze,Minor
2022-04-02,MG Road,Road_11,66.3,24.9,0,70.6,89,56.2,88.6,1457,Clear,Minor
2022-04-02,MG Road,Road_16,62.4,28.4,1,71.6,203,31.3,65.7,2145,Rain,Major
2024-05-13,Silk Board,Road_3,76.3,10.3,0,93.3,200,71.1,87.3,2334,Haze,Minor
2022-12-21,Whitefield,Road_6,57.6,27.8,2,59.7,185,57.4,67.6,4539,Haze,None
2023-11-10,Whitefield,Road_15,67.1,20.5,1,79.6,146,48.1,80.3,4136,Clear,Major
2022-04-20,Indiranagar,Road_8,66.2,27.3,0,62.8,104,40.6,75.6,1687,Rain,None
2023-07-24,Marathahalli,Road_12,53.7,23.7,1,50.0,121,46.7,85.9,3008,Haze,None
2022-01-16,Marathahalli,Road_16,78.2,16.6,1,79.3,164,71.6,72.5,3224,Clear,None
2023-08-18,Indiranagar,Road_7,75.4,24.7,1,82.9,84,49.2,64.2,1552,Haze,Minor
2023-04-17,Marathahalli,Road_14,72.6,14.5,2,73.7,82,55.3,64.1,1979,Rain,Major
2023-07-16,MG Road,Road_7,69.2,24.8,1,72.0,61,73.1,79.1,1201,Clear,None
2022-07-01,MG Road,Road_10,76.7,24.4,1,69.4,150,37.2,60.0,2794,Rain,Major
2023-07-02,Koramangala,Road_15,80.2,18.9,2,95.4,71,38.9,64.5,4266,Haze,Major
2022-05-15,Electronic City,Road_3,83.5,21.8,0,75.7,221,43.5,62.1,4157,Haze,None
2022-12-04,Koramangala,Road_4,53.8,32.2,0,52.6,222,55.1,85.5,2398,Clear,Minor
2023-12-19,Brigade Road,Road_7,55.3,28.5,0,66.1,104,62.2,61.5,664,Clear,None
2023-02-25,Whitefield,Road_2,79.1,13.1,2,92.8,111,33.1,62.9,3787,Clear,Minor
2023-12-24,Indiranagar,Road_6,57.6,24.9,0,50.0,169,35.7,81.6,1134,Haze,None
2023-06-03,Indiranagar,Road_6,45.8,24.1,0,50.0,120,39.5,89.1,3895,Cloudy,Minor
2023-01-31,Marathahalli,Road_2,77.3,12.8,1,78.6,222,30.8,90.8,1684,Clear,None
2022-07-28,Whitefield,Road_6,49.5,27.2,0,50.3,125,62.4,71.6,4482,Cloudy,None
2023-10-02,Electronic City,Road_9,76.2,12.9,1,76.9,121,74.0,67.5,575,Clear,Minor
2022-12-04,Koramangala,Road_2,82.9,17.8,3,92.9,89,37.3,93.3,2927,Cloudy,Minor
2022-07-13,Marathahalli,Road_3,64.3,26.5,0,77.0,197,43.2,61.4,3884,Rain,Major
2023-05-06,Koramangala,Road_6,90.9,8.0,1,87.7,203,39.8,65.5,4199,Clear,None
2024-02-26,Electronic City,Road_10,66.6,20.9,0,83.1,115,73.6,69.6,3874,Cloudy,None
2022-09-08,Marathahalli,Road_7,63.0,18.7,0,68.4,114,30.4,81.0,4627,Rain,None
2024-08-08,Electronic City,Road_10,64.4,17.1,1,73.0,132,41.6,84.0,831,Cloudy,None
2023-01-18,MG Road,Road_10,66.8,18.9,0,71.8,120,40.1,82.1,1633,Haze,None
2022-10-05,Indiranagar,Road_14,60.0,28.4,1,59.6,117,45.2,86.3,4377,Haze,None
2023-07-27,Silk Board,Road_9,69.7,17.8,0,84.5,164,57.8,77.8,598,Rain,None
2022-06-03,MG Road,Road_15,74.9,28.5,3,84.3,91,68.6,74.7,1466,Cloudy,Major
2023-06-27,Koramangala,Road_15,79.6,21.7,1,79.3,120,70.9,60.4,3656,Cloudy,None
2022-08-28,Koramangala,Road_12,76.4,14.0,0,72.8,163,30.9,93.1,951,Haze,None
2024-08-10,Marathahalli,Road_13,48.4,25.2,0,59.8,150,38.6,63.2,3582,Rain,None
2023-11-30,Brigade Road,Road_14,72.3,21.5,1,81.1,130,46.9,62.6,1485,Clear,None
2023-08-03,Brigade Road,Road_9,71.7,21.3,1,79.3,220,44.0,91.0,1291,Rain,Minor
2023-05-31,Electronic City,Road_4,61.1,26.6,1,65.3,215,50.2,86.4,4720,Haze,None
2022-04-16,MG Road,Road_10,59.9,22.5,1,50.0,51,45.3,83.8,923,Rain,Major
2022-01-19,Electronic City,Road_2,54.2,27.4,0,56.3,151,41.4,85.1,3207,Cloudy,Minor
2023-05-14,Silk Board,Road_9,78.7,19.5,0,90.9,124,73.9,94.0,1489,Rain,Major
2023-12-23,Koramangala,Road_10,58.9,15.3,0,60.6,183,64.0,68.2,1892,Cloudy,None
2024-05-24,MG Road,Road_2,70.6,20.4,0,83.7,81,31.3,74.6,1524,Clear,Minor
2023-01-07,Silk Board,Road_13,65.0,20.8,1,64.4,154,37.8,60.3,3263,Haze,None
2022-11-30,Whitefield,Road_13,77.3,13.1,3,80.6,238,50.5,89.2,4845,Rain,Minor
2022-06-15,MG Road,Road_3,56.1,22.0,0,62.2,241,54.4,69.1,3072,Haze,Minor
2023-03-02,Koramangala,Road_12,72.3,24.2,1,83.4,232,73.5,90.2,3938,Rain,None
2022-04-26,Silk Board,Road_12,67.5,21.3,0,58.2,65,51.4,82.4,1552,Haze,Major
2022-12-10,Koramangala,Road_3,79.0,21.5,1,78.8,161,43.2,79.1,2419,Rain,Major
2023-07-03,Electronic City,Road_12,68.7,25.8,1,77.1,131,33.8,85.7,4710,Haze,None
2022-07-09,Silk Board,Road_11,61.0,29.7,1,87.3,223,64.6,86.2,1531,Cloudy,Minor
2024-01-29,Indiranagar,Road_12,91.6,12.6,2,96.7,112,41.2,84.0,2555,Cloudy,Major
2023-06-18,Koramangala,Road_16,83.7,17.3,1,96.6,112,44.5,92.5,2610,Rain,Minor
2022-03-12,Koramangala,Road_3,59.9,22.4,0,64.8,248,38.8,69.7,1353,Clear,Minor
2022-09-20,MG Road,Road_12,56.6,23.9,2,73.0,237,50.3,62.1,4085,Haze,None
2023-10-12,Whitefield,Road_8,84.6,14.8,1,81.6,103,57.5,69.7,4847,Rain,Minor
2023-10-16,Koramangala,Road_8,64.0,17.3,3,65.4,101,33.4,66.9,816,Haze,Minor
2023-10-23,Koramangala,Road_16,76.6,15.5,0,91.4,85,42.1,67.9,2300,Rain,Major
2023-07-15,Electronic City,Road_1,73.9,23.8,0,75.7,243,65.9,81.9,650,Rain,None
2023-01-27,MG Road,Road_10,63.5,25.1,0,65.1,137,41.6,86.2,2041,Clear,None
2024-04-02,Marathahalli,Road_8,68.3,19.9,0,61.9,211,47.6,64.6,4061,Cloudy,Minor
2022-04-01,Silk Board,Road_11,74.1,20.0,1,80.9,75,40.8,69.6,4654,Clear,None
2023-10-06,Koramangala,Road_4,66.4,23.1,1,70.6,68,39.1,80.1,3111,Rain,Minor
2024-07-22,MG Road,Road_5,58.6,26.5,0,53.8,78,70.1,77.6,4330,Haze,Major
2023-12-26,MG Road,Road_1,65.6,9.4,4,77.5,242,50.6,65.4,2816,Cloudy,None
2024-02-28,Whitefield,Road_2,63.6,17.3,1,66.5,67,49.0,75.5,1557,Cloudy,Major
2023-07-13,Indiranagar,Road_5,70.0,19.7,1,75.8,90,63.2,80.2,4435,Haze,Minor
2022-06-21,Marathahalli,Road_2,91.2,8.0,0,87.8,189,38.0,91.4,2523,Rain,None
2023-06-18,Electronic City,Road_9,73.1,11.8,1,77.3,157,40.1,86.6,1844,Rain,Major
2023-06-30,Brigade Road,Road_1,61.1,25.5,0,64.1,89,45.9,77.2,2378,Haze,Minor
2023-10-03,Marathahalli,Road_7,81.2,21.7,3,84.6,68,56.8,83.6,586,Cloudy,Minor
2022-07-18,Marathahalli,Road_8,73.8,19.0,0,86.1,198,40.4,66.8,4248,Clear,None
2023-04-04,Koramangala,Road_10,98.2,8.0,1,96.4,164,65.0,77.3,2530,Haze,Major
2022-01-25,MG Road,Road_4,73.4,20.1,1,88.3,216,64.3,81.0,2540,Clear,Major
2022-05-06,Koramangala,Road_11,68.8,19.9,0,65.4,116,62.7,93.1,3224,Clear,None
2022-10-09,Indiranagar,Road_1,76.9,15.4,0,85.2,77,73.1,68.7,3934,Clear,Minor
2024-01-10,MG Road,Road_12,80.3,17.1,0,100.0,220,40.0,69.1,3768,Haze,Minor
2022-11-10,Marathahalli,Road_10,71.2,17.3,2,70.4,227,55.5,62.3,1780,Clear,None
2024-06-03,Indiranagar,Road_10,60.7,19.1,2,71.0,83,69.1,89.0,3857,Haze,Minor
2022-10-06,Brigade Road,Road_13,68.1,26.6,0,70.3,145,62.9,66.0,3025,Haze,Minor
2022-02-19,Indiranagar,Road_13,89.6,15.8,0,85.0,110,41.7,79.5,2872,Clear,None
2022-03-25,Electronic City,Road_1,61.8,18.3,0,65.0,55,69.2,86.1,515,Cloudy,None
2022-05-01,MG Road,Road_2,76.1,18.2,1,90.5,98,51.0,68.1,4880,Clear,None
2023-06-20,Silk Board,Road_10,66.7,23.7,0,68.9,79,60.2,67.6,3834,Clear,Minor
2023-10-31,Marathahalli,Road_2,81.9,17.2,3,89.9,245,35.8,67.8,2797,Rain,Major
2022-11-20,MG Road,Road_1,65.8,25.2,1,73.9,111,49.8,91.8,3984,Haze,Major
2024-04-29,Koramangala,Road_4,82.7,16.5,0,81.2,92,64.4,79.4,4935,Rain,Major
2022-01-28,Brigade Road,Road_6,50.2,26.3,0,56.3,84,42.8,72.4,3903,Rain,Minor
2022-04-14,Koramangala,Road_2,75.6,20.8,1,83.0,162,45.9,76.1,1752,Rain,None
2022-04-14,Indiranagar,Road_16,82.3,16.2,1,94.7,103,54.9,89.5,1220,Rain,Minor
2023-06-09,Brigade Road,Road_9,60.7,28.2,1,70.0,202,73.2,72.1,2856,Haze,None
2023-04-10,Koramangala,Road_16,71.2,17.0,0,71.9,211,33.1,86.5,2716,Cloudy,Minor
2023-06-21,Brigade Road,Road_11,64.2,18.5,2,66.9,137,56.9,60.4,3896,Rain,None
2022-09-19,Indiranagar,Road_2,63.7,14.1,1,63.5,85,49.6,86.4,1331,Haze,Minor
2024-07-29,Indiranagar,Road_6,64.6,27.3,2,56.9,80,35.9,62.1,685,Cloudy,None
2023-05-10,Brigade Road,Road_9,67.2,21.9,0,62.8,65,64.1,78.8,1975,Rain,None
2023-05-24,Silk Board,Road_10,71.1,21.0,1,87.1,216,54.5,84.0,4103,Haze,None
2023-11-27,Electronic City,Road_2,80.0,15.5,4,77.6,156,35.3,73.3,1147,Clear,None
2024-02-10,MG Road,Road_3,64.1,17.6,1,77.8,133,41.1,89.9,1402,Rain,None
2022-02-22,Silk Board,Road_13,64.3,17.6,1,78.8,76,68.3,87.8,3205,Haze,None
2024-01-08,MG Road,Road_10,52.9,32.0,1,50.0,199,65.8,94.6,1615,Clear,None
2023-05-28,Whitefield,Road_16,65.7,28.9,2,67.3,103,69.0,90.4,3970,Rain,Major
2022-06-08,Indiranagar,Road_2,80.3,15.5,0,75.9,201,36.3,71.1,3150,Cloudy,None
2024-03-12,Brigade Road,Road_2,70.9,16.0,3,85.8,185,58.7,82.4,2543,Haze,None
2024-07-30,Koramangala,Road_7,73.6,20.6,1,76.6,243,41.9,91.2,1495,Clear,Minor
2023-09-02,Marathahalli,Road_3,41.3,18.5,0,50.0,122,40.8,92.8,1855,Clear,Major
2023-10-01,Silk Board,Road_16,64.9,22.1,0,76.4,59,72.9,66.0,4448,Rain,Major
2024-08-10,Koramangala,Road_3,73.3,14.5,1,77.8,57,64.4,65.7,3534,Clear,Minor
2022-11-16,Marathahalli,Road_2,69.9,20.9,0,72.5,233,64.3,93.9,3439,Clear,Major
2023-08-31,Whitefield,Road_6,76.1,20.8,1,84.6,156,52.0,94.9,4757,Clear,Major
2024-06-23,Whitefield,Road_11,58.7,27.0,0,60.0,99,41.7,70.8,917,Rain,None
2022-03-18,Marathahalli,Road_7,81.7,14.7,1,98.2,116,38.1,93.3,2623,Clear,Minor
2023-08-14,MG Road,Road_16,75.9,16.3,2,80.0,198,47.0,90.0,521,Clear,Minor
2024-06-15,Silk Board,Road_5,67.8,23.2,1,73.2,228,72.8,62.3,4499,Haze,Major
2022-12-06,Electronic City,Road_2,71.1,19.2,0,83.6,58,31.5,88.9,2075,Clear,Minor
2022-11-13,Silk Board,Road_11,91.0,14.4,5,100.0,165,44.2,83.3,1974,Rain,None
2023-05-13,Indiranagar,Road_15,67.5,24.6,1,76.7,177,56.6,92.7,1445,Rain,None
2022-01-24,Indiranagar,Road_12,71.5,14.6,3,78.0,87,36.8,78.7,4070,Haze,Major
2024-02-26,Silk Board,Road_16,76.9,17.9,0,81.3,179,56.4,84.2,2756,Haze,Minor
2022-03-23,Marathahalli,Road_12,72.8,21.0,0,73.2,80,63.5,66.8,3671,Rain,Major
2023-04-11,Silk Board,Road_5,73.0,14.3,2,77.4,69,55.8,68.8,3516,Rain,Minor
2022-02-15,Koramangala,Road_4,66.5,26.0,1,67.4,97,31.4,76.2,2530,Cloudy,None
2022-12-08,MG Road,Road_4,73.1,18.1,0,86.5,96,71.5,82.1,1502,Rain,Minor
2022-01-23,Silk Board,Road_7,78.2,20.1,2,90.2,162,40.9,89.0,1608,Cloudy,None
2023-09-28,Electronic City,Road_6,63.1,22.6,0,59.4,216,45.0,86.7,842,Rain,None
2023-05-04,Indiranagar,Road_13,46.9,23.3,0,57.9,241,51.7,80.6,1786,Haze,None
2023-05-11,MG Road,Road_13,69.6,19.5,1,69.9,195,55.0,84.5,4513,Haze,Minor
2023-05-16,Silk Board,Road_9,70.2,29.1,0,86.6,209,47.6,87.1,3912,Clear,Minor
2023-05-30,MG Road,Road_2,58.1,17.0,1,61.2,175,50.0,70.6,3364,Haze,Major
2023-07-11,Marathahalli,Road_12,39.8,36.6,0,50.0,89,35.1,74.0,1367,Cloudy,Minor
2022-03-14,Whitefield,Road_16,99.0,10.0,2,99.9,218,60.0,83.8,3835,Rain,Minor
2023-04-02,MG Road,Road_6,80.4,21.5,1,80.6,168,41.9,76.0,4237,Rain,Minor
2023-11-24,Silk Board,Road_14,87.3,10.9,1,86.7,196,35.0,64.5,1961,Cloudy,Minor
2022-03-24,Marathahalli,Road_7,46.2,29.7,0,50.0,182,64.5,90.5,1269,Clear,Major
2024-04-06,Brigade Road,Road_12,81.7,14.5,0,85.0,138,51.8,61.0,4094,Rain,Minor
2022-04-07,Indiranagar,Road_12,55.5,27.8,0,74.0,190,41.6,88.1,4027,Haze,Major
2024-04-24,MG Road,Road_15,81.8,13.4,1,79.4,53,47.8,76.5,1130,Rain,None
2024-04-06,Indiranagar,Road_16,62.4,28.4,1,69.8,57,40.4,72.3,3259,Haze,Minor
2022-08-21,Koramangala,Road_5,65.5,17.8,0,50.0,195,40.3,81.4,3013,Cloudy,None
2023-11-08,Electronic City,Road_16,60.9,27.9,2,73.9,168,38.2,86.7,1059,Cloudy,Minor
2024-04-12,Marathahalli,Road_15,78.4,14.0,2,92.5,230,40.6,84.5,2809,Cloudy,Major
2023-06-29,Brigade Road,Road_5,50.2,35.7,0,64.6,232,58.8,86.7,2012,Haze,None
2022-08-15,Brigade Road,Road_3,65.8,26.7,0,81.0,59,67.3,91.8,3861,Rain,None
2022-01-06,Brigade Road,Road_7,56.2,24.4,0,50.0,180,43.2,74.2,2181,Haze,Minor
2022-04-11,Koramangala,Road_14,71.0,24.6,0,65.9,178,58.5,65.4,2384,Rain,Major
2023-08-02,Koramangala,Road_14,71.0,13.2,0,74.6,154,64.2,61.9,1952,Clear,Minor
2022-02-13,Koramangala,Road_11,78.0,19.3,1,84.4,157,55.9,88.9,4682,Clear,Minor
2022-09-24,Whitefield,Road_2,71.0,26.1,1,65.8,87,30.8,63.3,1845,Haze,Major
2022-12-02,Indiranagar,Road_7,64.9,11.7,1,74.2,198,53.8,90.5,1421,Cloudy,Minor
2022-05-10,Marathahalli,Road_5,60.1,27.1,1,60.2,130,57.6,79.3,4344,Clear,Minor
2023-09-23,Electronic City,Road_12,90.0,9.3,4,100.0,76,67.0,62.9,3981,Rain,Minor
2022-07-06,MG Road,Road_15,61.5,20.9,0,65.5,95,32.7,87.3,3861,Clear,Minor
2022-01-17,MG Road,Road_13,73.9,16.4,1,66.7,64,30.2,85.4,1846,Clear,None
2023-07-01,Indiranagar,Road_16,69.8,18.4,0,64.3,158,44.8,79.9,4451,Haze,Major
2023-10-15,Indiranagar,Road_13,66.9,22.1,0,65.8,94,58.2,94.5,1199,Clear,Major
2022-06-26,Indiranagar,Road_12,44.7,30.3,0,52.5,214,36.4,89.1,2089,Rain,Major
2024-03-20,Whitefield,Road_6,43.4,27.9,1,50.0,163,49.7,91.0,667,Rain,None
2022-10-13,Koramangala,Road_5,85.7,21.5,0,100.0,120,67.1,66.7,4996,Rain,Minor
2023-12-26,Koramangala,Road_3,70.8,27.0,1,85.2,82,59.1,75.4,4411,Cloudy,None
2022-12-12,Whitefield,Road_9,73.9,19.1,1,76.6,97,37.3,69.0,720,Rain,Minor
2024-08-17,Electronic City,Road_8,83.4,16.0,1,77.8,165,68.5,83.2,1446,Rain,None
2022-08-10,Silk Board,Road_7,71.9,26.9,2,73.5,148,68.7,77.4,3498,Rain,None
2022-05-07,Koramangala,Road_14,63.3,18.5,1,70.6,185,37.1,71.4,855,Cloudy,Minor
2024-01-18,Brigade Road,Road_3,81.6,20.9,1,89.9,72,38.3,69.5,4406,Cloudy,Minor
2024-05-19,Marathahalli,Road_14,53.0,26.1,0,58.6,164,51.5,83.6,1916,Rain,Minor
2023-10-24,Koramangala,Road_1,69.4,30.9,0,70.3,91,48.3,62.3,2361,Clear,Major
2022-05-29,Brigade Road,Road_13,70.6,25.6,0,61.0,193,74.1,81.2,826,Rain,Minor
2022-05-03,Marathahalli,Road_15,73.0,19.3,1,85.4,168,34.9,65.6,2675,Rain,Minor
2024-08-05,Indiranagar,Road_14,89.6,8.0,2,97.7,159,40.5,80.9,3652,Clear,Minor
2023-01-12,Marathahalli,Road_13,82.5,18.5,2,87.7,228,68.7,87.1,1809,Clear,Major
2024-05-31,Koramangala,Road_3,99.0,8.6,2,100.0,147,43.4,86.0,4859,Rain,Minor
2022-04-06,MG Road,Road_5,86.9,19.6,2,90.0,132,54.8,73.7,3666,Clear,None
2023-02-25,Whitefield,Road_3,78.7,16.4,3,91.6,213,52.6,63.1,1095,Cloudy,None
2023-03-18,Whitefield,Road_14,51.2,27.5,0,56.9,130,53.7,84.7,1083,Rain,Minor
2024-01-08,Brigade Road,Road_13,72.6,14.9,0,78.9,190,67.7,74.9,1626,Clear,None
2024-06-27,Electronic City,Road_13,60.1,25.8,1,72.0,171,61.0,84.1,3861,Clear,Minor
2023-09-13,Koramangala,Road_13,37.8,38.2,0,50.0,109,45.6,81.1,4992,Clear,None
2024-04-15,Brigade Road,Road_10,92.2,9.8,3,100.0,247,74.0,90.2,2099,Cloudy,Major
2024-06-27,Electronic City,Road_15,66.3,21.5,0,53.4,185,41.3,94.4,1006,Rain,Major
2023-05-28,Whitefield,Road_14,73.3,17.8,2,78.0,151,71.1,74.7,1122,Haze,Minor
2022-02-08,Brigade Road,Road_1,61.5,29.0,1,74.8,129,50.1,62.4,2926,Haze,None
2023-03-06,MG Road,Road_14,92.0,13.9,4,97.5,64,51.4,61.4,606,Clear,Minor
2023-01-07,Whitefield,Road_4,80.6,20.2,1,79.0,129,70.5,75.1,2110,Clear,None
2024-02-13,Silk Board,Road_12,62.1,27.0,0,69.2,148,64.0,68.6,2905,Clear,Major
2023-07-11,Marathahalli,Road_6,63.2,18.8,1,71.3,135,48.6,74.5,2983,Cloudy,None
2022-01-02,Koramangala,Road_4,88.4,20.2,0,99.0,223,58.7,68.4,4921,Haze,None
2023-11-19,Indiranagar,Road_2,70.6,18.8,2,79.3,249,44.0,92.7,3032,Clear,Minor
2023-12-23,MG Road,Road_13,78.8,14.1,2,83.8,171,45.0,90.1,3089,Clear,Minor
2023-08-14,MG Road,Road_7,78.1,19.1,0,91.9,155,42.2,80.4,2120,Cloudy,Major
2024-01-31,Whitefield,Road_2,74.7,17.6,3,83.5,178,55.2,81.5,4660,Clear,None
2024-01-10,Electronic City,Road_3,68.9,22.9,0,69.6,239,31.3,74.9,2806,Cloudy,None
2024-08-13,Marathahalli,Road_15,62.7,20.7,0,61.7,226,63.1,80.1,1641,Cloudy,Minor
2024-02-16,MG Road,Road_11,60.2,31.8,0,74.4,122,43.5,68.8,1181,Haze,None
2023-08-07,Silk Board,Road_7,74.1,25.2,0,87.3,195,38.7,71.2,1204,Clear,Minor
2022-05-31,Koramangala,Road_13,88.7,14.4,2,91.7,98,50.8,78.5,3668,Haze,None
2022-08-26,Koramangala,Road_8,79.8,11.8,2,99.1,195,63.8,65.8,989,Rain,Major
2023-03-06,Whitefield,Road_8,63.4,26.5,0,62.7,159,42.3,67.9,3348,Rain,None
2023-08-04,Marathahalli,Road_13,77.7,16.2,3,87.0,69,31.7,87.7,3161,Rain,None
2023-04-10,Koramangala,Road_5,90.2,16.3,0,100.0,130,36.5,86.0,1554,Haze,Minor
2022-12-10,Silk Board,Road_15,68.9,20.5,2,56.6,158,34.6,90.3,1568,Cloudy,Major
2023-11-16,MG Road,Road_7,61.2,27.4,1,68.6,237,67.8,88.3,2789,Haze,None
2023-12-27,MG Road,Road_1,52.5,32.7,0,50.0,89,56.4,77.7,3208,Haze,None
2023-02-09,Indiranagar,Road_8,63.8,18.3,1,53.4,84,47.5,67.0,1114,Rain,Major
2023-07-14,Silk Board,Road_9,54.2,23.8,0,53.6,209,47.8,79.1,2889,Haze,Major
2022-07-16,Brigade Road,Road_7,75.5,20.2,3,89.0,147,69.7,79.8,2870,Clear,Major
2024-02-16,Koramangala,Road_1,86.5,17.3,3,98.2,197,55.8,75.1,1910,Clear,Minor
2023-11-02,Silk Board,Road_15,47.2,28.1,0,50.0,204,49.6,62.9,4521,Haze,Major
2023-02-09,Brigade Road,Road_2,63.1,35.6,1,63.7,177,42.8,74.0,1343,Cloudy,Minor
2022-03-24,MG Road,Road_16,82.0,14.2,1,72.9,160,52.9,93.8,3708,Clear,None
2023-10-18,Marathahalli,Road_1,68.3,24.5,0,85.4,135,49.0,89.2,4443,Rain,Major
2022-07-24,Marathahalli,Road_6,73.1,16.1,0,81.3,217,60.1,80.7,3608,Cloudy,Major
2022-01-01,MG Road,Road_2,78.7,23.0,1,71.6,236,56.7,90.1,3256,Clear,Major
2022-07-01,Marathahalli,Road_7,67.7,18.5,2,63.6,123,45.6,87.0,2613,Haze,Minor
2023-05-28,Koramangala,Road_4,89.0,8.0,1,90.9,137,74.6,75.2,1957,Haze,None
2022-01-09,Silk Board,Road_6,71.7,22.2,0,80.9,103,67.6,72.7,1024,Cloudy,None
2022-01-19,Electronic City,Road_10,59.5,23.8,1,63.4,221,46.7,92.3,2355,Clear,None
2022-08-26,Marathahalli,Road_1,84.7,15.5,2,96.3,182,48.1,69.6,2074,Cloudy,Minor
2022-08-07,Koramangala,Road_6,82.4,10.7,0,85.7,198,42.3,93.4,2692,Rain,Major
2024-06-17,Silk Board,Road_2,89.1,14.5,2,96.4,115,64.6,86.3,4568,Haze,Major
2023-04-21,Silk Board,Road_10,77.8,21.2,1,83.2,99,66.2,88.0,4795,Clear,Major
2022-07-25,Marathahalli,Road_7,89.0,20.3,4,92.0,113,65.4,86.0,3679,Clear,None
2024-02-27,Koramangala,Road_6,66.9,29.2,0,63.5,58,30.0,72.4,2261,Cloudy,None
2023-07-02,Whitefield,Road_1,94.8,8.0,2,89.2,66,69.5,77.1,655,Rain,None
2023-08-12,Silk Board,Road_9,59.6,21.4,0,76.0,132,33.7,63.1,1947,Rain,None
2024-07-28,Silk Board,Road_9,68.6,17.1,2,80.0,156,54.8,91.4,4033,Cloudy,Major
2023-09-15,Electronic City,Road_9,56.5,24.6,0,52.7,164,32.8,93.7,4005,Rain,Major
2022-07-22,Koramangala,Road_13,88.5,16.1,0,86.2,173,37.9,94.8,523,Rain,Minor
2023-06-24,Brigade Road,Road_2,90.2,15.7,2,93.9,162,74.8,74.5,3582,Clear,Minor
2023-11-27,Koramangala,Road_9,48.9,34.7,0,50.0,118,35.0,76.0,2645,Clear,None
2023-05-06,MG Road,Road_16,85.5,16.3,2,98.0,170,54.1,69.7,2617,Clear,Minor
2023-12-22,Whitefield,Road_12,61.8,28.7,0,64.6,98,60.4,80.0,2849,Rain,Minor
2022-12-04,MG Road,Road_8,83.9,17.1,1,89.5,242,44.3,86.4,4062,Haze,Minor
2023-11-10,Silk Board,Road_10,63.5,18.8,0,60.8,139,31.5,79.7,1137,Haze,None
2023-03-23,Marathahalli,Road_1,60.8,28.8,0,68.5,183,37.2,75.4,4566,Cloudy,None
2023-02-07,Brigade Road,Road_10,87.5,14.3,3,92.7,249,57.0,77.8,3204,Haze,None
2024-06-11,Electronic City,Road_8,72.1,15.8,1,74.5,157,32.1,77.7,4612,Clear,Major
2023-07-12,Silk Board,Road_16,60.6,21.1,0,69.7,199,53.6,83.0,3818,Cloudy,Major
2022-01-29,Whitefield,Road_12,81.2,16.2,0,72.7,80,70.8,87.2,1750,Clear,Major
2023-01-02,Silk Board,Road_16,64.3,23.0,0,62.0,174,48.6,85.3,1623,Rain,Minor
2022-04-09,Electronic City,Road_14,78.3,20.0,2,94.1,56,61.3,91.6,3391,Haze,Minor
2023-09-01,Silk Board,Road_3,67.7,27.6,0,74.6,159,68.3,84.8,4406,Haze,None
2024-07-18,Silk Board,Road_13,56.0,19.2,0,64.3,96,57.2,84.8,3097,Clear,None
2023-11-03,Whitefield,Road_3,78.9,10.9,0,84.9,160,40.7,82.5,4100,Clear,Minor
2024-06-19,Brigade Road,Road_11,80.6,20.0,1,90.6,56,54.4,60.9,3442,Rain,Major
2024-07-22,Koramangala,Road_5,75.8,22.7,1,80.6,101,57.9,63.3,3488,Rain,None
2023-10-29,Whitefield,Road_5,86.3,15.4,1,92.0,136,32.4,72.8,671,Haze,None
2022-07-20,Marathahalli,Road_6,56.5,24.0,0,70.6,97,52.2,85.1,3101,Cloudy,None
2023-06-20,MG Road,Road_1,66.3,22.6,2,70.4,173,33.0,88.1,1902,Rain,None
2023-10-04,Marathahalli,Road_13,79.0,21.4,0,87.7,51,37.7,62.0,911,Haze,Minor
2024-02-18,Marathahalli,Road_10,54.2,20.1,0,62.5,175,59.3,91.8,3164,Rain,Minor
2022-11-26,Whitefield,Road_4,57.1,27.4,0,51.9,112,37.8,62.4,1119,Cloudy,Minor
2022-09-09,Electronic City,Road_13,60.7,21.6,1,79.2,232,50.0,79.8,826,Clear,None
2024-06-08,Whitefield,Road_4,74.4,19.5,0,73.5,127,35.7,77.1,4659,Cloudy,Major
2023-11-23,Indiranagar,Road_1,52.2,23.2,0,57.5,71,58.7,92.0,4919,Clear,None
2022-01-11,Koramangala,Road_3,72.9,23.7,1,80.9,249,60.7,73.8,1131,Haze,Major
2023-12-12,Indiranagar,Road_9,70.3,19.9,1,75.0,125,53.6,79.5,1085,Cloudy,Major
2023-04-15,Indiranagar,Road_2,50.0,23.0,0,72.1,142,67.4,78.3,3227,Clear,Major
2023-11-15,Silk Board,Road_15,80.0,8.0,0,100.0,76,39.3,92.0,971,Haze,Minor
2023-07-17,Brigade Road,Road_8,57.8,30.6,0,67.8,130,51.9,94.9,2244,Haze,Minor
2023-04-26,Marathahalli,Road_14,66.8,24.1,0,63.7,105,30.2,62.5,2242,Haze,Minor
2023-05-02,Electronic City,Road_9,85.0,23.4,2,82.0,134,53.5,81.9,4516,Rain,Minor
2024-03-19,Silk Board,Road_4,65.4,18.4,1,64.0,186,39.8,93.7,1251,Clear,None
2023-08-03,Koramangala,Road_2,87.2,10.1,1,89.6,218,47.3,73.5,1199,Clear,Minor
2023-11-25,Silk Board,Road_7,86.3,11.8,2,93.4,127,70.1,68.3,4320,Haze,Major
2024-07-21,Koramangala,Road_3,67.8,17.1,0,76.3,109,62.9,60.7,1771,Cloudy,Minor
2023-06-21,Indiranagar,Road_12,68.2,20.4,1,72.3,144,62.9,69.5,1286,Cloudy,Major
2024-06-12,Koramangala,Road_4,59.1,32.8,1,81.4,222,50.6,71.9,1881,Cloudy,None
2022-11-09,Marathahalli,Road_6,93.4,12.4,0,99.2,78,36.9,62.4,1805,Haze,Minor
2024-05-12,Marathahalli,Road_7,62.1,17.9,1,58.1,150,60.4,63.7,2972,Cloudy,Major
2023-06-29,Koramangala,Road_7,65.7,19.2,0,55.5,205,59.2,78.8,560,Rain,Minor
2024-05-23,Silk Board,Road_2,63.4,24.0,1,68.0,158,47.9,82.2,3841,Haze,Major
2024-05-19,MG Road,Road_6,70.2,14.9,1,72.9,52,72.6,62.8,4739,Clear,Major
2024-08-04,Indiranagar,Road_5,39.2,23.3,0,50.0,145,40.6,91.1,949,Cloudy,None
2023-01-07,Marathahalli,Road_9,80.7,15.0,0,95.6,98,74.6,64.0,4841,Rain,None
2022-10-19,Electronic City,Road_1,76.3,27.7,1,72.8,117,39.8,86.3,4187,Rain,Major
2024-05-10,Marathahalli,Road_15,77.9,13.5,0,75.2,242,71.2,63.4,4980,Cloudy,None
2022-08-30,Koramangala,Road_5,76.1,24.5,1,74.8,128,65.4,63.4,3116,Cloudy,None
2024-03-10,Electronic City,Road_12,85.4,11.4,2,100.0,192,66.4,68.3,761,Haze,Minor
2024-03-05,Whitefield,Road_8,70.8,24.7,2,85.2,221,54.4,69.7,4052,Clear,None
2024-01-03,Marathahalli,Road_16,68.3,19.4,0,63.5,137,38.9,62.3,2646,Haze,Major
2022-08-06,Koramangala,Road_11,68.5,15.9,0,75.5,74,53.4,80.8,3728,Haze,None
2022-06-05,Marathahalli,Road_14,84.0,19.7,1,96.1,165,55.4,63.6,2267,Rain,Major
2024-06-06,Koramangala,Road_1,69.9,24.6,2,71.8,136,56.6,88.4,1627,Clear,Major
2023-07-30,Marathahalli,Road_16,64.1,23.5,0,71.9,202,53.1,62.4,4027,Rain,Major
2022-08-19,MG Road,Road_5,72.0,15.0,1,75.4,243,60.4,70.9,3827,Haze,Major
2024-04-16,Brigade Road,Road_13,56.5,25.8,0,55.5,154,59.0,92.3,4155,Clear,None
2023-08-20,Silk Board,Road_15,66.1,16.4,0,75.2,69,42.8,78.0,1745,Haze,None
2022-12-04,MG Road,Road_4,49.4,27.0,0,55.1,80,60.1,82.8,4587,Haze,None
2024-04-18,Brigade Road,Road_7,61.9,21.0,0,66.4,109,52.7,79.2,4818,Haze,None
2024-04-21,MG Road,Road_3,73.7,17.4,3,70.0,159,58.2,80.3,3464,Haze,None
2022-03-10,Whitefield,Road_7,68.9,14.6,0,73.1,216,49.2,84.1,1657,Cloudy,None
2024-02-26,Whitefield,Road_14,86.1,9.2,0,89.4,178,59.0,92.9,4946,Clear,Major
2024-04-11,Whitefield,Road_15,71.5,12.8,1,71.0,209,59.0,70.0,4829,Haze,Major
2022-09-27,Koramangala,Road_7,63.3,24.8,1,63.6,78,72.5,65.4,4190,Haze,Major
2022-12-30,MG Road,Road_8,67.2,23.3,1,67.2,50,35.8,91.6,1877,Rain,Major
2022-04-10,Whitefield,Road_1,81.0,17.3,0,81.7,187,52.7,92.9,1414,Rain,Minor
2024-02-04,Whitefield,Road_8,63.1,25.3,1,64.9,180,57.1,60.5,3264,Haze,Minor
2022-08-24,MG Road,Road_1,66.7,22.7,3,76.8,229,43.0,87.9,4446,Haze,Minor
2022-09-07,Whitefield,Road_14,57.9,24.2,0,66.7,189,54.9,82.2,2258,Clear,Minor
2022-01-08,Koramangala,Road_6,93.4,12.7,3,96.8,106,61.5,66.1,2657,Rain,None
2023-05-06,Koramangala,Road_11,79.5,10.9,1,96.4,110,35.9,64.3,3833,Clear,None
2024-05-16,Whitefield,Road_4,73.3,16.6,0,74.9,242,46.6,66.9,2787,Clear,None
2024-01-29,Koramangala,Road_5,72.1,17.6,0,82.0,168,33.9,75.4,4920,Rain,None
2023-06-07,Brigade Road,Road_1,75.2,25.2,1,91.1,160,68.2,85.0,2074,Rain,Minor
2023-11-28,Koramangala,Road_1,54.4,25.8,0,55.9,64,38.6,60.9,4106,Rain,Major
2022-02-06,Whitefield,Road_13,98.2,12.0,4,93.7,147,43.1,92.8,1140,Rain,Major
2022-08-15,Koramangala,Road_16,73.6,17.3,0,79.4,182,57.7,74.1,922,Cloudy,Minor
2023-10-25,Marathahalli,Road_8,75.3,25.7,0,81.3,225,35.2,80.4,2567,Rain,None
2023-02-06,MG Road,Road_6,69.2,20.6,2,81.5,56,36.5,76.4,3216,Cloudy,None
2022-02-23,Electronic City,Road_8,70.7,19.3,0,65.2,224,58.9,86.2,3008,Haze,Major
2022-03-09,Whitefield,Road_11,60.1,18.0,1,76.5,122,74.1,93.8,640,Haze,None
2023-09-20,Marathahalli,Road_6,52.2,24.3,0,57.6,203,69.6,89.0,833,Haze,Minor
2024-02-06,Electronic City,Road_11,56.0,27.1,1,58.4,57,38.2,83.8,1171,Haze,None
2022-07-26,Silk Board,Road_6,74.3,18.6,0,82.5,219,39.7,66.4,3714,Cloudy,Major
2023-03-29,Electronic City,Road_11,72.4,21.3,2,66.6,158,49.7,80.0,4564,Rain,Minor
2024-08-03,Koramangala,Road_14,55.7,30.3,0,67.3,156,72.1,89.6,2631,Clear,None
2024-05-19,Whitefield,Road_10,75.9,21.5,0,86.3,163,64.0,83.1,2653,Clear,None
2022-06-22,Indiranagar,Road_9,72.4,28.2,3,73.4,116,49.9,87.8,1978,Haze,Major
2023-07-29,Brigade Road,Road_11,64.2,18.6,0,65.6,233,68.7,90.8,4703,Haze,Minor
2022-01-14,Indiranagar,Road_12,62.1,20.9,0,65.5,177,61.7,93.1,4389,Cloudy,None
2023-03-23,Whitefield,Road_11,52.0,27.9,0,63.3,111,31.2,85.5,4370,Clear,Major
2023-01-11,MG Road,Road_13,65.6,23.8,0,72.5,236,30.8,82.4,4345,Rain,Major
2024-02-14,Whitefield,Road_9,80.4,15.4,1,88.5,104,64.3,82.2,884,Haze,Minor
2023-01-05,Koramangala,Road_4,66.6,17.9,0,77.8,194,38.7,67.6,4165,Clear,None
2024-04-23,Indiranagar,Road_11,65.6,23.4,0,94.2,147,32.4,88.8,4857,Clear,Minor
2022-10-23,Marathahalli,Road_7,69.1,23.7,1,74.4,199,34.5,73.2,2631,Cloudy,Major
2024-04-10,Whitefield,Road_12,79.7,21.5,0,87.8,181,34.2,91.5,670,Clear,None
2022-08-24,Electronic City,Road_4,78.6,17.9,2,77.4,134,60.5,78.3,2157,Rain,Major
2022-08-28,Marathahalli,Road_7,49.5,26.0,0,57.5,63,63.9,79.9,3824,Cloudy,None
2022-03-10,Koramangala,Road_12,62.6,21.4,2,69.7,213,46.0,70.6,3595,Clear,Major
2023-06-29,Silk Board,Road_6,85.2,8.0,1,88.7,185,47.1,62.2,939,Rain,Major
2022-04-11,Marathahalli,Road_9,80.5,22.6,1,82.9,209,65.5,64.1,1501,Rain,None
2023-01-11,Indiranagar,Road_3,66.0,26.3,0,78.4,136,45.8,84.0,2333,Haze,None
2023-10-08,Electronic City,Road_14,74.9,21.7,1,92.1,205,60.2,70.6,4827,Haze,Major
2022-09-25,Brigade Road,Road_11,89.2,21.0,1,89.2,161,72.5,85.4,3757,Clear,Minor
2023-01-11,Indiranagar,Road_4,71.0,17.0,1,76.0,69,40.1,76.7,3192,Rain,Minor
2022-04-14,Koramangala,Road_3,62.6,23.0,2,78.6,73,71.7,81.3,2660,Clear,None
2023-10-09,Marathahalli,Road_4,60.7,19.7,0,56.4,243,64.4,76.6,4356,Clear,Major
2023-06-30,Whitefield,Road_11,85.2,14.2,1,78.5,163,56.4,64.6,3720,Rain,Minor
2022-05-04,Electronic City,Road_16,84.4,15.0,1,84.3,179,68.6,76.0,4586,Rain,None
2022-05-13,Whitefield,Road_13,67.0,15.8,1,65.0,192,33.4,84.9,4771,Clear,None
2023-10-02,Koramangala,Road_2,60.1,18.2,1,68.7,105,65.2,87.0,1242,Haze,None
2022-12-08,Silk Board,Road_12,71.4,23.3,0,93.7,212,74.3,68.7,4607,Rain,None
2024-01-03,Silk Board,Road_2,70.7,26.9,1,74.6,210,65.7,69.1,4180,Cloudy,None
2023-07-26,Electronic City,Road_10,85.7,8.3,2,97.1,141,40.8,62.8,4681,Haze,None
2022-08-10,MG Road,Road_2,69.8,17.0,1,76.6,120,35.7,84.4,3556,Rain,Minor
2024-07-05,Koramangala,Road_2,77.1,14.4,1,85.4,242,67.1,93.7,2749,Cloudy,Minor
2022-01-06,Whitefield,Road_7,87.5,16.7,1,100.0,193,64.3,71.0,3470,Cloudy,None
2022-05-22,Whitefield,Road_11,94.7,15.1,3,91.1,105,63.6,80.3,2153,Rain,None
2022-07-31,Silk Board,Road_9,66.7,24.6,1,75.2,198,69.9,64.4,2748,Rain,None
2023-07-16,Silk Board,Road_5,64.8,28.2,1,70.4,99,37.0,94.9,3159,Clear,None
2024-05-10,Whitefield,Road_2,94.2,12.0,2,93.8,207,56.7,77.0,892,Clear,Major
2024-02-10,Koramangala,Road_5,99.0,10.1,1,98.3,198,57.4,64.4,1968,Rain,Major
2024-03-04,Marathahalli,Road_12,55.2,21.0,0,62.8,107,66.0,60.0,4424,Cloudy,None
2023-10-29,Koramangala,Road_13,55.0,23.3,1,61.8,157,52.3,61.2,3665,Clear,Minor
2024-03-27,Electronic City,Road_16,49.3,25.7,0,50.0,94,49.9,87.8,3632,Cloudy,Minor
2022-05-02,Indiranagar,Road_6,86.5,21.1,4,76.9,89,34.1,68.9,889,Cloudy,Major
2023-09-09,MG Road,Road_12,78.4,15.8,1,80.1,65,43.5,82.4,2588,Cloudy,Minor
2022-10-26,Whitefield,Road_3,71.3,25.4,0,92.1,113,63.7,75.5,4980,Rain,Major
2022-11-16,MG Road,Road_14,68.7,18.8,0,74.5,203,62.2,69.4,2002,Cloudy,Minor
2023-05-18,Silk Board,Road_12,61.6,24.8,0,58.7,225,34.3,60.1,1888,Clear,Minor
2024-04-13,Indiranagar,Road_10,64.7,28.8,1,75.4,248,70.8,80.1,3793,Rain,Minor
2022-09-12,Brigade Road,Road_7,67.5,24.0,0,61.2,213,73.9,84.5,4239,Rain,Major
2022-11-08,Brigade Road,Road_7,74.7,16.7,0,79.5,110,71.9,64.3,940,Cloudy,None
2023-05-22,Indiranagar,Road_15,75.6,11.9,0,93.2,238,44.0,73.2,3213,Cloudy,None
2023-10-23,MG Road,Road_5,82.7,20.3,2,93.1,226,58.2,66.9,4522,Clear,Minor
2023-02-27,MG Road,Road_12,74.9,18.5,1,87.0,73,48.2,63.7,3087,Haze,Minor
2024-07-16,Brigade Road,Road_12,83.6,19.2,1,98.2,151,60.9,87.7,3487,Haze,Minor
2024-08-10,Electronic City,Road_2,79.3,11.6,0,93.0,124,64.3,81.1,4411,Cloudy,None
2023-09-20,Silk Board,Road_8,82.3,9.8,0,78.3,56,65.5,74.0,1197,Cloudy,Major
2022-11-17,Koramangala,Road_9,73.0,27.5,1,88.3,201,47.8,92.4,1609,Clear,Major
2023-12-21,Koramangala,Road_8,70.4,16.9,0,65.8,74,53.9,66.2,1357,Haze,Major
2024-08-05,Indiranagar,Road_4,66.0,17.5,1,79.0,136,62.8,65.9,981,Haze,Major
2024-07-20,Koramangala,Road_14,78.4,15.4,1,86.7,132,54.1,69.2,1142,Cloudy,Minor
2023-03-12,Brigade Road,Road_11,67.8,25.7,1,70.2,184,50.8,73.5,2980,Cloudy,Minor
2023-04-13,Electronic City,Road_10,65.9,14.3,0,60.6,63,40.6,77.4,3471,Cloudy,Major
2022-02-07,Marathahalli,Road_14,68.1,30.9,0,75.6,128,48.6,66.5,595,Haze,Major
2022-01-30,Marathahalli,Road_16,55.4,19.1,0,55.0,238,38.4,62.1,2778,Haze,Minor
2024-06-08,MG Road,Road_7,91.5,10.3,1,100.0,108,49.4,87.5,2992,Rain,Minor
2023-06-07,Silk Board,Road_15,82.9,17.2,3,79.7,64,59.5,60.0,1875,Rain,Minor
2022-10-09,Indiranagar,Road_1,60.8,24.6,1,55.5,103,45.2,87.5,671,Clear,Minor
2024-07-07,Brigade Road,Road_8,61.7,26.0,0,69.6,68,44.8,81.0,4141,Cloudy,None
2022-03-07,Marathahalli,Road_7,61.4,25.8,1,50.0,230,52.5,60.8,3747,Rain,None
2022-11-08,Brigade Road,Road_14,60.2,26.3,1,50.2,125,43.1,89.3,4626,Rain,None
2022-11-26,Koramangala,Road_10,79.6,11.4,0,73.6,52,40.8,67.3,3592,Clear,Major
2023-05-30,Indiranagar,Road_6,61.9,21.6,0,73.1,63,50.4,72.6,3853,Rain,Minor
2022-10-11,Indiranagar,Road_2,72.9,21.3,2,78.0,138,37.5,73.6,3359,Cloudy,Major
2023-11-15,Whitefield,Road_3,52.4,28.1,0,50.0,165,35.2,66.6,2059,Rain,Major
2023-07-09,MG Road,Road_6,69.4,18.9,1,70.7,218,36.6,69.0,2165,Rain,Minor
2023-07-13,Silk Board,Road_15,49.9,31.0,0,57.9,145,67.7,77.1,2864,Clear,Major
2024-07-25,Indiranagar,Road_16,70.4,19.3,2,90.4,165,60.6,63.4,1992,Cloudy,Major
2023-03-05,Whitefield,Road_12,69.7,26.1,1,75.4,241,66.6,74.4,1501,Cloudy,None
2024-01-14,Silk Board,Road_7,55.5,15.9,0,71.0,96,64.9,88.4,2499,Cloudy,Minor
2023-09-18,Marathahalli,Road_3,90.0,16.8,2,100.0,124,72.1,77.7,3193,Haze,Major
2022-12-30,Marathahalli,Road_14,58.2,26.4,0,56.3,239,61.9,89.3,3299,Haze,Major
2024-02-05,MG Road,Road_15,62.2,23.2,1,64.5,186,40.2,63.6,653,Haze,Minor
2024-05-20,Electronic City,Road_7,89.9,10.0,2,88.1,181,65.5,89.0,4776,Haze,None
2022-12-02,Whitefield,Road_8,70.1,19.9,3,74.5,77,38.6,85.2,1623,Rain,None
2024-05-14,Electronic City,Road_10,85.5,8.5,0,94.7,86,58.8,72.8,1468,Rain,Major
2022-08-17,Koramangala,Road_15,68.2,26.8,0,70.9,97,44.6,94.6,2577,Haze,None
2022-05-11,Brigade Road,Road_10,81.9,14.6,0,100.0,107,71.1,92.9,4342,Cloudy,None
2022-10-07,Koramangala,Road_15,64.8,27.4,0,64.3,239,30.2,92.2,3895,Haze,Major
2022-09-01,Brigade Road,Road_7,63.4,20.1,0,77.7,220,68.1,61.2,4059,Rain,Minor
2024-06-02,Indiranagar,Road_10,68.6,20.2,0,70.9,181,52.8,78.9,2531,Haze,None
2023-12-03,Silk Board,Road_11,73.7,21.0,1,72.4,205,45.5,76.0,618,Clear,Minor
2023-05-31,Indiranagar,Road_2,80.6,16.6,2,79.8,229,39.3,65.8,1080,Clear,Minor
2023-05-30,Marathahalli,Road_7,73.5,20.3,0,82.8,207,56.6,70.0,3047,Rain,Minor
2023-11-28,Whitefield,Road_7,53.2,23.2,0,63.6,240,55.4,91.9,630,Rain,Minor
2024-06-07,Indiranagar,Road_8,75.2,18.1,0,74.9,56,68.9,61.3,2096,Haze,None
2023-06-28,Silk Board,Road_5,83.6,8.5,1,91.4,68,31.9,72.6,2385,Rain,Minor
2022-07-31,Brigade Road,Road_11,76.6,19.4,0,88.2,145,31.6,90.0,3768,Haze,Minor
2022-07-28,Silk Board,Road_2,55.3,27.0,0,67.8,189,60.1,78.7,2489,Cloudy,Major
2023-09-19,Marathahalli,Road_6,77.0,11.8,2,75.9,242,46.5,89.2,3139,Haze,Major
2022-12-01,Whitefield,Road_14,74.4,15.5,1,72.8,224,68.2,71.4,4523,Clear,None
2022-05-18,Whitefield,Road_14,70.6,23.8,1,69.7,164,73.7,64.3,915,Clear,Minor
2023-01-25,Silk Board,Road_15,71.8,21.1,2,79.5,226,71.1,92.5,4467,Cloudy,Major
2023-03-12,Brigade Road,Road_5,59.6,20.0,0,62.0,235,58.1,66.3,1672,Clear,Major
2024-08-08,Marathahalli,Road_15,86.5,11.4,2,93.4,83,73.1,65.6,796,Rain,Major
2022-01-07,Electronic City,Road_7,61.2,22.4,0,78.4,191,44.6,75.3,3568,Clear,Major
2023-02-09,MG Road,Road_13,62.1,27.2,0,58.1,160,48.8,66.4,3270,Haze,Minor
2023-01-18,Silk Board,Road_5,55.3,25.7,0,63.0,191,70.9,73.1,4259,Rain,Major
2022-04-01,Koramangala,Road_6,76.6,24.4,2,90.2,238,68.1,72.3,4970,Rain,Major
2024-06-02,Indiranagar,Road_14,71.6,18.4,2,70.4,157,59.3,61.6,3525,Rain,Major
2023-10-01,Marathahalli,Road_6,71.9,12.8,0,75.4,135,52.6,94.7,4008,Rain,Minor
2024-06-16,Electronic City,Road_8,67.2,22.6,0,66.8,77,30.4,75.7,2601,Clear,Major
2022-07-16,Electronic City,Road_12,85.2,13.3,2,82.0,161,34.1,73.0,2875,Clear,None
2023-12-07,Brigade Road,Road_14,77.9,22.3,0,77.5,59,68.5,68.5,4332,Haze,None
2022-12-01,Marathahalli,Road_12,54.7,24.9,0,66.4,78,66.7,92.5,1552,Cloudy,Major
2024-08-13,Electronic City,Road_3,69.4,16.8,0,64.1,164,65.0,60.5,1270,Cloudy,Minor
2023-02-15,Koramangala,Road_15,65.3,28.9,0,74.3,73,31.7,83.9,1617,Rain,None
2023-10-26,Brigade Road,Road_16,56.4,26.0,0,64.4,195,60.3,82.3,3784,Rain,None
2024-01-23,MG Road,Road_14,69.2,20.9,2,74.3,177,44.8,67.6,1292,Cloudy,Major
2023-10-23,Whitefield,Road_7,80.8,12.1,3,85.0,135,33.2,68.2,3591,Cloudy,None
2024-05-19,Brigade Road,Road_12,60.4,27.1,0,61.1,54,69.1,91.5,1849,Haze,None
2022-09-24,Silk Board,Road_16,81.1,12.3,1,93.5,212,56.6,74.2,4008,Cloudy,Major
2023-11-11,Electronic City,Road_10,65.1,28.2,0,64.3,234,38.1,61.1,4602,Rain,Minor
2022-08-26,Electronic City,Road_6,58.9,28.9,0,68.3,196,51.4,88.1,4820,Clear,None
2022-10-10,Whitefield,Road_8,63.4,25.6,1,64.9,67,63.0,82.4,3435,Rain,Minor
2023-04-19,Electronic City,Road_3,77.0,15.3,0,80.5,101,48.9,71.3,2732,Clear,Minor
2023-11-13,Koramangala,Road_8,99.0,11.9,2,100.0,70,47.2,62.4,834,Haze,None
2023-09-03,Marathahalli,Road_8,89.3,16.1,2,98.9,105,37.6,89.2,4705,Cloudy,Major
2022-02-08,Silk Board,Road_8,79.2,21.8,1,78.8,225,56.9,81.6,2179,Rain,None
2022-08-28,Electronic City,Road_2,71.9,14.9,1,87.7,240,41.1,80.4,2830,Cloudy,Minor
2024-06-20,Whitefield,Road_1,75.5,22.6,3,81.9,247,69.4,85.0,605,Clear,Minor
2024-03-16,Marathahalli,Road_10,86.9,13.7,2,95.5,205,39.4,71.7,2984,Cloudy,Minor
2022-09-21,Indiranagar,Road_1,89.5,12.8,1,97.5,152,50.5,90.2,2182,Cloudy,Major
2023-01-06,Electronic City,Road_9,84.3,16.5,1,90.0,212,68.1,68.8,2959,Haze,Major
2023-04-12,Whitefield,Road_9,87.3,15.6,1,81.4,195,72.2,75.8,944,Haze,Major
2022-11-16,MG Road,Road_16,58.7,16.8,0,63.4,102,50.3,66.1,4191,Rain,Minor
2024-07-09,MG Road,Road_12,79.2,14.5,1,100.0,180,34.6,77.0,4818,Haze,None
2024-01-01,Marathahalli,Road_14,49.8,28.2,0,62.1,237,40.9,65.1,3393,Clear,Major
2022-03-25,Electronic City,Road_9,81.4,13.9,0,86.3,86,54.5,68.7,4645,Haze,Major
2024-04-28,Brigade Road,Road_5,52.5,26.7,0,50.0,210,31.5,61.1,2114,Rain,None
2024-04-24,Indiranagar,Road_13,70.5,27.2,1,67.6,229,31.7,69.2,4860,Cloudy,Major
2022-04-12,Brigade Road,Road_10,75.5,21.4,2,84.3,214,39.2,80.3,3276,Rain,None
2023-04-22,Silk Board,Road_12,68.0,22.2,1,86.4,106,74.2,63.1,4457,Cloudy,Minor
2024-02-08,Whitefield,Road_9,35.0,35.6,0,50.0,223,33.0,92.5,4162,Haze,None
2022-10-28,Brigade Road,Road_9,57.7,23.4,0,54.4,196,59.8,74.7,3415,Rain,Major
2024-06-20,Koramangala,Road_3,69.1,20.8,0,76.8,247,38.6,91.3,2874,Cloudy,Major
2022-09-26,MG Road,Road_15,49.8,33.1,0,58.5,162,40.2,76.2,1260,Cloudy,Major
2022-03-29,Silk Board,Road_2,93.1,12.6,2,100.0,107,74.7,73.8,4119,Haze,None
2022-03-20,Indiranagar,Road_1,73.0,19.4,2,76.5,208,42.2,78.6,3562,Clear,None
2022-04-15,Electronic City,Road_7,78.5,22.5,0,99.5,87,54.9,93.0,4233,Clear,None
2023-02-11,Whitefield,Road_10,87.6,16.6,1,96.1,235,62.9,62.4,935,Clear,Minor
2023-01-17,Electronic City,Road_13,64.4,17.8,1,60.8,134,73.5,75.0,1920,Rain,None
2023-09-18,Indiranagar,Road_16,56.6,19.3,0,73.3,132,57.4,86.5,2310,Cloudy,Minor
2022-03-18,Indiranagar,Road_1,82.4,16.2,0,84.1,210,67.6,91.8,3443,Cloudy,Major
2024-08-02,Indiranagar,Road_3,52.0,24.1,0,62.3,203,43.7,90.4,2964,Clear,Minor
2022-04-04,MG Road,Road_16,73.3,21.1,0,89.7,125,63.7,94.1,1922,Clear,Minor
2022-11-20,Brigade Road,Road_1,66.3,30.6,1,67.7,219,41.4,84.9,3723,Cloudy,Minor
2023-06-17,Marathahalli,Road_15,56.8,23.2,1,61.0,196,51.2,80.4,3685,Rain,Major
2023-08-20,MG Road,Road_1,78.6,14.6,1,74.0,134,73.7,92.3,3356,Haze,None
2023-01-14,MG Road,Road_6,39.5,26.8,1,50.0,151,63.7,64.4,4267,Cloudy,Minor
2022-02-10,Indiranagar,Road_10,84.9,15.3,2,76.6,176,54.0,89.2,1158,Cloudy,Major
2023-03-20,Electronic City,Road_4,60.9,23.7,0,67.4,72,47.8,61.1,3656,Cloudy,Minor
2022-02-19,Silk Board,Road_3,52.6,26.9,0,58.1,61,32.1,77.5,1378,Rain,Minor
2023-12-10,Indiranagar,Road_16,79.8,19.1,1,93.5,184,41.7,73.5,2302,Rain,Minor
2022-07-16,Silk Board,Road_12,65.1,23.5,0,77.8,182,34.8,93.5,3205,Rain,Minor
2023-02-09,Whitefield,Road_9,64.9,26.2,0,83.4,169,58.6,81.3,4582,Haze,Major
2024-08-12,Electronic City,Road_1,73.0,19.5,0,68.4,113,42.2,83.2,1490,Cloudy,None
2023-05-30,Electronic City,Road_8,72.2,20.6,1,77.5,127,46.1,73.0,3635,Haze,Minor
2023-11-03,Marathahalli,Road_11,67.0,18.9,2,68.8,151,55.7,62.2,2548,Clear,None
2023-08-13,Marathahalli,Road_6,56.7,24.1,0,59.3,55,71.8,90.8,1230,Rain,None
2023-09-25,Brigade Road,Road_12,82.6,17.6,2,79.1,64,70.5,94.4,4371,Clear,None
2023-10-14,Silk Board,Road_4,56.5,19.2,0,74.0,164,51.3,62.8,3378,Cloudy,Major
2023-04-01,Electronic City,Road_14,76.7,20.8,1,76.9,145,50.2,94.9,1495,Clear,Minor
2023-04-22,Whitefield,Road_2,58.2,23.1,0,58.6,149,54.7,84.1,1836,Rain,Minor
2024-03-28,Brigade Road,Road_10,62.5,20.3,0,75.9,57,54.7,84.6,2807,Rain,Minor
2022-07-26,Brigade Road,Road_6,78.3,13.9,2,73.9,180,37.4,86.4,3431,Clear,None
2024-02-28,Silk Board,Road_7,80.9,20.9,2,80.2,123,58.1,75.8,676,Haze,Major
2023-01-31,Marathahalli,Road_2,74.2,26.9,1,77.8,112,59.2,65.2,917,Cloudy,Major
2024-02-14,Marathahalli,Road_5,77.3,21.2,0,93.0,118,53.8,75.6,4080,Rain,Minor
2024-03-22,Silk Board,Road_3,50.4,35.0,0,50.5,84,51.0,63.2,2192,Cloudy,None
2023-02-18,Koramangala,Road_5,76.7,22.9,0,77.2,104,41.0,79.6,755,Cloudy,Major
2022-08-24,MG Road,Road_11,66.1,30.3,2,79.6,76,73.0,70.0,2098,Rain,Minor
2022-03-18,Whitefield,Road_9,86.8,16.0,0,100.0,62,73.2,94.1,4378,Rain,Major
2022-07-23,Marathahalli,Road_15,64.0,22.2,1,59.8,198,73.5,94.6,3933,Rain,Minor
2022-09-26,Silk Board,Road_3,77.5,13.3,0,87.9,242,67.6,93.0,3226,Haze,None
2024-07-31,Marathahalli,Road_15,68.7,19.6,0,66.2,68,67.8,92.9,4624,Haze,Minor
2022-02-12,Electronic City,Road_13,71.7,19.3,1,77.0,117,69.8,80.6,4655,Rain,Minor
2022-12-18,Brigade Road,Road_7,86.6,8.4,1,90.1,102,44.5,60.5,2435,Haze,Major
2024-05-07,Silk Board,Road_9,77.3,9.3,1,88.6,220,54.7,82.3,4246,Haze,Minor
2024-04-26,Whitefield,Road_15,60.6,30.7,0,68.6,69,45.8,90.7,3807,Clear,Minor
2022-04-20,Koramangala,Road_11,72.3,20.2,0,88.9,126,70.8,63.5,4073,Rain,Minor
2023-04-11,Brigade Road,Road_15,73.9,24.3,1,78.1,152,61.3,93.1,4629,Clear,None
2024-02-22,MG Road,Road_16,70.7,26.9,0,72.5,191,71.8,93.6,3466,Clear,Minor
2022-09-24,Koramangala,Road_13,54.5,30.2,0,50.0,55,42.4,64.3,4777,Rain,Minor
2022-03-17,Whitefield,Road_16,72.7,24.1,0,75.3,192,68.8,63.5,2393,Cloudy,Major
2024-02-28,Whitefield,Road_8,52.6,30.4,0,50.0,154,69.9,94.6,1513,Rain,Major
2022-09-30,Electronic City,Road_1,71.8,17.6,0,80.9,198,33.8,82.4,1849,Rain,Major
2023-05-20,Marathahalli,Road_2,86.7,13.2,1,100.0,243,49.0,74.4,3092,Clear,Minor
2023-11-15,Koramangala,Road_2,80.2,13.7,1,84.2,85,46.8,81.5,4112,Rain,Minor
2024-01-18,Electronic City,Road_5,55.2,30.3,0,67.2,190,61.5,75.7,4672,Cloudy,None
2023-01-13,Marathahalli,Road_14,64.5,26.4,0,75.1,87,65.4,89.3,2618,Cloudy,Major
2023-09-20,Whitefield,Road_13,62.5,25.7,3,84.1,77,31.9,80.7,4596,Rain,Minor
2023-01-31,Electronic City,Road_14,70.8,26.4,0,76.0,75,54.3,74.5,1757,Haze,Major
2022-10-04,Koramangala,Road_6,67.6,15.0,2,80.2,210,54.3,69.0,3070,Haze,None
2023-10-19,Silk Board,Road_15,71.0,21.1,0,90.9,178,72.0,62.8,1127,Haze,Minor
2022-08-07,Silk Board,Road_10,59.9,22.3,0,51.8,144,33.5,78.9,3527,Clear,Minor
2024-01-26,Brigade Road,Road_1,71.6,22.1,0,69.4,125,60.3,87.0,3818,Rain,Major
2023-05-25,Koramangala,Road_14,71.1,20.0,0,76.4,122,53.6,79.4,1005,Rain,None
2024-07-02,Marathahalli,Road_16,62.3,23.8,2,74.5,177,58.9,74.7,3931,Rain,Major
2023-05-01,Electronic City,Road_3,76.4,18.0,0,83.7,204,32.5,61.5,4888,Rain,Major
2024-02-19,MG Road,Road_16,66.9,22.2,2,72.8,218,42.4,82.9,761,Rain,Major
2023-08-25,Marathahalli,Road_13,84.1,16.2,1,81.4,240,32.4,75.3,1420,Haze,Major
2022-12-17,Whitefield,Road_3,45.2,30.3,0,67.5,109,50.0,89.7,3301,Rain,Major
2023-07-09,Electronic City,Road_13,57.7,30.8,0,59.4,144,70.8,78.8,2530,Cloudy,Minor
2022-12-25,Silk Board,Road_4,64.8,29.2,1,71.8,143,68.4,93.2,2953,Rain,Major
2024-06-25,Koramangala,Road_6,55.1,20.3,0,72.6,72,43.1,79.3,1418,Clear,Minor
2022-02-18,Indiranagar,Road_9,68.3,22.0,0,69.9,65,49.4,72.3,4867,Cloudy,Minor
2022-03-20,Silk Board,Road_5,40.6,32.3,0,50.0,128,61.0,88.0,3061,Haze,Minor
2023-06-29,Whitefield,Road_3,45.0,27.0,0,64.3,189,61.6,78.3,1826,Haze,Major
2023-04-03,Silk Board,Road_14,51.3,25.0,0,57.8,242,60.1,71.4,1031,Cloudy,None
2023-11-29,Silk Board,Road_7,61.5,21.0,2,62.1,206,47.5,84.3,3162,Clear,Minor
2024-06-24,Koramangala,Road_3,84.0,20.8,0,93.7,242,70.3,64.0,4306,Cloudy,None
2024-04-02,Brigade Road,Road_2,76.5,18.7,1,89.4,184,44.9,84.8,4166,Cloudy,Minor
2022-05-20,Brigade Road,Road_8,66.6,23.6,0,70.3,87,39.8,80.0,1398,Rain,Major
2023-02-04,Indiranagar,Road_12,84.2,8.3,0,100.0,215,48.4,76.7,4402,Cloudy,Minor
2022-06-24,Indiranagar,Road_16,91.4,13.8,1,94.4,153,46.2,70.4,3233,Haze,Minor
2022-08-27,Electronic City,Road_12,82.9,18.8,1,88.2,89,69.6,70.3,2860,Clear,Major
2024-07-31,Indiranagar,Road_6,74.0,22.5,3,72.7,181,58.5,86.9,4832,Cloudy,Major
2022-04-05,Brigade Road,Road_10,88.7,22.1,1,95.9,188,71.2,67.3,4184,Haze,None
2023-07-20,Indiranagar,Road_11,65.7,21.4,1,63.9,65,41.1,61.2,3756,Rain,Major
2022-11-13,Silk Board,Road_1,81.7,18.5,0,93.3,182,39.6,82.2,725,Cloudy,None
2024-03-20,Electronic City,Road_6,73.3,19.0,2,91.1,57,63.3,75.1,1841,Cloudy,Major
2022-03-08,Brigade Road,Road_1,75.7,30.0,1,72.5,126,33.6,87.4,1038,Haze,Major
2022-09-27,Marathahalli,Road_14,84.0,17.9,1,93.8,54,43.4,85.1,4491,Clear,None
2022-12-02,MG Road,Road_4,66.1,22.4,2,79.4,178,33.4,60.1,999,Haze,None
2023-10-27,Electronic City,Road_9,81.9,21.3,3,100.0,189,45.0,83.1,4454,Clear,Minor
2023-04-05,Indiranagar,Road_8,76.5,22.4,1,79.3,150,62.7,61.6,1737,Rain,Minor
2024-02-28,Marathahalli,Road_4,53.4,31.9,0,62.8,110,65.6,91.3,4531,Cloudy,Minor
2023-07-20,Electronic City,Road_3,76.9,15.4,1,79.7,167,42.8,68.6,868,Cloudy,None
2023-10-29,Whitefield,Road_6,84.7,12.1,2,100.0,91,65.2,62.5,4044,Rain,Major
2024-03-20,Marathahalli,Road_14,49.9,33.4,0,54.7,229,40.2,64.9,4420,Haze,None
2023-07-31,Marathahalli,Road_13,71.2,18.4,2,85.0,168,67.5,93.8,3178,Rain,None
2023-03-05,Brigade Road,Road_6,66.7,19.8,0,69.5,128,54.4,88.6,2009,Haze,Major
2023-05-14,MG Road,Road_1,46.6,33.6,1,66.2,57,60.0,79.1,601,Cloudy,None
2022-12-19,Brigade Road,Road_4,76.3,17.9,1,62.0,182,41.7,70.1,2075,Clear,Major
2022-06-11,Indiranagar,Road_15,59.4,22.7,0,68.7,211,69.6,69.4,1551,Clear,None
2022-10-22,MG Road,Road_8,85.2,16.3,1,84.0,80,68.6,69.6,3936,Clear,None
2022-02-01,Marathahalli,Road_2,62.4,21.4,0,82.2,168,63.1,68.2,4292,Rain,Minor
2024-08-01,MG Road,Road_16,63.0,26.5,1,74.7,145,68.4,87.5,4312,Haze,None
2023-07-08,MG Road,Road_7,71.3,19.7,2,85.7,60,62.3,79.8,544,Clear,Major
2022-01-15,MG Road,Road_4,69.3,23.7,2,77.8,155,58.8,91.5,2743,Cloudy,Minor
2023-05-04,Indiranagar,Road_10,93.1,13.0,3,97.5,85,68.3,69.3,3300,Cloudy,None
2023-08-16,Electronic City,Road_10,74.3,20.0,0,75.0,143,32.6,67.0,950,Clear,None
2022-03-19,Electronic City,Road_1,67.5,30.2,3,70.5,229,46.5,87.2,3566,Rain,Minor
2023-09-22,Electronic City,Road_4,63.4,17.0,1,78.9,132,43.3,80.9,2352,Clear,Minor
2022-04-09,Marathahalli,Road_14,72.7,17.0,0,57.3,232,62.8,71.7,3766,Clear,Minor
2022-06-23,Silk Board,Road_10,60.4,31.6,2,86.9,125,39.7,90.3,938,Clear,Major
2024-03-10,MG Road,Road_4,79.3,16.5,1,85.0,90,32.5,82.2,2540,Cloudy,Minor
2024-07-27,Electronic City,Road_11,60.7,28.6,0,72.3,122,57.6,88.4,4099,Clear,Major
2024-01-01,Indiranagar,Road_3,89.1,14.6,2,100.0,82,67.2,86.8,1293,Clear,None
2022-03-28,Whitefield,Road_13,54.9,20.0,0,73.5,182,59.8,86.1,3653,Rain,Minor
2022-10-03,MG Road,Road_11,58.5,18.6,0,57.6,112,65.6,75.4,4673,Rain,Major
2022-01-07,Marathahalli,Road_4,69.2,16.3,1,81.2,96,47.6,68.1,2812,Cloudy,Minor
2022-06-05,Marathahalli,Road_11,73.0,16.0,1,80.1,169,64.5,71.7,4827,Haze,Major
2022-08-26,Indiranagar,Road_9,80.3,14.3,1,90.3,154,32.9,84.7,3048,Rain,Minor
2024-04-30,Electronic City,Road_15,82.5,12.2,1,87.1,214,40.8,69.1,1833,Haze,Major
2023-12-06,Silk Board,Road_5,74.0,13.2,1,70.2,147,44.2,62.9,1657,Rain,None
2022-12-02,Marathahalli,Road_14,63.9,22.9,2,64.5,171,46.7,85.8,2897,Rain,None
2022-05-01,Koramangala,Road_15,88.4,10.6,2,89.9,106,59.5,80.7,3663,Haze,Major
2022-12-02,Whitefield,Road_15,52.2,21.9,0,51.5,72,30.6,88.2,4826,Clear,Major
2023-03-07,Electronic City,Road_15,80.3,19.1,2,79.1,154,43.9,72.4,921,Cloudy,Major
2023-08-23,Indiranagar,Road_4,63.8,23.6,0,62.2,125,62.9,92.4,2830,Rain,Minor
2023-03-27,Brigade Road,Road_3,85.1,15.9,1,88.9,55,51.6,90.4,897,Haze,None
2023-01-21,MG Road,Road_11,80.6,11.8,0,71.5,212,57.3,74.4,4828,Clear,None
2022-10-20,Electronic City,Road_11,53.5,27.1,0,76.9,92,72.3,77.4,628,Cloudy,Major
2024-04-19,MG Road,Road_12,66.2,24.7,0,58.8,168,59.3,72.7,1197,Cloudy,Major
2023-08-27,Koramangala,Road_14,81.6,12.3,0,88.6,194,71.2,63.3,4293,Rain,None
2022-11-04,MG Road,Road_8,61.5,16.4,0,62.9,77,49.8,91.4,1155,Haze,None
2023-08-11,MG Road,Road_15,59.7,21.1,0,55.8,248,38.1,60.7,2180,Clear,Minor
2022-01-20,Silk Board,Road_11,83.4,17.9,0,83.2,53,35.1,67.9,641,Haze,None
2023-12-11,Electronic City,Road_8,67.9,24.0,1,67.2,75,65.4,81.3,861,Rain,Major
2023-02-01,Indiranagar,Road_7,76.8,23.2,1,89.8,93,60.7,91.6,3895,Clear,None
2022-12-17,Indiranagar,Road_7,55.5,21.1,1,50.7,224,60.6,63.0,1545,Haze,None
2023-08-23,Electronic City,Road_5,93.1,8.0,2,98.8,235,31.3,72.2,4123,Haze,Minor
2024-01-02,Brigade Road,Road_2,73.6,12.2,1,78.5,200,38.1,60.0,3438,Clear,Major
2023-12-20,Electronic City,Road_6,57.1,19.9,0,60.7,175,41.5,85.2,4084,Haze,Minor
2023-04-17,MG Road,Road_10,68.8,19.9,2,78.8,131,33.5,72.2,622,Cloudy,Minor
2024-06-03,Koramangala,Road_6,68.8,16.5,0,65.5,50,45.0,76.2,4220,Cloudy,Major
2022-03-05,Indiranagar,Road_10,72.8,16.8,0,59.4,51,73.5,62.2,1265,Rain,Minor
2024-05-11,Whitefield,Road_11,91.3,11.1,0,99.6,100,37.5,63.9,2981,Rain,None
2023-11-23,Electronic City,Road_12,68.3,17.5,1,77.8,184,57.5,88.0,1279,Clear,Minor
2023-07-01,MG Road,Road_5,43.7,22.3,0,50.0,174,53.0,89.3,2012,Cloudy,Major
2022-11-25,Electronic City,Road_13,57.3,22.1,0,64.1,208,55.0,79.2,2159,Cloudy,None
2024-04-01,Brigade Road,Road_1,62.8,23.2,1,60.3,219,42.6,85.4,4350,Clear,None
2024-05-07,Electronic City,Road_9,63.5,14.8,0,57.6,113,71.6,68.4,1843,Cloudy,Major
2023-12-12,MG Road,Road_2,74.5,26.6,1,64.3,206,74.9,67.3,1744,Rain,None
2023-11-13,Koramangala,Road_3,90.2,8.0,0,82.6,241,58.9,81.4,2632,Haze,Minor
2024-03-14,Silk Board,Road_15,63.5,24.3,0,63.5,141,56.7,92.4,3023,Rain,Major
2023-01-27,Brigade Road,Road_5,80.9,10.2,0,73.7,189,48.3,72.2,4568,Cloudy,Minor
2022-02-04,Whitefield,Road_5,74.2,24.3,0,81.1,209,60.0,94.8,3306,Cloudy,Minor
2023-09-04,Marathahalli,Road_3,70.8,14.0,2,76.7,77,65.8,85.0,2024,Cloudy,Major
2023-06-29,Koramangala,Road_3,45.7,29.7,0,50.0,77,31.4,90.1,808,Haze,None
2024-01-17,Koramangala,Road_9,74.6,29.7,0,71.4,205,32.9,69.7,1009,Rain,None
2023-05-29,Brigade Road,Road_2,81.5,15.1,2,94.5,109,71.3,91.8,1789,Cloudy,None
2024-04-26,Marathahalli,Road_15,66.7,24.0,0,62.7,86,64.0,75.5,1309,Rain,Major
2022-09-01,MG Road,Road_13,85.3,8.0,2,97.2,143,38.0,71.1,1501,Clear,Major
2023-05-20,Electronic City,Road_4,76.0,16.4,0,82.4,112,47.1,72.1,4476,Clear,Major
2023-10-28,Brigade Road,Road_14,64.9,18.9,0,89.0,131,32.5,92.3,3650,Cloudy,Minor
2023-11-05,Koramangala,Road_4,77.0,16.0,2,69.6,75,48.6,75.9,523,Clear,None
2024-08-14,Indiranagar,Road_14,63.8,19.4,1,65.3,78,31.2,93.8,4774,Rain,None
2023-05-28,Koramangala,Road_5,90.5,15.9,0,96.8,175,44.7,71.1,952,Clear,Minor
2024-02-06,Brigade Road,Road_4,78.3,16.9,0,67.0,230,58.6,63.3,3265,Cloudy,Major
2023-03-16,Marathahalli,Road_8,69.6,24.3,0,73.3,123,54.9,62.7,4921,Rain,Minor
2024-06-06,Koramangala,Road_11,90.4,8.0,3,91.7,139,50.8,66.2,4553,Clear,None
2024-08-09,Indiranagar,Road_5,70.8,18.9,0,75.5,94,30.1,64.8,2910,Clear,Major
2023-01-30,Brigade Road,Road_2,60.0,29.9,0,56.5,128,45.9,72.8,2969,Rain,None
2023-05-13,Marathahalli,Road_9,53.0,22.4,0,69.1,134,63.4,77.4,699,Haze,None
2024-05-29,MG Road,Road_11,70.5,21.2,2,76.8,161,65.1,94.6,3021,Rain,Minor
2023-01-14,Koramangala,Road_16,57.9,29.4,0,50.0,84,74.2,61.6,2020,Rain,Major
2022-06-10,Brigade Road,Road_5,54.6,27.8,0,62.1,97,61.2,79.2,1664,Cloudy,Minor
2022-04-20,Silk Board,Road_4,74.4,16.1,1,78.8,104,68.7,81.8,4261,Haze,None
2024-01-14,Brigade Road,Road_3,70.1,20.5,2,81.2,87,65.5,90.7,1530,Rain,None
2023-05-18,Whitefield,Road_2,78.1,21.6,1,64.1,248,36.2,80.2,2621,Rain,Major
2024-07-22,MG Road,Road_3,80.4,13.0,1,88.5,128,68.6,82.8,2513,Rain,None
2022-05-20,Koramangala,Road_7,58.2,27.1,0,70.7,185,70.7,80.1,4980,Haze,Major
2024-06-21,Electronic City,Road_8,66.5,27.6,1,74.2,91,52.3,70.6,4022,Cloudy,Major
2023-09-05,Electronic City,Road_14,64.3,26.6,0,64.8,151,63.1,62.5,3117,Rain,Major
2022-08-10,Electronic City,Road_4,51.0,29.8,0,57.8,72,46.9,82.2,1095,Haze,Minor
2022-04-20,Electronic City,Road_7,80.5,19.6,0,92.7,160,59.4,71.4,1812,Rain,Minor
2023-02-03,Marathahalli,Road_13,65.6,22.6,0,74.2,212,48.8,86.4,4532,Clear,Major
2023-05-27,Indiranagar,Road_5,82.4,14.1,3,76.2,180,53.5,64.9,1425,Cloudy,None
2022-05-15,Silk Board,Road_5,66.2,22.3,1,62.0,221,52.8,70.5,2083,Clear,Minor
2022-01-08,Silk Board,Road_1,49.7,27.1,0,57.3,213,46.4,73.6,4505,Cloudy,Minor
2024-03-08,MG Road,Road_2,73.8,19.4,0,76.7,211,65.5,92.8,2152,Haze,None
2023-06-02,Marathahalli,Road_14,56.1,29.4,0,62.0,198,33.8,84.9,1032,Clear,Minor
2024-05-04,Electronic City,Road_2,82.6,14.8,1,85.6,118,36.4,92.7,849,Clear,None
2023-05-29,Marathahalli,Road_3,61.8,22.2,0,56.7,92,68.9,70.5,4287,Clear,Minor
2024-05-13,Indiranagar,Road_9,67.5,22.2,1,55.5,231,58.8,89.5,4577,Haze,None
2024-07-01,MG Road,Road_8,80.1,13.9,0,89.2,170,67.1,61.0,2116,Cloudy,Major
2023-07-24,Indiranagar,Road_15,70.3,20.5,1,73.4,192,72.1,81.6,3348,Cloudy,Minor
2023-12-12,Silk Board,Road_9,63.2,25.3,0,61.6,144,47.6,63.8,780,Cloudy,Minor
2024-01-19,MG Road,Road_11,69.8,21.5,1,72.6,123,65.6,71.4,1874,Haze,Major
2023-07-11,MG Road,Road_3,97.0,12.9,0,100.0,63,68.4,73.1,1873,Cloudy,Minor
2024-05-21,Indiranagar,Road_16,69.6,14.6,1,81.3,175,52.9,81.7,2336,Haze,None
2022-07-10,Brigade Road,Road_13,77.4,16.3,1,84.7,55,65.6,78.1,2236,Haze,Major
2024-07-26,Brigade Road,Road_12,83.9,15.1,1,87.1,146,65.0,62.5,522,Cloudy,Major
2024-01-18,Indiranagar,Road_11,71.1,17.2,2,75.6,82,62.8,61.8,709,Haze,Minor
2024-03-22,Marathahalli,Road_9,76.0,16.5,0,91.2,208,30.7,88.9,1514,Cloudy,Minor
2023-06-27,Electronic City,Road_10,90.8,15.1,2,85.7,148,61.6,79.2,4542,Clear,None
2022-05-22,Indiranagar,Road_6,57.4,24.4,0,53.0,77,48.0,70.0,1927,Rain,Minor
2024-01-14,MG Road,Road_1,63.0,31.4,1,66.9,53,74.5,82.5,1336,Haze,Minor
2024-02-13,Silk Board,Road_11,71.5,22.5,0,82.0,174,74.5,81.1,2185,Rain,Minor
2022-03-13,Indiranagar,Road_9,85.6,23.6,0,90.1,206,70.9,90.5,3565,Cloudy,Minor
2024-07-01,Indiranagar,Road_8,56.8,20.2,0,63.7,151,58.5,60.1,3896,Clear,Minor
2024-01-08,MG Road,Road_14,64.2,22.6,0,79.8,220,58.2,77.0,2288,Rain,Minor
2024-01-30,MG Road,Road_9,55.0,26.9,0,75.9,198,63.9,70.3,3128,Rain,Minor
2024-05-20,Brigade Road,Road_2,60.3,22.9,0,60.2,118,47.2,67.4,4451,Clear,None
2023-11-01,Whitefield,Road_7,70.1,27.7,1,79.4,128,39.8,73.0,1256,Clear,Major
2023-04-11,MG Road,Road_14,65.5,16.5,2,72.9,111,62.6,63.3,2156,Cloudy,Minor
2023-08-22,Indiranagar,Road_9,57.8,22.2,0,69.2,51,71.1,71.0,4091,Cloudy,None
2023-09-01,Electronic City,Road_15,63.0,26.3,0,74.7,218,52.2,72.5,3151,Haze,Major
2022-02-10,Silk Board,Road_2,54.8,24.6,0,66.4,167,56.7,63.5,2985,Clear,Minor
2023-08-30,MG Road,Road_7,97.9,9.8,2,97.8,137,72.3,60.8,4546,Clear,Major
2023-09-23,Whitefield,Road_5,69.9,22.2,2,74.5,193,35.5,62.4,2040,Cloudy,Major
2024-07-30,MG Road,Road_12,86.5,8.0,1,98.8,175,39.5,64.1,3881,Clear,Major
2024-08-09,Brigade Road,Road_11,70.2,17.5,0,85.9,232,63.6,62.0,784,Haze,Major
2023-05-07,Brigade Road,Road_11,59.6,22.0,0,57.9,84,48.0,79.2,4017,Cloudy,Major
2024-04-18,Whitefield,Road_15,70.1,24.7,0,68.3,143,64.2,90.2,1094,Rain,None
2024-03-04,Koramangala,Road_2,87.6,11.7,1,92.4,249,62.4,65.3,3249,Clear,Major
2023-11-03,Brigade Road,Road_7,59.3,19.9,0,59.0,207,74.4,60.7,4592,Cloudy,None
2024-04-13,Silk Board,Road_6,83.7,15.4,1,90.9,72,56.3,72.5,3900,Haze,None
2023-12-24,Silk Board,Road_7,70.7,22.4,2,80.3,103,73.4,77.5,3045,Rain,None
2023-02-13,Whitefield,Road_8,59.3,34.6,1,59.2,132,65.1,66.4,3026,Rain,None
2024-02-09,Brigade Road,Road_6,66.4,22.1,0,74.7,97,45.8,73.6,1281,Cloudy,Minor
2023-04-30,Indiranagar,Road_4,62.6,29.4,2,65.7,195,59.7,85.3,3703,Haze,None
2022-08-16,Indiranagar,Road_4,84.5,18.5,1,88.7,76,65.4,93.2,2569,Haze,None
2022-05-28,Whitefield,Road_5,63.2,26.7,0,67.3,237,41.0,85.5,625,Clear,Minor
2022-08-28,Indiranagar,Road_2,74.9,28.2,2,88.0,132,66.1,81.4,2458,Haze,Major
2023-04-19,Koramangala,Road_6,79.3,17.5,0,89.4,236,57.7,77.2,3722,Haze,Major
2023-07-26,Indiranagar,Road_6,56.1,24.3,0,62.2,241,55.9,60.2,1324,Clear,None
2023-11-17,MG Road,Road_8,62.0,19.3,2,73.0,58,52.3,63.9,1019,Rain,None
2022-02-09,MG Road,Road_9,70.1,25.3,0,65.5,163,37.0,87.6,4772,Haze,None
2024-08-16,Marathahalli,Road_16,66.0,18.6,0,60.9,207,61.5,66.1,1013,Cloudy,Major
2023-07-05,Indiranagar,Road_12,56.0,23.5,1,64.2,204,36.6,94.9,3532,Haze,Major
2024-01-29,Brigade Road,Road_16,53.3,28.7,0,50.0,205,54.8,72.9,4510,Cloudy,Major
2022-08-25,Silk Board,Road_12,81.3,12.7,0,77.7,107,44.6,69.1,1210,Clear,None
2023-07-08,Brigade Road,Road_5,78.7,16.1,1,92.0,143,46.0,77.5,3855,Cloudy,None
2024-05-27,MG Road,Road_1,73.5,13.0,0,84.6,59,74.2,77.8,2688,Haze,Major
2022-12-11,Brigade Road,Road_16,71.0,20.8,0,62.1,138,73.3,65.9,3356,Clear,Minor
2023-06-21,MG Road,Road_3,69.8,19.7,0,70.2,179,47.4,63.5,718,Rain,Minor
2024-07-30,Whitefield,Road_13,68.9,26.7,1,89.3,59,30.5,74.7,842,Haze,None
2024-01-01,Indiranagar,Road_11,52.2,34.0,0,59.8,247,35.8,89.7,4571,Cloudy,Major
2023-12-09,Electronic City,Road_10,78.4,14.5,0,84.0,206,40.0,66.6,4890,Clear,Minor
2022-10-25,Electronic City,Road_12,76.6,26.9,1,78.8,59,54.7,67.7,711,Haze,Major
2022-03-23,Brigade Road,Road_6,56.7,22.5,1,57.7,241,40.1,88.3,4497,Clear,None
2023-01-21,Whitefield,Road_2,95.0,14.9,3,93.2,82,70.7,93.5,3356,Haze,None
2022-08-10,Whitefield,Road_4,57.1,24.7,1,75.4,186,41.9,93.9,1670,Rain,Major
2022-07-11,MG Road,Road_1,65.0,26.3,3,62.5,208,45.5,82.1,4927,Rain,None
2023-07-03,Brigade Road,Road_14,67.0,18.8,1,72.2,125,65.2,93.3,3804,Rain,Minor
2023-03-10,Silk Board,Road_7,65.8,28.9,0,80.8,139,69.9,67.3,2740,Clear,Minor
2022-03-26,Brigade Road,Road_5,57.4,24.3,1,64.5,66,59.3,81.7,1117,Clear,Major
2022-07-07,Indiranagar,Road_7,67.7,20.5,1,65.7,114,62.7,65.9,2231,Clear,None
2023-02-14,Koramangala,Road_8,98.3,9.4,0,100.0,149,49.0,75.4,4263,Cloudy,None
2022-03-08,MG Road,Road_14,86.3,22.8,1,88.6,62,35.3,60.5,4734,Cloudy,Major
2022-11-26,Electronic City,Road_14,72.2,17.8,1,70.1,142,70.7,86.9,1947,Rain,Minor
2023-08-07,Brigade Road,Road_8,78.8,16.2,1,73.3,68,61.3,81.2,2073,Cloudy,None
2022-09-11,Brigade Road,Road_8,70.3,23.6,0,70.4,191,67.8,88.7,3458,Cloudy,Major
2022-05-11,Marathahalli,Road_9,83.9,24.3,1,80.0,217,55.0,90.2,4691,Rain,Major
2023-12-29,Indiranagar,Road_14,84.5,20.0,1,79.6,93,38.2,63.8,4379,Haze,Major
2022-11-13,Marathahalli,Road_4,60.9,20.3,1,60.4,73,35.0,78.8,3404,Rain,None
2022-01-31,Silk Board,Road_4,81.3,13.7,0,90.4,170,72.0,77.0,3127,Cloudy,None
2024-04-02,Electronic City,Road_12,79.7,13.5,0,81.2,234,35.3,77.6,3920,Clear,Minor
2023-11-18,Silk Board,Road_7,82.2,11.7,3,76.6,188,66.2,74.5,2376,Rain,Minor
2023-10-12,Koramangala,Road_11,82.8,17.7,2,88.5,64,73.2,72.0,4711,Clear,None
2023-06-19,MG Road,Road_7,58.6,23.7,1,78.9,113,63.1,78.2,3036,Clear,Major
2023-11-17,MG Road,Road_15,61.1,22.0,1,70.5,108,56.7,70.6,1520,Rain,Minor
2022-01-31,MG Road,Road_13,73.2,23.3,0,82.3,107,33.7,74.4,2694,Cloudy,Minor
2022-08-01,Brigade Road,Road_14,69.8,22.9,2,83.7,231,72.5,71.3,4819,Clear,None
2022-07-12,MG Road,Road_2,62.1,14.2,0,73.4,149,47.1,81.4,2829,Rain,None
2023-04-30,Indiranagar,Road_1,74.5,21.6,0,86.8,181,72.1,85.8,3141,Cloudy,Major
2023-03-14,Marathahalli,Road_5,96.7,12.1,1,87.3,138,33.0,61.1,3575,Haze,Major
2023-04-30,Marathahalli,Road_10,54.2,29.9,0,56.1,132,61.2,63.2,4185,Cloudy,None
2024-01-16,Koramangala,Road_7,58.4,20.3,1,52.4,170,33.8,64.1,3462,Clear,Minor
2022-01-28,Whitefield,Road_11,67.7,15.7,1,66.5,155,59.8,63.1,3085,Clear,Major
2023-08-24,Marathahalli,Road_6,68.8,21.6,4,80.1,103,70.7,65.3,1522,Rain,Major
2023-08-21,Electronic City,Road_14,69.6,18.0,2,77.8,115,45.1,73.5,4334,Haze,Major
2022-03-25,Brigade Road,Road_7,55.3,19.8,0,64.4,85,58.9,75.1,2662,Rain,Minor
2022-03-07,Koramangala,Road_11,79.9,17.2,0,91.4,111,61.9,68.5,4521,Rain,None
2023-04-27,Marathahalli,Road_16,84.8,13.4,3,82.3,190,63.2,68.4,2786,Rain,Major
2023-12-11,Silk Board,Road_12,65.6,24.0,0,65.6,114,57.8,83.0,3277,Rain,Minor
2022-12-31,Indiranagar,Road_13,87.0,13.4,2,93.7,212,30.3,72.9,3022,Haze,Major
2022-01-17,Silk Board,Road_15,66.8,17.5,1,50.6,128,56.8,69.6,3704,Rain,Major
2023-04-05,MG Road,Road_13,73.8,23.8,0,82.3,122,50.3,76.0,1637,Haze,Major
2023-11-16,Brigade Road,Road_2,63.7,24.0,0,67.0,154,74.2,75.7,3191,Cloudy,None
2023-05-25,Marathahalli,Road_10,66.4,19.0,0,85.7,123,51.8,88.4,1991,Haze,Minor
2023-03-07,Whitefield,Road_11,99.0,15.8,4,100.0,101,71.6,76.0,4713,Rain,Minor
2024-01-24,Marathahalli,Road_5,87.0,16.4,1,100.0,190,69.8,66.8,1497,Rain,None
2022-01-12,Whitefield,Road_7,65.8,25.7,0,65.0,131,38.2,84.7,3925,Cloudy,Minor
2022-11-01,Brigade Road,Road_11,71.9,26.2,3,68.7,144,70.0,63.8,1318,Clear,None
2024-08-13,MG Road,Road_14,83.3,20.1,1,81.6,87,54.1,86.0,4276,Cloudy,Minor
2022-09-11,MG Road,Road_10,74.3,24.9,0,80.8,132,33.7,80.8,594,Rain,None
2023-04-26,Marathahalli,Road_10,63.8,24.4,1,73.1,151,52.5,86.6,3432,Haze,None
2022-04-30,Marathahalli,Road_12,50.0,25.3,0,56.1,242,41.1,79.1,2897,Cloudy,Major
2024-08-09,Silk Board,Road_10,84.5,14.0,3,99.1,78,31.8,69.9,2460,Clear,None
2023-02-14,Koramangala,Road_9,53.3,27.3,0,75.0,173,52.5,80.4,4395,Rain,Minor
2022-11-24,Silk Board,Road_2,70.1,13.7,0,78.4,231,36.5,87.9,2975,Clear,Major
2024-02-16,Brigade Road,Road_7,70.1,20.1,2,79.4,246,57.4,85.6,3411,Rain,None
2022-06-10,Brigade Road,Road_6,73.8,19.1,0,78.7,151,58.9,79.1,626,Haze,Major
2024-03-12,Marathahalli,Road_9,67.4,20.5,1,77.4,120,47.7,94.4,4072,Clear,None
2022-08-09,Brigade Road,Road_4,75.3,17.6,2,89.7,175,50.1,79.7,1048,Haze,Minor
2024-04-21,Whitefield,Road_4,67.3,19.5,0,73.5,93,69.3,81.7,3668,Clear,Major
2023-04-18,MG Road,Road_13,73.2,19.5,0,77.7,64,58.1,67.6,1162,Haze,Minor
2024-07-19,Marathahalli,Road_9,40.5,33.9,0,61.6,74,61.4,91.4,3811,Haze,Minor
2024-04-24,Indiranagar,Road_16,58.9,17.4,0,56.5,127,41.8,62.8,943,Rain,Minor
2024-02-13,MG Road,Road_11,47.6,30.2,1,55.3,51,66.6,89.0,3696,Haze,Major
2023-03-26,Brigade Road,Road_15,87.5,19.6,2,100.0,71,57.4,62.9,2693,Clear,Minor
2024-01-22,MG Road,Road_5,68.9,30.0,0,57.9,50,52.8,69.5,3234,Clear,Minor
2023-08-26,MG Road,Road_13,65.1,28.7,0,51.9,116,65.5,81.3,2106,Clear,Major
2024-05-05,Whitefield,Road_15,62.5,23.4,0,72.0,99,51.1,62.6,1222,Clear,Minor
2022-07-15,Whitefield,Road_1,78.9,20.5,1,81.5,174,38.6,65.1,2950,Haze,None
2023-06-26,Koramangala,Road_6,89.1,8.3,2,78.5,90,50.0,71.3,3078,Haze,Minor
2024-01-20,Brigade Road,Road_9,66.8,12.4,1,65.6,134,46.8,78.7,4215,Haze,Major
2022-03-12,Whitefield,Road_4,68.0,20.1,0,75.7,172,30.3,76.7,2898,Cloudy,Major
2023-08-20,Electronic City,Road_10,64.2,32.1,0,76.8,184,66.8,78.1,1084,Rain,Major
2022-12-04,Brigade Road,Road_7,67.1,19.5,1,55.2,224,45.1,86.5,1579,Rain,None
2023-12-07,Marathahalli,Road_4,64.0,19.7,1,71.6,145,38.2,85.7,1850,Rain,Minor
2024-05-19,Whitefield,Road_15,58.6,25.5,1,58.5,243,65.1,87.4,2600,Clear,None
2024-04-26,MG Road,Road_11,55.4,31.7,1,58.7,86,66.7,87.4,2941,Cloudy,Major
2022-04-29,Koramangala,Road_14,76.6,16.9,1,86.3,187,48.2,67.9,1365,Clear,Minor
2022-08-16,Marathahalli,Road_13,86.0,15.0,2,95.1,157,40.5,64.7,3709,Rain,Minor
2024-03-08,MG Road,Road_7,84.2,13.8,2,78.0,80,45.8,86.4,4441,Cloudy,None
2023-08-29,Marathahalli,Road_5,75.6,14.5,0,62.9,227,54.7,64.8,4289,Haze,Major
2022-07-27,Silk Board,Road_16,65.8,20.6,0,63.3,152,41.5,70.7,1917,Haze,Minor
2024-07-22,Electronic City,Road_3,92.0,9.2,2,96.9,144,39.9,88.0,3867,Cloudy,Major
2023-10-21,Indiranagar,Road_1,54.3,20.2,0,74.4,123,70.5,85.2,4822,Rain,Major
2023-11-23,Marathahalli,Road_8,84.6,17.7,2,84.7,162,37.2,62.3,1973,Rain,Minor
2024-06-19,Electronic City,Road_11,82.4,20.6,1,79.2,202,58.5,92.9,3771,Cloudy,Major
2023-10-01,Brigade Road,Road_14,71.0,24.5,0,73.1,99,66.0,86.6,2178,Clear,Major
2022-12-21,Indiranagar,Road_4,63.5,23.8,0,70.2,249,34.8,81.5,1733,Clear,Minor
2023-10-03,Electronic City,Road_2,55.2,24.5,0,60.8,237,45.9,76.5,4609,Haze,Major
2024-08-10,Silk Board,Road_8,83.9,18.6,4,89.6,222,57.3,87.3,2981,Haze,Minor
2022-03-17,Whitefield,Road_3,53.7,25.3,0,50.0,135,74.3,71.4,4712,Rain,Major
2022-04-18,Whitefield,Road_8,70.8,12.0,0,74.4,129,36.4,73.3,1338,Haze,None
2023-10-18,Electronic City,Road_1,78.4,19.5,2,97.7,170,36.1,80.5,1359,Clear,Major
2024-08-08,Silk Board,Road_4,64.0,26.9,1,66.4,190,64.4,91.0,4905,Rain,Major
2024-08-10,MG Road,Road_4,73.7,18.9,1,77.9,103,67.1,67.0,3864,Haze,Minor
2024-07-31,Silk Board,Road_7,50.7,31.0,0,73.1,80,73.0,94.8,3474,Clear,None
2022-03-20,Electronic City,Road_9,65.5,22.9,0,77.8,176,37.3,89.2,2899,Clear,Minor
2022-06-05,Brigade Road,Road_7,56.3,16.8,0,60.2,242,57.2,76.7,2994,Rain,Minor
2024-03-27,Koramangala,Road_2,71.7,19.7,0,92.0,96,32.6,82.0,4763,Clear,Major
2024-07-14,MG Road,Road_10,68.9,22.5,1,80.6,226,45.3,75.9,1137,Clear,Minor
2023-01-10,MG Road,Road_2,53.2,25.2,1,55.6,235,38.5,75.3,4578,Haze,Major
2023-07-31,Marathahalli,Road_2,51.2,30.2,0,50.0,76,70.3,94.7,3651,Clear,None
2024-04-16,Silk Board,Road_9,50.4,26.4,0,70.2,241,61.8,81.8,1065,Clear,None
2023-02-18,Indiranagar,Road_10,61.2,22.9,0,60.6,63,44.1,63.9,1083,Haze,None
2022-12-02,Koramangala,Road_6,99.0,14.6,2,100.0,209,36.6,79.0,3376,Cloudy,Minor
2023-02-14,Indiranagar,Road_15,69.5,22.5,1,83.4,233,41.3,71.9,2134,Clear,Minor
2022-01-22,Whitefield,Road_12,78.2,8.9,2,81.5,115,38.0,80.2,2240,Cloudy,None
2024-05-27,MG Road,Road_5,67.1,26.0,0,54.8,231,33.8,68.9,2725,Cloudy,None
2022-07-24,Whitefield,Road_10,74.5,17.6,0,85.6,214,56.8,67.3,3999,Rain,Minor
2023-08-03,Silk Board,Road_12,71.8,18.5,0,73.7,166,36.2,80.6,4470,Haze,Major
2024-07-17,Indiranagar,Road_1,68.5,24.3,2,62.5,196,69.4,78.7,2045,Haze,Major
2023-04-29,Koramangala,Road_3,98.1,16.5,2,100.0,98,44.7,92.1,2472,Clear,Major
2024-07-09,Whitefield,Road_10,53.9,30.2,0,53.6,200,71.6,82.4,4758,Clear,Major
2022-09-24,MG Road,Road_13,37.3,33.0,0,50.0,211,39.0,63.6,601,Clear,Major
2022-08-26,Marathahalli,Road_5,67.5,21.7,0,79.2,191,66.2,69.5,1612,Cloudy,None
2024-03-18,Brigade Road,Road_3,51.4,29.2,0,68.1,79,58.3,94.1,632,Cloudy,Major
2024-07-27,MG Road,Road_12,69.1,17.5,1,75.8,67,55.1,72.9,3822,Cloudy,Minor
2024-02-04,Marathahalli,Road_4,72.2,21.6,2,83.5,64,50.2,74.7,4427,Haze,Minor
2023-04-13,Indiranagar,Road_8,73.8,23.7,2,79.1,152,58.6,92.3,3083,Clear,None
2022-03-16,Indiranagar,Road_4,75.4,19.5,0,81.6,88,73.6,65.1,3819,Haze,Major
2024-02-07,Brigade Road,Road_5,54.1,14.9,0,55.8,88,30.4,94.2,983,Clear,Minor
2023-03-03,Whitefield,Road_6,46.7,27.1,0,57.6,165,67.8,64.5,3997,Haze,Minor
2023-04-16,Marathahalli,Road_8,76.0,18.8,1,74.1,141,33.6,70.6,2572,Rain,None
2022-09-08,MG Road,Road_16,68.2,24.0,0,82.6,98,59.4,90.9,3607,Cloudy,Minor
2022-11-05,Indiranagar,Road_12,48.8,29.8,1,55.9,219,33.9,76.9,2716,Haze,None
2022-08-13,Whitefield,Road_14,72.5,24.7,0,88.6,104,53.0,88.2,4765,Rain,Major
2023-07-27,Electronic City,Road_3,67.3,20.0,0,76.6,72,57.7,77.0,4653,Clear,Major
2023-02-24,Electronic City,Road_7,62.3,19.7,0,54.8,143,51.1,92.9,4237,Clear,None
2023-09-06,Koramangala,Road_8,71.8,22.5,0,76.3,108,55.6,67.4,2804,Cloudy,None
2023-04-26,Electronic City,Road_5,60.1,22.2,0,66.5,78,37.8,68.2,4088,Haze,None
2024-04-24,Koramangala,Road_11,88.7,15.5,2,96.8,151,38.7,62.0,714,Haze,None
2022-04-03,Marathahalli,Road_9,66.5,17.7,1,89.2,220,66.7,70.9,3676,Haze,None
2023-09-05,Indiranagar,Road_3,70.1,18.6,0,70.3,125,45.9,76.7,3881,Haze,Major
2024-02-24,Electronic City,Road_10,71.4,20.4,0,71.6,220,65.2,89.2,2699,Cloudy,Major
2022-12-28,Koramangala,Road_7,66.7,24.9,2,69.1,137,30.2,69.9,2676,Clear,Minor
2023-12-31,Koramangala,Road_12,89.3,9.1,2,83.6,130,64.0,72.1,2981,Clear,Minor
2023-12-04,Marathahalli,Road_14,64.4,17.4,0,77.4,248,54.0,64.0,3007,Rain,Major
2023-07-13,Electronic City,Road_16,65.6,28.4,0,64.4,75,46.1,76.7,654,Haze,Major
2023-12-29,Koramangala,Road_1,81.7,20.1,2,82.6,180,70.1,65.2,1112,Cloudy,Minor
2024-08-09,Electronic City,Road_12,71.1,19.7,1,85.2,164,35.6,75.9,3832,Clear,Minor
2022-06-23,Marathahalli,Road_12,75.8,21.4,1,91.2,59,49.2,68.2,3678,Haze,None
2022-05-23,Koramangala,Road_5,68.2,25.5,1,84.0,198,39.7,86.7,2303,Rain,Minor
2022-02-22,Marathahalli,Road_4,59.2,22.9,0,82.1,117,73.6,78.4,636,Rain,Major
2023-08-30,MG Road,Road_8,69.1,16.1,4,74.7,213,67.2,83.3,2830,Clear,Minor
2022-09-08,Koramangala,Road_2,96.5,8.8,1,100.0,132,60.7,89.5,1847,Clear,Major
2022-05-09,Electronic City,Road_4,75.5,19.6,2,72.8,203,65.4,87.3,634,Haze,Minor
2024-03-26,Koramangala,Road_9,80.1,16.9,0,85.4,68,66.7,63.6,3468,Rain,Major
2022-09-06,Marathahalli,Road_16,65.2,22.0,0,68.9,184,33.1,71.3,4065,Clear,None
2023-07-25,Silk Board,Road_16,53.0,28.2,0,66.6,125,34.6,82.7,3210,Haze,Minor
2022-02-18,Koramangala,Road_15,99.0,11.4,1,100.0,139,62.5,62.7,1689,Haze,Minor
2024-01-25,Indiranagar,Road_11,49.7,27.3,0,54.6,187,65.4,84.2,1009,Rain,Major
2023-10-21,Whitefield,Road_11,73.1,19.7,0,72.0,64,60.5,87.7,2557,Rain,None
2022-06-10,Silk Board,Road_3,58.5,29.2,0,50.0,144,45.6,90.6,3330,Haze,Major
2023-11-19,Marathahalli,Road_11,73.9,14.3,1,83.2,206,42.4,62.5,773,Cloudy,Major
2022-03-18,Koramangala,Road_13,99.0,11.9,4,100.0,220,41.9,75.9,3296,Cloudy,None
2024-03-21,Electronic City,Road_16,79.9,16.3,2,84.6,91,33.3,80.6,1866,Cloudy,Minor
2024-03-13,MG Road,Road_12,84.7,21.6,2,93.5,137,45.9,60.5,3293,Haze,Minor
2023-04-05,Silk Board,Road_10,78.4,14.4,0,79.4,80,60.7,62.9,2261,Cloudy,Major
2022-06-25,Electronic City,Road_4,84.4,11.1,1,96.4,162,74.1,85.0,2760,Clear,None
2023-04-18,Marathahalli,Road_8,68.5,14.8,1,62.7,54,56.3,73.9,4874,Clear,Minor
2024-02-02,Koramangala,Road_6,74.1,26.0,1,71.8,183,36.2,70.2,4412,Haze,Major
2023-03-04,Brigade Road,Road_5,46.6,26.5,1,50.0,66,65.0,80.0,4885,Rain,None
2022-10-08,Koramangala,Road_7,63.5,22.1,1,74.2,161,74.0,71.5,810,Clear,Minor
2022-05-04,MG Road,Road_2,70.2,19.1,0,78.7,222,67.2,73.5,3629,Rain,Major
2022-09-02,Marathahalli,Road_15,65.2,22.1,0,67.5,51,63.8,70.0,4267,Clear,Minor
2023-12-20,Marathahalli,Road_10,79.0,13.3,0,77.5,183,34.2,92.9,942,Rain,Minor
2023-04-16,Marathahalli,Road_10,65.9,19.6,0,76.9,97,38.5,77.1,3386,Haze,Minor
2022-11-07,Silk Board,Road_10,66.5,20.0,0,53.9,116,65.1,75.3,576,Clear,Minor
2022-11-10,Indiranagar,Road_1,54.6,26.1,0,57.0,77,55.4,87.0,3392,Rain,Major
2023-06-17,Brigade Road,Road_4,99.0,13.7,2,96.4,196,40.7,87.6,2813,Cloudy,Major
2022-05-19,Whitefield,Road_4,65.8,18.5,1,67.3,152,48.7,89.0,4301,Clear,Minor
2023-01-22,Koramangala,Road_12,83.3,9.6,3,79.6,160,40.5,90.9,4624,Haze,Minor
2023-04-07,Silk Board,Road_9,65.2,20.3,0,72.4,204,41.6,83.3,2806,Clear,None
2024-07-30,Marathahalli,Road_12,70.7,27.7,2,73.1,144,58.8,79.2,3888,Clear,None
2023-02-02,Indiranagar,Road_9,72.7,19.5,2,93.1,88,47.7,64.9,2439,Cloudy,Major
2023-12-04,Silk Board,Road_16,60.1,20.5,3,67.0,74,46.4,63.0,1021,Cloudy,None
2024-02-07,Marathahalli,Road_4,87.4,14.2,1,86.5,201,38.1,73.1,2739,Clear,Major
2023-01-30,Whitefield,Road_15,45.6,25.3,0,58.2,202,56.7,93.1,2994,Clear,None
2023-11-29,Brigade Road,Road_8,67.4,29.4,0,71.3,120,64.8,80.3,2532,Cloudy,Major
2024-02-15,Whitefield,Road_6,41.5,24.1,0,50.0,221,66.8,89.8,2905,Clear,None
2022-07-29,MG Road,Road_13,72.0,28.4,0,89.9,237,43.5,81.5,2750,Clear,None
2022-04-22,Electronic City,Road_7,50.9,21.9,0,50.0,168,71.6,83.6,3979,Cloudy,Major
2023-08-22,Whitefield,Road_1,89.3,12.7,0,84.3,245,68.7,85.1,4479,Clear,None
2023-07-26,Silk Board,Road_12,41.4,30.0,0,50.0,143,37.3,77.8,1141,Clear,None
2024-07-10,Electronic City,Road_4,59.1,26.7,0,70.0,109,43.2,92.7,2633,Rain,None
2024-05-13,Whitefield,Road_15,60.1,22.8,0,64.9,190,65.5,70.0,4639,Clear,None
2022-08-11,MG Road,Road_11,59.9,25.8,0,58.1,59,73.3,68.6,2605,Rain,Minor
2023-10-29,Silk Board,Road_5,64.1,16.5,1,65.9,76,46.3,89.1,1677,Clear,Minor
2022-10-19,Silk Board,Road_5,77.1,22.6,1,97.1,162,32.9,83.3,2362,Clear,Major
2023-09-21,Electronic City,Road_2,61.6,30.9,0,76.1,187,38.7,73.9,806,Cloudy,Minor
2023-04-14,Whitefield,Road_4,80.9,18.4,2,72.2,101,54.7,86.8,2141,Clear,Major
2022-06-18,Electronic City,Road_12,75.2,13.4,0,83.4,91,67.4,81.8,3578,Haze,Major
2024-04-05,Marathahalli,Road_7,77.8,20.5,0,81.7,214,40.9,63.9,3189,Clear,Minor
2022-11-29,Silk Board,Road_1,63.0,28.4,0,63.5,170,59.9,84.5,1889,Rain,Major
2022-04-25,Electronic City,Road_9,74.7,18.3,2,84.6,192,57.1,89.8,2815,Clear,Major
2022-01-02,Whitefield,Road_6,65.8,23.8,0,74.5,233,48.6,68.4,4218,Clear,None
2024-06-06,Indiranagar,Road_1,93.0,10.2,2,87.9,150,50.4,91.0,2429,Haze,None
2022-06-03,Whitefield,Road_6,64.8,28.6,3,73.9,221,59.6,84.2,2669,Clear,Minor
2022-07-29,Marathahalli,Road_14,75.0,15.9,1,84.1,85,66.5,81.4,2882,Cloudy,None
2023-05-18,Electronic City,Road_8,75.7,17.4,0,72.4,109,59.7,79.1,2197,Clear,Major
2023-04-29,Marathahalli,Road_5,66.7,19.7,0,71.9,82,72.5,79.0,1098,Rain,Major
2022-09-16,Brigade Road,Road_16,78.0,15.0,0,72.4,102,30.5,90.4,4070,Haze,Major
2023-07-22,Silk Board,Road_6,56.6,29.1,0,59.2,222,44.1,71.5,591,Cloudy,None
2024-04-21,Marathahalli,Road_12,74.2,23.2,3,78.7,161,48.1,71.6,4058,Haze,None
2024-04-20,Marathahalli,Road_9,68.4,17.1,0,71.0,161,50.2,85.6,4555,Cloudy,Minor
2024-05-26,Silk Board,Road_14,58.1,22.6,0,60.3,176,55.5,84.1,734,Clear,None
2022-12-07,MG Road,Road_15,68.9,24.6,1,73.1,203,73.8,80.2,2576,Cloudy,Minor
2024-01-02,Brigade Road,Road_11,59.2,24.9,0,54.1,89,35.4,63.1,966,Clear,Major
2022-02-02,Brigade Road,Road_10,77.3,13.4,3,70.7,58,35.4,64.0,4215,Cloudy,Major
2024-04-25,Indiranagar,Road_1,83.9,11.3,1,85.8,126,41.5,77.2,2677,Haze,Minor
2023-07-03,Silk Board,Road_3,67.0,20.4,0,71.6,138,32.9,89.4,4192,Cloudy,Major
2022-02-24,Silk Board,Road_13,54.8,22.6,0,66.4,212,54.9,83.9,1636,Rain,Major
2024-07-28,Koramangala,Road_13,99.0,11.2,2,100.0,121,72.6,72.9,1813,Rain,Major
2022-07-24,Silk Board,Road_10,75.7,15.5,1,81.6,72,67.3,81.8,4806,Cloudy,Major
2022-12-03,Electronic City,Road_6,71.7,12.5,1,81.7,241,46.0,84.0,2107,Cloudy,Major
2023-08-13,Electronic City,Road_13,44.5,25.4,1,60.6,64,72.3,86.6,4734,Clear,Major
2024-03-16,MG Road,Road_16,65.4,22.8,1,72.1,200,42.3,66.4,4028,Haze,Major
2022-05-18,Silk Board,Road_6,50.3,30.5,0,63.1,61,57.1,60.5,1948,Clear,Minor
2023-05-20,Whitefield,Road_15,83.5,18.3,2,87.6,159,52.6,77.1,3264,Cloudy,Major
2024-05-24,Brigade Road,Road_4,72.4,24.8,1,62.6,171,59.3,67.9,4728,Haze,Minor
2023-11-12,Whitefield,Road_3,73.5,23.0,2,83.3,131,40.2,90.2,3661,Clear,None
2024-08-11,Marathahalli,Road_3,77.5,22.6,1,89.6,74,43.0,81.7,3657,Cloudy,Major
2024-01-01,Indiranagar,Road_5,71.0,26.1,1,69.4,194,31.7,72.2,4635,Haze,Minor
2023-12-20,Koramangala,Road_10,90.8,14.6,2,95.5,166,74.6,70.9,4675,Rain,Major
2023-06-19,Whitefield,Road_3,55.8,25.6,0,59.5,107,47.3,81.8,2959,Rain,Minor
2024-07-02,Koramangala,Road_15,79.5,12.3,1,90.2,50,59.3,77.0,3459,Haze,Minor
2022-12-25,Marathahalli,Road_10,76.8,22.7,1,62.1,130,60.8,62.4,582,Haze,Major
2024-03-18,Silk Board,Road_12,78.3,22.3,1,79.3,169,38.3,80.9,3657,Clear,Minor
2023-03-29,Indiranagar,Road_2,76.2,21.9,2,93.6,119,35.6,65.2,1490,Rain,Major
2024-02-28,Brigade Road,Road_2,59.1,25.7,0,65.7,80,48.9,87.8,4067,Haze,Major
2024-08-04,Electronic City,Road_6,63.2,24.0,0,68.7,52,60.3,84.1,4294,Cloudy,None
2022-11-05,MG Road,Road_14,64.9,18.0,2,77.2,62,67.7,61.9,1569,Rain,None
2022-05-02,Koramangala,Road_3,86.9,20.7,1,84.8,78,46.7,90.8,3246,Clear,None
2023-04-27,Marathahalli,Road_10,79.3,16.3,0,79.6,190,55.0,87.6,1590,Clear,Major
2023-01-15,Koramangala,Road_3,73.6,15.9,0,78.3,219,31.5,88.3,735,Cloudy,Major
2024-07-09,Marathahalli,Road_7,73.1,18.5,1,73.9,87,43.9,73.5,897,Clear,Major
2022-04-30,Silk Board,Road_4,85.0,15.4,1,83.3,153,43.9,64.3,1838,Haze,None
2022-10-07,Koramangala,Road_1,58.0,32.3,0,53.8,184,47.7,88.8,2985,Clear,None
2023-05-26,Marathahalli,Road_2,88.8,13.6,0,90.6,60,54.6,80.7,3337,Rain,None
2022-03-03,Marathahalli,Road_1,54.5,24.2,0,56.5,163,56.9,64.6,4868,Haze,None
2022-11-02,Marathahalli,Road_3,60.7,18.0,0,66.0,207,33.8,93.9,2057,Rain,Minor
2024-02-18,Silk Board,Road_14,85.6,16.5,3,93.8,61,35.6,61.9,4540,Haze,None
2023-05-09,Brigade Road,Road_9,67.4,17.4,0,71.5,100,45.8,60.8,2662,Rain,Major
2023-08-08,Whitefield,Road_12,92.7,14.1,3,99.6,207,43.4,73.9,634,Cloudy,None
2022-10-28,Brigade Road,Road_6,80.7,22.1,1,74.9,246,30.6,86.4,4638,Haze,None
2022-03-13,Silk Board,Road_14,86.1,15.4,0,83.1,54,35.3,62.8,1395,Haze,Major
2023-12-13,Brigade Road,Road_5,72.5,25.5,2,76.6,213,61.5,62.1,1960,Haze,Major
2023-04-09,Indiranagar,Road_4,58.8,27.6,1,54.8,154,48.1,70.0,2138,Haze,None
2022-09-27,Indiranagar,Road_14,66.9,19.4,1,62.1,226,61.5,63.8,1776,Clear,Major
2023-09-15,MG Road,Road_3,69.7,20.8,1,64.1,106,54.1,92.9,1669,Clear,Major
2022-11-04,Marathahalli,Road_1,88.4,15.2,0,85.1,205,30.3,88.4,3531,Cloudy,Minor
2022-01-13,MG Road,Road_15,66.6,26.2,1,86.9,231,66.8,79.8,1253,Haze,Minor
2023-08-29,Electronic City,Road_16,83.7,17.8,2,85.8,227,68.8,92.0,4231,Haze,Minor
2024-03-04,Koramangala,Road_15,68.4,23.7,0,77.6,138,46.2,94.3,2799,Clear,None
2024-02-18,Brigade Road,Road_5,56.7,18.1,1,59.4,144,42.8,75.6,2042,Cloudy,Minor
2023-03-22,Brigade Road,Road_16,79.4,14.1,1,80.8,102,58.6,62.2,3272,Haze,Minor
2024-06-09,Whitefield,Road_12,70.6,24.3,0,84.5,139,58.4,62.2,4090,Clear,Minor
2022-03-12,Koramangala,Road_8,71.0,24.0,1,62.4,121,70.6,89.0,2426,Haze,Major
2023-05-20,MG Road,Road_13,85.8,8.0,3,98.3,196,47.5,91.7,3349,Haze,Minor
2023-02-04,Indiranagar,Road_14,80.6,13.5,0,90.2,212,64.0,85.8,3730,Haze,None
2022-11-22,Marathahalli,Road_8,59.7,24.3,0,60.3,109,70.4,82.1,2703,Cloudy,Major
2022-11-27,MG Road,Road_8,63.9,18.1,0,61.1,239,72.9,74.4,1765,Haze,None
2022-08-30,Brigade Road,Road_16,71.5,16.7,0,77.1,198,51.6,73.1,1449,Rain,Major
2022-12-22,Koramangala,Road_4,73.1,14.8,1,73.8,143,32.1,77.6,617,Rain,Major
2023-11-26,Marathahalli,Road_10,61.5,23.0,0,60.9,153,63.5,93.4,993,Clear,None
2024-04-19,Silk Board,Road_6,63.8,24.4,1,84.8,203,60.1,79.2,3611,Haze,Minor
2023-05-11,Marathahalli,Road_3,61.9,27.5,0,69.7,228,54.1,89.4,3321,Rain,Major
2023-06-11,Indiranagar,Road_7,73.2,10.8,0,79.2,181,66.8,94.0,2441,Rain,Major
2022-03-26,Koramangala,Road_15,71.2,15.0,1,75.7,142,60.3,61.8,3146,Haze,Major
2023-04-21,Indiranagar,Road_13,63.6,23.4,2,66.2,54,65.7,90.7,3938,Clear,Minor
2024-02-28,Brigade Road,Road_12,47.3,33.4,0,50.0,120,64.3,92.9,4358,Haze,Minor
2023-08-03,MG Road,Road_15,72.2,20.9,2,94.1,229,44.2,81.1,4466,Haze,Minor
2022-02-23,Koramangala,Road_6,68.9,26.2,0,80.9,247,66.7,84.3,2754,Haze,None
2023-08-09,MG Road,Road_5,68.2,29.4,2,72.3,114,55.7,84.9,3665,Haze,Major
2023-09-28,Whitefield,Road_8,87.7,12.8,1,90.6,155,45.8,86.3,2164,Haze,None
2023-09-17,Silk Board,Road_6,59.5,25.8,0,61.2,51,74.1,79.1,2843,Clear,Minor
2022-02-21,MG Road,Road_12,64.5,26.3,0,65.5,137,68.5,74.7,2729,Clear,Minor
2024-03-16,Electronic City,Road_6,80.1,19.9,1,82.1,123,39.7,72.2,4578,Cloudy,Major
2024-06-27,Silk Board,Road_3,35.0,23.5,0,57.4,128,57.6,61.2,936,Haze,None
2022-11-21,Koramangala,Road_15,68.0,18.4,0,72.0,224,62.4,88.4,3862,Rain,Major
2022-08-04,Electronic City,Road_6,75.8,17.7,1,87.8,181,56.2,63.0,4210,Cloudy,None
2024-07-26,MG Road,Road_2,67.2,26.1,0,88.2,142,71.5,80.2,550,Rain,Major
2023-03-20,Brigade Road,Road_11,82.2,18.0,3,87.4,209,67.2,60.3,2802,Haze,Minor
2023-05-14,Silk Board,Road_15,59.6,28.8,0,61.3,187,40.7,68.8,834,Clear,None
2023-12-14,Marathahalli,Road_9,72.9,21.7,3,85.6,113,33.2,90.0,3459,Haze,Major
2023-10-24,Brigade Road,Road_5,68.8,21.7,1,76.6,103,32.0,79.3,4528,Cloudy,Major
2022-07-19,Marathahalli,Road_3,80.6,18.3,0,85.5,99,54.5,81.1,2471,Clear,None
2024-04-21,Indiranagar,Road_14,68.5,19.6,2,70.4,117,73.8,76.9,2667,Cloudy,Minor
2022-11-19,Indiranagar,Road_8,86.9,16.5,4,73.9,233,61.9,73.4,3870,Rain,None
2022-07-06,Silk Board,Road_13,77.7,22.5,4,78.7,244,62.0,76.9,2953,Rain,Major
2023-11-29,Whitefield,Road_3,62.7,23.6,0,78.0,75,50.2,74.0,692,Clear,Major
2023-07-28,Electronic City,Road_1,90.9,13.9,3,100.0,130,32.3,66.8,2286,Cloudy,None
2023-08-11,Brigade Road,Road_11,67.1,21.0,0,86.7,166,67.3,81.6,860,Clear,Minor
2023-05-27,Koramangala,Road_12,87.5,14.9,0,100.0,171,54.2,62.4,658,Haze,Minor
2022-12-24,Indiranagar,Road_14,54.2,31.0,0,65.7,154,41.3,63.4,2417,Clear,Major
2023-03-30,Brigade Road,Road_7,75.4,17.5,0,79.9,126,63.9,91.4,764,Rain,Minor
2022-12-25,Whitefield,Road_5,75.0,19.0,0,94.3,248,30.8,93.9,2305,Cloudy,None
2023-06-21,Indiranagar,Road_7,60.6,28.0,0,66.1,181,68.2,66.4,1833,Clear,None
2023-10-16,Brigade Road,Road_7,78.9,26.0,0,92.1,220,69.5,79.5,3444,Cloudy,Major
2022-10-16,Brigade Road,Road_6,91.9,8.1,2,93.8,76,56.7,78.6,1245,Cloudy,Major
2023-05-06,Koramangala,Road_2,69.6,22.3,0,79.7,224,42.4,78.7,1012,Haze,Minor
2022-12-09,Whitefield,Road_14,56.5,28.9,0,59.9,205,57.0,63.6,3869,Haze,Minor
2023-12-10,Brigade Road,Road_2,66.3,17.0,0,74.9,132,61.0,60.7,2149,Cloudy,Minor
2024-01-22,Electronic City,Road_5,66.6,20.5,0,87.8,70,32.9,81.9,4240,Clear,Major
2024-07-27,Silk Board,Road_15,56.2,26.8,0,52.8,138,72.9,90.2,1270,Cloudy,None
2023-12-12,Koramangala,Road_1,67.2,20.2,2,67.4,121,56.0,92.8,4175,Haze,Minor
2024-01-01,MG Road,Road_6,70.6,17.5,2,76.9,185,42.9,90.0,1607,Clear,Minor
2023-05-09,Silk Board,Road_3,68.0,26.8,1,71.6,178,42.5,94.1,3645,Haze,Minor
2024-02-10,MG Road,Road_2,73.1,23.0,0,78.3,152,31.5,91.7,768,Haze,Major
2022-10-17,Koramangala,Road_10,65.7,31.4,0,61.5,141,70.7,63.5,4352,Cloudy,None
2023-05-16,Marathahalli,Road_5,90.4,9.8,4,85.1,150,34.5,68.3,4770,Clear,None
2023-10-18,Indiranagar,Road_12,66.2,18.0,0,66.7,206,73.8,80.4,1555,Rain,Minor
2022-11-03,Whitefield,Road_8,85.5,18.5,2,93.2,152,38.1,82.7,3758,Clear,Major
2023-05-17,Whitefield,Road_10,86.1,11.3,0,97.4,183,40.4,84.0,611,Cloudy,Minor
2024-07-05,Indiranagar,Road_2,80.2,12.6,1,86.3,93,61.5,94.2,3047,Haze,Major
2022-01-10,Marathahalli,Road_14,98.0,12.0,1,96.5,98,67.1,66.2,1137,Cloudy,Major
2022-01-10,Indiranagar,Road_1,63.4,29.8,0,63.7,217,46.6,76.8,3778,Haze,Minor
2023-01-11,Whitefield,Road_15,85.0,10.3,1,99.6,225,69.6,87.1,593,Cloudy,None
2023-08-17,Koramangala,Road_9,43.0,23.9,2,50.0,98,44.4,93.2,3194,Clear,Minor
2023-04-05,Whitefield,Road_4,75.3,12.2,2,96.5,72,68.0,66.0,2372,Clear,Minor
2022-08-13,Marathahalli,Road_11,60.6,22.5,0,71.0,96,45.7,73.0,1827,Rain,None
2023-06-26,Silk Board,Road_13,77.1,17.7,0,80.8,212,67.3,81.7,2115,Haze,Minor
2024-07-10,Marathahalli,Road_9,81.3,16.7,2,82.3,138,58.8,73.8,4932,Cloudy,None
2022-12-20,Silk Board,Road_13,88.2,13.3,1,72.8,235,64.3,88.1,4981,Rain,Minor
2023-12-31,Indiranagar,Road_10,71.3,16.3,1,75.4,101,30.3,87.1,3711,Cloudy,Minor
2022-01-13,Brigade Road,Road_9,80.7,9.1,3,86.5,242,35.1,92.4,4402,Haze,Major
2023-07-14,Whitefield,Road_3,69.7,17.7,0,71.7,215,53.2,91.6,1801,Clear,None
2022-06-09,Koramangala,Road_9,65.6,22.8,0,85.1,241,33.6,81.0,4716,Clear,None
2022-12-31,MG Road,Road_8,59.3,28.8,0,67.2,217,59.3,62.9,4831,Cloudy,Major
2023-12-04,Electronic City,Road_3,60.4,24.3,0,73.8,123,48.6,70.0,871,Haze,None
2023-06-18,Marathahalli,Road_1,79.7,11.7,1,88.7,173,57.3,62.1,4820,Cloudy,None
2023-12-02,Electronic City,Road_8,57.7,26.1,0,68.0,87,53.6,64.0,4453,Rain,Major
2024-03-23,Brigade Road,Road_3,71.3,17.3,0,84.4,163,35.6,88.8,583,Clear,None
2023-05-01,Brigade Road,Road_8,53.7,26.0,0,62.0,99,71.7,91.4,4604,Cloudy,None
2022-11-20,Marathahalli,Road_2,83.1,16.4,1,83.9,192,54.3,93.9,4924,Rain,Minor
2022-10-19,Electronic City,Road_5,77.5,16.9,1,75.6,167,50.5,90.7,4836,Clear,Minor
2023-06-01,Brigade Road,Road_9,69.4,26.9,0,83.0,223,53.3,65.9,4552,Haze,Major
2022-11-12,Koramangala,Road_15,60.6,26.1,1,60.8,184,61.6,79.0,607,Clear,Major
2024-06-18,Marathahalli,Road_6,86.8,18.6,2,91.2,85,31.3,66.5,4870,Cloudy,Major
2022-01-18,Marathahalli,Road_13,65.6,22.5,2,71.6,103,55.3,75.1,1307,Clear,Minor
2022-06-06,Marathahalli,Road_12,76.1,26.3,1,74.3,174,47.8,92.1,3397,Cloudy,Minor
2022-10-25,Marathahalli,Road_13,64.8,15.0,0,73.6,138,36.9,89.6,1000,Cloudy,Minor
2023-08-24,Koramangala,Road_5,75.6,17.2,2,80.9,91,62.2,72.8,4339,Rain,Minor
2024-04-13,Brigade Road,Road_6,75.5,20.3,0,91.1,219,58.0,89.1,2973,Haze,Major
2022-02-15,Indiranagar,Road_15,43.2,31.9,1,50.0,224,55.9,74.3,4558,Rain,None
2022-10-06,Silk Board,Road_2,78.2,16.7,1,74.7,71,30.9,63.5,4143,Clear,None
2022-08-15,Brigade Road,Road_2,71.4,17.8,0,80.8,128,36.3,62.8,1491,Clear,Major
2022-09-18,Electronic City,Road_8,79.7,15.1,1,83.7,79,54.8,65.4,3399,Clear,Major
2024-03-20,Electronic City,Road_12,69.4,19.5,0,81.4,243,52.5,93.0,2018,Clear,Major
2023-07-01,MG Road,Road_4,68.1,15.0,1,82.7,207,62.1,79.8,4351,Cloudy,None
2022-02-23,Marathahalli,Road_11,54.5,32.2,0,55.2,68,32.2,64.8,2327,Haze,Minor
2022-02-18,Silk Board,Road_16,73.8,20.2,0,81.2,147,46.9,92.2,1901,Rain,None
2023-10-28,Whitefield,Road_5,47.9,23.4,0,50.0,61,43.1,89.5,2086,Haze,Major
2023-09-16,Silk Board,Road_16,94.1,11.3,3,100.0,156,49.4,94.3,1155,Haze,Minor
2022-11-17,MG Road,Road_16,60.7,19.4,0,66.1,87,43.3,64.6,3808,Clear,None
2024-05-18,Brigade Road,Road_6,66.1,16.0,2,62.8,151,49.8,81.0,2303,Haze,Minor
2023-03-10,Brigade Road,Road_1,59.3,20.6,3,73.4,140,30.7,83.6,732,Clear,None
2022-02-18,Brigade Road,Road_7,42.3,25.1,0,51.7,52,55.4,82.7,1599,Clear,None
2022-02-25,MG Road,Road_5,55.9,24.6,1,50.0,76,72.2,60.8,1277,Rain,Minor
2024-01-12,Brigade Road,Road_8,94.7,9.9,0,95.7,209,74.0,63.4,2882,Cloudy,Major
2022-10-27,Marathahalli,Road_7,73.7,16.2,0,71.3,248,56.7,69.9,1690,Haze,Major
2023-10-11,MG Road,Road_2,68.1,24.8,1,61.0,118,40.7,61.3,982,Clear,Minor
2023-05-22,Indiranagar,Road_9,76.8,16.6,2,74.1,132,41.4,79.9,2915,Rain,Major
2024-07-07,Electronic City,Road_10,81.2,9.7,0,88.5,238,30.5,92.5,4819,Rain,Major
2024-04-09,Brigade Road,Road_14,53.4,21.7,0,55.0,88,57.0,81.7,3559,Clear,Major
2023-04-23,Brigade Road,Road_15,76.5,19.9,1,78.9,85,48.0,91.9,2992,Haze,None
2023-01-01,Marathahalli,Road_2,53.5,22.9,0,77.4,59,71.9,75.5,3216,Clear,Minor
2022-01-04,Marathahalli,Road_16,65.5,21.6,0,82.0,197,63.4,91.2,1475,Haze,Major
2023-08-20,Whitefield,Road_4,62.7,16.0,0,62.6,218,38.7,77.6,2951,Clear,None
2022-09-28,Koramangala,Road_12,69.6,22.6,1,75.1,230,54.0,73.7,4867,Clear,None
2022-02-15,Silk Board,Road_3,54.8,23.5,1,67.9,63,40.0,60.9,2387,Haze,None
2023-06-26,MG Road,Road_7,70.2,19.2,0,64.5,130,69.2,73.9,4630,Cloudy,None
2022-09-15,Silk Board,Road_12,69.1,21.0,2,67.4,153,41.0,93.8,2091,Cloudy,None
2023-10-19,MG Road,Road_4,59.4,24.9,0,56.0,55,34.8,63.8,2218,Haze,Minor
2023-09-06,Silk Board,Road_8,77.4,20.1,1,69.6,182,43.8,67.5,2977,Haze,Major
2024-01-13,Indiranagar,Road_15,61.3,21.1,1,74.8,69,69.3,64.4,1003,Clear,Major
2024-04-20,Indiranagar,Road_10,76.5,20.4,2,90.5,184,51.7,94.8,4689,Rain,None
2023-01-03,Koramangala,Road_10,87.4,15.5,2,96.1,164,65.1,89.0,1484,Rain,None
2023-03-31,Electronic City,Road_15,52.0,25.9,0,53.9,177,37.7,63.7,4551,Rain,Minor
2023-03-20,Electronic City,Road_11,83.0,20.6,1,86.5,60,62.6,64.1,4314,Clear,None
2023-08-13,Brigade Road,Road_2,57.5,34.7,0,70.9,53,61.9,66.3,3461,Clear,Minor
2023-02-19,Brigade Road,Road_5,73.1,24.5,1,86.0,209,44.5,94.2,603,Rain,None
2024-03-04,Marathahalli,Road_14,54.3,25.3,0,59.1,245,56.6,88.0,2460,Rain,None
2023-06-01,Electronic City,Road_12,52.7,27.2,0,69.5,60,44.5,82.0,4131,Rain,None
2024-08-16,Electronic City,Road_16,98.3,9.6,2,100.0,168,53.9,90.0,4195,Clear,None
2024-02-01,Koramangala,Road_5,68.6,16.5,1,74.2,161,44.4,60.1,3570,Haze,None
2023-07-12,Marathahalli,Road_13,77.6,13.6,2,81.3,246,47.7,91.1,4572,Rain,None
2024-08-10,Electronic City,Road_15,90.9,12.6,6,100.0,111,42.2,93.1,4150,Clear,Minor
2022-02-04,Electronic City,Road_14,80.2,18.9,0,90.5,163,58.0,73.9,4486,Haze,Major
2022-06-11,Marathahalli,Road_8,59.9,23.0,0,71.8,88,66.8,81.9,4738,Rain,Minor
2023-11-26,Electronic City,Road_7,64.2,16.5,1,61.1,76,55.2,60.9,2657,Clear,Major
2022-01-30,Silk Board,Road_8,99.0,8.1,2,100.0,55,71.1,87.7,3652,Cloudy,Minor
2022-04-02,MG Road,Road_10,61.9,9.1,0,76.9,139,35.5,69.6,1797,Cloudy,None
2023-11-29,Silk Board,Road_11,70.4,26.5,0,70.3,152,71.4,86.6,4320,Cloudy,Major
2022-03-03,Marathahalli,Road_13,76.7,14.7,3,87.8,52,50.5,90.3,3787,Cloudy,Minor
2022-06-03,Silk Board,Road_12,61.0,25.4,0,84.1,52,71.8,85.6,4465,Clear,Minor
2022-11-28,Indiranagar,Road_10,50.8,21.1,0,56.9,238,38.8,90.4,1100,Haze,Major
2023-04-16,Koramangala,Road_13,67.2,28.0,2,83.3,96,74.4,87.5,3249,Clear,Major
2023-06-22,Whitefield,Road_10,48.4,25.1,0,50.0,172,41.8,92.2,4376,Rain,None
2024-06-29,Silk Board,Road_15,71.3,26.9,0,81.0,99,52.6,74.7,815,Cloudy,None
2023-09-25,Koramangala,Road_5,81.5,17.6,1,92.3,145,35.5,81.9,3233,Haze,Major
2022-12-17,Brigade Road,Road_2,60.6,26.3,0,59.6,144,40.7,86.1,4041,Rain,None
2023-03-28,Koramangala,Road_5,66.3,25.3,0,78.0,139,61.4,66.1,2939,Cloudy,Major
2023-10-07,Koramangala,Road_8,58.0,19.8,0,69.4,65,50.3,70.0,2912,Haze,Minor
2022-05-17,Koramangala,Road_1,85.9,16.5,0,89.8,153,74.1,60.4,1824,Haze,None
2023-08-17,Marathahalli,Road_10,84.7,12.7,2,88.3,149,34.4,92.7,566,Clear,Major
2022-08-26,Electronic City,Road_10,65.9,20.1,1,85.3,229,37.2,68.9,4741,Clear,Minor
2023-04-18,Silk Board,Road_12,83.7,9.8,1,95.2,75,66.2,61.0,3486,Rain,Major
2023-11-26,Whitefield,Road_13,79.1,19.2,1,80.7,231,60.0,93.4,2282,Haze,Minor
2022-07-16,Electronic City,Road_11,65.7,26.0,3,66.3,85,63.2,78.4,2540,Clear,Major
2024-07-15,Brigade Road,Road_10,66.9,24.8,0,87.7,68,48.4,79.7,4115,Rain,None
2022-06-02,Indiranagar,Road_10,67.4,18.6,0,83.2,201,68.4,89.9,3826,Rain,Major
2023-10-09,Koramangala,Road_5,74.3,25.2,0,95.1,236,57.4,61.6,2950,Rain,None
2024-05-11,Marathahalli,Road_3,77.1,13.2,2,76.4,128,58.9,91.0,796,Cloudy,None
2023-12-05,Koramangala,Road_15,75.3,16.5,0,78.6,90,43.7,85.6,4279,Rain,None
2022-10-03,Koramangala,Road_6,76.5,21.8,1,63.3,117,61.5,78.0,4184,Rain,None
2023-01-02,MG Road,Road_12,65.1,16.5,0,67.0,180,30.9,84.5,4485,Clear,Major
2022-11-14,Silk Board,Road_6,71.4,15.5,1,77.1,101,41.9,84.4,3640,Rain,Major
2022-02-25,Whitefield,Road_7,65.8,21.9,0,72.4,178,50.8,94.3,4010,Clear,None
2024-01-04,Whitefield,Road_14,66.9,21.1,0,75.8,219,49.0,92.1,3968,Clear,Minor
2022-03-03,Electronic City,Road_11,70.6,23.8,1,58.0,244,53.5,78.2,741,Haze,None
2023-12-04,Brigade Road,Road_4,68.6,24.7,1,77.3,113,44.8,60.9,3088,Cloudy,Minor
2022-11-17,Silk Board,Road_8,57.1,25.9,0,62.9,88,39.0,84.7,3897,Clear,Major
2022-08-07,Indiranagar,Road_3,95.1,10.4,4,100.0,151,69.8,84.9,2067,Clear,Minor
2024-01-25,Koramangala,Road_16,76.0,22.5,3,80.0,203,34.7,77.0,4056,Haze,Minor
2022-04-29,Marathahalli,Road_6,56.8,20.8,0,59.2,124,53.2,63.1,4890,Rain,None
2022-08-12,Koramangala,Road_8,53.3,31.4,0,67.0,103,31.8,68.8,2076,Haze,None
2024-07-25,Electronic City,Road_3,76.6,22.8,1,88.0,150,48.1,63.8,1479,Cloudy,Major
2024-02-08,Koramangala,Road_4,62.5,19.7,0,58.9,125,50.4,82.1,3674,Clear,Minor
2023-10-12,Whitefield,Road_11,65.9,19.5,1,70.3,178,62.2,82.1,3802,Haze,None
2022-07-19,Silk Board,Road_11,64.8,25.1,0,72.2,128,70.5,86.5,3687,Rain,Minor
2022-07-05,Whitefield,Road_10,70.7,22.1,0,65.2,166,55.2,75.3,4354,Clear,Major
2023-07-15,Whitefield,Road_8,73.1,16.1,0,78.3,90,56.2,74.2,4735,Clear,Major
2023-06-17,Marathahalli,Road_6,60.3,21.4,0,59.3,241,44.6,72.9,4933,Clear,Minor
2022-05-11,Whitefield,Road_3,93.8,13.1,1,98.5,151,66.9,83.2,4296,Haze,Major
2022-08-18,Whitefield,Road_13,78.1,19.9,0,75.7,127,64.2,75.9,1914,Clear,Minor
2024-06-29,Silk Board,Road_14,62.1,25.7,1,73.5,175,55.4,92.0,1693,Clear,Major
2023-06-30,MG Road,Road_5,51.8,29.9,0,59.1,123,69.9,78.3,4127,Cloudy,None
2023-10-11,Brigade Road,Road_13,58.5,17.7,0,54.5,239,63.2,66.6,2713,Rain,None
2022-08-09,Whitefield,Road_6,77.1,18.0,1,80.2,218,64.4,74.8,3112,Cloudy,None
2022-02-19,Silk Board,Road_7,76.9,20.5,0,92.2,108,49.2,89.7,1962,Clear,Minor
2022-11-24,Marathahalli,Road_15,62.6,21.6,0,72.5,141,33.0,84.6,4038,Rain,None
2023-12-24,Indiranagar,Road_15,69.8,25.6,1,72.6,94,66.9,92.4,4968,Rain,None
2023-01-04,Electronic City,Road_10,64.6,33.9,1,63.7,103,45.7,93.3,2622,Cloudy,Minor
2024-01-21,Indiranagar,Road_8,74.7,22.5,0,88.0,205,55.9,66.6,4993,Clear,Minor
2024-01-17,Electronic City,Road_4,77.1,20.1,2,82.5,171,54.1,68.6,3771,Rain,Minor
2022-02-09,Indiranagar,Road_6,65.2,20.5,1,76.8,109,67.0,67.2,3440,Rain,Minor
2024-03-21,Silk Board,Road_15,82.1,11.5,0,85.3,93,47.7,65.2,705,Cloudy,Major
2023-02-13,Indiranagar,Road_16,66.9,20.7,1,83.7,206,47.9,93.4,4752,Rain,Major
2024-02-22,MG Road,Road_4,93.3,13.2,3,100.0,165,69.8,72.6,4826,Cloudy,Major
2024-06-10,Silk Board,Road_2,82.0,14.5,0,73.9,89,51.4,79.1,596,Clear,None
2024-01-07,Brigade Road,Road_3,73.7,26.2,1,63.3,103,61.2,69.3,823,Clear,Major
2024-01-10,Koramangala,Road_10,70.3,18.9,0,83.6,127,46.1,61.2,2005,Rain,Minor
2022-07-31,Koramangala,Road_2,68.4,28.2,0,69.0,157,48.6,72.6,4280,Clear,Minor
2023-01-12,Brigade Road,Road_13,57.1,22.7,0,71.7,213,33.0,70.4,3830,Cloudy,Major
2022-06-28,Whitefield,Road_7,62.5,27.5,0,72.0,56,46.8,79.4,3829,Cloudy,None
2022-10-30,Silk Board,Road_11,81.5,24.4,2,81.5,54,36.6,90.9,3850,Rain,Minor
2023-12-10,Koramangala,Road_13,89.1,15.8,1,91.9,118,46.9,84.9,2702,Clear,None
2024-07-09,MG Road,Road_9,69.4,25.5,1,76.8,158,36.3,93.2,3301,Cloudy,Major
2023-03-26,Marathahalli,Road_6,85.9,16.0,1,95.8,133,46.0,78.2,4827,Rain,None
2022-09-15,Koramangala,Road_10,61.4,20.0,0,63.3,133,30.1,93.5,1224,Rain,Major
2022-11-03,Whitefield,Road_5,51.9,23.2,0,50.0,225,73.6,76.3,4406,Haze,None
2023-11-04,Indiranagar,Road_7,63.2,20.4,0,69.9,184,63.0,94.4,3802,Cloudy,None
2024-04-19,Electronic City,Road_11,76.4,22.3,2,93.8,178,60.9,71.3,3071,Clear,Major
2023-08-16,Marathahalli,Road_11,57.5,22.0,1,58.3,102,71.0,70.5,2941,Clear,Major
2024-05-22,Brigade Road,Road_10,83.4,19.5,0,84.3,132,69.4,72.0,2566,Cloudy,None
2023-04-17,Koramangala,Road_5,77.8,14.1,1,73.5,188,55.4,63.2,2442,Cloudy,Minor
2022-03-20,Marathahalli,Road_8,65.1,24.5,0,74.5,236,34.3,79.8,1972,Rain,None
2024-04-22,Silk Board,Road_6,75.3,21.7,2,82.2,196,44.2,62.2,3561,Rain,Major
2022-02-18,Koramangala,Road_16,67.8,20.3,1,65.2,124,62.7,71.8,2123,Clear,Major
2022-06-29,Electronic City,Road_11,70.4,15.5,0,69.4,212,35.5,82.1,4421,Rain,Minor
2022-08-26,Whitefield,Road_16,54.6,30.0,0,59.4,100,37.8,70.5,4245,Clear,None
2022-11-09,Silk Board,Road_2,45.9,31.1,0,67.6,100,68.2,80.8,1563,Haze,Minor
2022-03-03,Koramangala,Road_8,71.2,13.8,3,78.3,249,56.1,60.6,2831,Haze,Major
2022-01-09,Marathahalli,Road_16,48.4,30.2,0,59.8,93,70.3,80.6,1761,Cloudy,None
2024-02-28,Whitefield,Road_2,50.1,28.0,1,54.8,200,43.5,93.7,2607,Haze,Major
2023-04-20,Silk Board,Road_8,84.4,13.8,2,81.9,155,38.0,62.7,4970,Haze,Minor
2023-07-06,Silk Board,Road_16,77.8,21.4,2,81.1,54,60.2,63.1,2093,Clear,Major
2024-02-04,Whitefield,Road_15,84.8,10.6,1,93.8,138,74.6,73.6,2139,Haze,None
2023-11-23,Marathahalli,Road_9,35.0,36.0,0,50.0,231,52.6,90.6,4379,Cloudy,Major
2024-01-07,Electronic City,Road_1,80.9,17.8,0,89.2,223,54.9,76.0,4253,Haze,None
2022-12-18,Brigade Road,Road_16,69.1,25.6,1,85.2,109,65.3,60.8,4664,Haze,Major
2023-04-06,Whitefield,Road_3,78.2,15.7,0,79.7,167,53.2,71.4,4646,Haze,Minor
2023-02-05,Indiranagar,Road_5,70.9,19.5,1,75.5,174,56.9,67.1,1322,Clear,None
2024-05-31,Whitefield,Road_12,62.2,26.8,2,78.1,161,68.9,94.9,2261,Rain,Major
2022-12-07,MG Road,Road_13,91.7,18.5,3,88.1,226,71.5,85.7,3980,Cloudy,None
2022-04-18,Indiranagar,Road_12,76.6,13.8,0,81.6,105,30.5,85.6,1823,Rain,Minor
2024-04-23,MG Road,Road_9,64.8,21.3,0,65.0,247,44.8,94.7,3235,Haze,Major
2024-03-21,Electronic City,Road_8,89.4,18.3,0,100.0,242,56.4,75.0,1500,Clear,Minor
2023-11-19,MG Road,Road_3,83.3,14.4,1,89.3,151,44.5,79.0,2314,Rain,None
2022-09-25,Koramangala,Road_11,84.2,19.5,0,86.5,192,45.3,69.0,4086,Clear,None
2023-04-12,Koramangala,Road_16,69.8,24.2,0,75.9,152,74.0,75.6,2258,Cloudy,Major
2022-07-17,Brigade Road,Road_5,69.5,26.2,1,73.5,221,30.2,74.2,591,Rain,None
2023-02-21,Brigade Road,Road_13,81.5,20.7,1,98.0,240,72.5,83.5,4045,Rain,Minor
2022-08-24,MG Road,Road_11,69.9,22.0,2,73.4,126,66.0,77.2,1570,Haze,Major
2024-03-31,Electronic City,Road_15,59.9,24.3,0,74.2,104,54.5,78.8,3906,Cloudy,Major
2022-05-30,Whitefield,Road_6,81.6,8.0,1,81.0,155,32.9,87.9,4630,Cloudy,None
2024-02-06,Whitefield,Road_12,72.3,20.8,1,93.4,84,43.0,62.2,2765,Rain,Minor
2023-09-28,Silk Board,Road_16,88.3,10.8,1,94.3,213,62.6,88.4,1210,Cloudy,Minor
2024-03-11,Whitefield,Road_6,65.4,24.7,0,79.5,171,30.1,93.0,4700,Clear,Major
2023-01-06,Indiranagar,Road_8,64.5,24.6,0,68.2,103,31.1,69.7,2548,Cloudy,Minor
2023-03-19,Koramangala,Road_9,68.7,14.5,2,73.1,181,62.4,79.8,3798,Haze,None
2024-06-04,Marathahalli,Road_10,68.2,23.6,0,63.6,135,56.1,70.2,1002,Rain,None
2023-03-19,Electronic City,Road_11,73.3,26.1,2,83.0,147,68.8,73.2,4234,Clear,Minor
2023-09-06,Indiranagar,Road_10,76.8,19.7,1,79.5,140,65.4,94.0,4354,Cloudy,Minor
2023-05-22,Indiranagar,Road_11,64.9,22.5,0,62.1,229,36.7,89.8,1119,Clear,Major
2023-03-22,MG Road,Road_13,61.8,21.5,0,77.4,134,73.0,60.9,3276,Haze,None
2023-08-06,Marathahalli,Road_14,70.8,16.8,1,76.2,63,62.1,64.2,4817,Rain,None
2023-10-04,MG Road,Road_8,76.1,17.3,0,78.7,134,39.4,64.2,4144,Rain,None
2022-12-16,Whitefield,Road_14,67.9,16.7,2,74.8,143,69.1,76.8,587,Cloudy,Major
2024-04-07,Koramangala,Road_15,62.7,20.4,0,63.0,189,52.1,75.1,1860,Cloudy,Minor
2023-10-31,Koramangala,Road_5,97.0,16.8,2,95.7,91,74.3,89.4,3465,Rain,Major
2023-03-19,Indiranagar,Road_12,51.5,27.6,1,53.1,219,37.6,65.3,2932,Rain,Major
2023-10-19,Koramangala,Road_7,66.1,19.7,0,59.3,149,70.0,85.1,2958,Haze,Major
2023-07-21,MG Road,Road_5,76.1,15.0,0,68.0,96,52.9,73.2,4111,Cloudy,None
2022-04-22,Electronic City,Road_2,86.5,8.0,2,89.7,114,33.2,79.1,1681,Cloudy,None
2022-10-03,Electronic City,Road_3,71.7,17.6,2,77.8,178,65.8,77.9,1168,Rain,Major
2022-05-15,Indiranagar,Road_2,82.7,25.3,0,90.6,198,48.7,82.7,4241,Clear,Major
2023-12-18,Koramangala,Road_15,87.3,8.8,0,82.2,201,53.9,80.2,2059,Rain,Minor
2023-01-24,Brigade Road,Road_2,67.4,21.3,2,78.6,101,63.7,76.9,3839,Haze,Minor
2022-12-10,Brigade Road,Road_3,62.0,26.8,1,61.3,190,34.5,77.3,4495,Cloudy,Minor
2023-01-23,MG Road,Road_10,71.1,20.5,1,81.6,74,56.9,67.4,3916,Haze,None
2024-06-28,Koramangala,Road_3,86.3,14.5,1,82.1,200,47.5,79.5,2402,Rain,Major
2023-04-14,Brigade Road,Road_6,47.7,26.5,0,50.0,117,69.6,86.4,4795,Cloudy,Major
2023-04-17,MG Road,Road_10,74.0,20.6,1,81.6,106,35.4,71.4,2760,Rain,Major
2022-03-06,Whitefield,Road_9,63.6,28.6,1,57.2,196,44.3,86.7,4407,Clear,None
2023-07-03,Electronic City,Road_12,84.1,14.3,0,81.5,111,68.7,65.9,3577,Haze,Major
2022-09-02,Electronic City,Road_4,87.3,12.6,3,94.6,86,67.9,61.9,4329,Haze,Minor
2023-11-26,MG Road,Road_1,64.0,18.5,0,60.7,171,58.8,83.6,1674,Cloudy,None
2023-01-19,MG Road,Road_3,58.4,21.2,0,62.3,167,66.9,85.6,4325,Rain,Minor
2022-09-12,Electronic City,Road_9,64.0,21.7,2,67.8,143,60.3,67.9,611,Haze,None
2022-10-05,Indiranagar,Road_6,77.4,15.2,1,80.6,166,69.3,62.7,1063,Cloudy,None
2022-06-25,Koramangala,Road_3,58.5,26.7,0,55.8,84,38.9,82.3,4075,Clear,Minor
2024-07-25,Silk Board,Road_11,80.0,15.5,2,96.9,135,30.0,77.5,4433,Cloudy,Minor
2023-10-01,Indiranagar,Road_1,89.8,17.6,1,100.0,145,32.4,62.2,4992,Clear,None
2024-01-20,MG Road,Road_8,75.3,17.3,0,85.1,206,56.8,80.8,2535,Rain,Major
2022-12-06,Whitefield,Road_12,73.0,11.0,2,84.5,248,70.3,83.2,2692,Clear,Major
2023-01-12,MG Road,Road_9,69.0,21.0,1,59.6,232,41.5,89.9,2151,Cloudy,None
2023-02-09,Koramangala,Road_13,80.6,18.0,0,77.5,245,74.6,66.1,3184,Cloudy,Minor
2023-07-20,Koramangala,Road_15,86.0,15.9,0,91.8,188,62.9,84.9,1171,Cloudy,None
2022-08-28,Indiranagar,Road_16,79.0,15.2,0,85.2,192,74.5,87.9,4510,Clear,None
2023-04-19,Marathahalli,Road_9,83.9,17.9,1,74.3,233,51.7,79.7,2121,Cloudy,None
2022-10-02,MG Road,Road_11,69.9,22.7,1,80.8,227,71.4,63.4,4659,Rain,None
2023-03-15,Koramangala,Road_3,82.6,20.4,1,100.0,179,49.7,74.8,3945,Haze,None
2022-04-21,Indiranagar,Road_5,87.3,12.3,3,83.4,103,72.8,69.8,2991,Rain,Minor
2023-11-12,Whitefield,Road_4,75.0,10.9,0,81.4,243,47.7,79.8,3455,Clear,Minor
2022-03-30,Indiranagar,Road_3,91.5,15.0,0,82.8,122,34.4,89.4,2463,Cloudy,Minor
2024-03-15,MG Road,Road_11,66.6,23.5,0,88.2,178,50.0,63.3,2585,Rain,None
2022-07-17,Brigade Road,Road_4,60.7,17.2,0,66.9,50,43.5,93.6,967,Clear,Minor
2023-02-06,Brigade Road,Road_2,88.1,19.7,2,99.3,64,59.9,73.0,1040,Cloudy,Major
2024-04-24,Indiranagar,Road_3,87.5,12.9,1,92.7,177,45.0,86.8,1123,Cloudy,None
2023-12-01,Whitefield,Road_6,62.6,20.1,0,54.3,204,70.0,83.2,4762,Cloudy,Minor
2022-10-20,MG Road,Road_15,78.2,18.3,1,79.2,65,58.8,90.0,3245,Clear,None
2023-06-17,Brigade Road,Road_15,80.7,18.3,2,97.3,67,53.4,78.6,4924,Cloudy,None
2022-03-12,Whitefield,Road_10,92.7,9.0,2,90.8,103,44.1,75.3,4890,Haze,Major
2022-02-11,Marathahalli,Road_3,58.3,25.6,1,61.2,164,48.8,65.1,1123,Clear,Minor
2022-12-25,MG Road,Road_7,71.3,18.6,1,90.8,71,37.0,75.0,722,Cloudy,None
2023-05-05,Koramangala,Road_13,79.5,20.0,1,68.9,233,58.3,94.4,4426,Haze,Major
2022-04-17,Marathahalli,Road_11,64.9,16.2,2,76.3,182,49.0,82.2,2316,Clear,Major
2022-01-20,Brigade Road,Road_13,67.1,21.3,1,63.1,54,49.4,87.6,2443,Clear,Minor
2024-02-16,Marathahalli,Road_13,72.4,24.9,1,87.1,190,32.7,91.8,4652,Rain,None
2022-01-12,Whitefield,Road_8,84.8,9.1,2,99.7,76,60.2,83.9,4284,Haze,Major
2024-03-24,Silk Board,Road_4,64.6,23.7,1,73.0,119,58.4,93.0,4350,Cloudy,Minor
2022-10-29,Koramangala,Road_5,83.9,16.4,2,85.5,92,57.8,78.4,3748,Rain,Major
2024-03-12,Electronic City,Road_16,79.2,10.2,0,91.2,206,60.2,94.7,4181,Haze,Minor
2023-07-15,Silk Board,Road_9,71.1,24.3,1,74.8,166,38.4,60.9,632,Cloudy,None
2022-11-03,Silk Board,Road_1,60.0,22.0,0,61.8,207,64.7,73.6,1138,Cloudy,Minor
2022-02-14,Marathahalli,Road_7,79.5,15.4,0,80.6,82,70.2,85.5,1776,Cloudy,None
2022-12-12,Silk Board,Road_7,69.6,21.9,1,85.9,217,46.9,74.9,2247,Haze,Major
2024-07-10,Koramangala,Road_1,82.5,17.5,1,95.1,120,52.7,85.9,4983,Clear,Major
2022-10-07,Electronic City,Road_4,82.5,17.0,2,100.0,77,40.8,73.2,1588,Rain,Major
2024-01-02,Koramangala,Road_12,87.7,14.7,0,93.7,249,38.8,92.8,3734,Cloudy,None
2022-10-23,Electronic City,Road_16,69.4,15.5,1,60.8,200,43.2,76.6,960,Rain,None
2023-11-30,Indiranagar,Road_3,67.1,18.4,1,72.7,69,58.3,72.6,2528,Haze,Minor
2023-07-10,Silk Board,Road_14,86.8,15.7,1,98.4,221,73.9,74.1,4574,Clear,Major
2022-03-14,Brigade Road,Road_12,71.2,21.4,1,87.2,134,57.4,74.8,2713,Clear,None
2022-03-10,Brigade Road,Road_3,71.0,18.5,0,76.7,180,73.6,90.7,2809,Rain,Minor
2023-06-05,Koramangala,Road_7,85.8,16.1,2,88.1,101,65.8,75.9,1221,Haze,None
2023-01-13,Marathahalli,Road_9,77.4,13.4,1,71.2,160,55.1,81.0,747,Rain,Major
2023-06-23,Whitefield,Road_1,72.8,19.9,1,72.8,73,34.3,85.2,1911,Rain,Minor
2022-09-12,Silk Board,Road_6,59.0,22.9,0,56.8,209,56.2,75.6,3703,Haze,Minor
2023-05-11,Indiranagar,Road_3,70.9,26.5,1,79.2,212,53.9,87.8,3572,Clear,Major
2024-06-17,Whitefield,Road_9,60.8,17.2,0,58.0,78,33.6,62.6,2506,Rain,Major
2024-03-21,Indiranagar,Road_2,67.0,19.9,1,78.9,104,37.9,72.5,4399,Clear,Minor
2024-07-30,Electronic City,Road_4,86.2,10.5,4,83.8,191,35.8,90.3,1404,Clear,Major
2023-07-29,Electronic City,Road_14,80.4,21.2,1,85.3,203,51.7,77.4,1130,Clear,Major
2022-12-15,Marathahalli,Road_3,52.8,21.4,0,58.7,65,49.9,74.3,2794,Cloudy,None
2023-09-15,Electronic City,Road_13,72.4,18.5,2,79.3,243,71.3,67.7,1793,Cloudy,None
2022-04-02,MG Road,Road_8,77.9,18.8,2,93.3,224,43.3,63.5,1193,Rain,Minor
2023-07-05,Marathahalli,Road_12,95.6,8.0,3,100.0,227,45.7,93.9,3045,Haze,Minor
2023-07-10,Silk Board,Road_14,71.8,19.6,0,85.9,195,73.7,86.1,586,Haze,Major
2022-08-15,Indiranagar,Road_14,76.7,15.0,0,86.5,171,55.0,63.4,1199,Cloudy,None
2024-03-15,MG Road,Road_5,74.1,20.3,2,76.5,207,45.2,72.7,4464,Rain,Major
2024-01-11,Marathahalli,Road_12,57.6,17.8,0,50.0,173,70.3,63.9,3330,Clear,None
2024-01-17,MG Road,Road_14,74.3,20.5,1,85.6,222,66.2,74.1,4584,Haze,Minor
2023-08-20,MG Road,Road_7,94.4,9.5,2,100.0,104,49.3,82.0,1445,Haze,Minor
2022-01-11,MG Road,Road_14,64.8,23.6,1,84.7,170,63.3,63.5,1988,Rain,None
2024-05-16,Koramangala,Road_4,76.7,19.4,1,79.0,129,42.3,72.8,1576,Cloudy,Minor
2023-01-08,Koramangala,Road_8,72.8,19.4,1,70.9,228,72.8,65.4,1374,Clear,Major
2023-06-15,Brigade Road,Road_4,85.5,16.4,0,78.1,192,48.4,80.3,1930,Rain,Major
2022-04-02,Silk Board,Road_1,62.3,18.3,0,63.9,246,50.0,88.2,1625,Clear,Major
2022-09-14,Indiranagar,Road_9,58.2,23.8,2,66.5,123,56.4,84.7,4602,Clear,Major
2023-08-28,MG Road,Road_1,63.9,24.5,1,62.0,101,39.9,73.7,1228,Rain,Minor
2022-02-18,Indiranagar,Road_4,60.6,23.2,1,62.2,208,45.6,90.2,4213,Rain,Minor
2024-08-14,Koramangala,Road_7,66.2,24.7,1,59.7,153,52.4,85.0,2387,Clear,Minor
2022-02-08,Marathahalli,Road_11,72.1,18.2,2,77.5,70,68.0,62.8,1381,Clear,Major
2022-06-25,MG Road,Road_15,58.2,26.0,0,54.6,171,48.3,76.1,3129,Haze,Minor
2023-08-21,MG Road,Road_14,89.3,10.5,2,100.0,212,45.1,80.9,2009,Clear,None
2024-07-29,Marathahalli,Road_15,77.1,21.0,0,81.7,103,70.6,71.1,1583,Haze,Major
2022-08-11,Whitefield,Road_1,71.6,22.4,1,80.7,216,63.2,74.7,2343,Clear,Major
2023-09-14,Brigade Road,Road_15,71.9,20.6,2,79.5,72,62.7,90.7,4239,Cloudy,None
2023-04-23,Brigade Road,Road_5,67.6,24.6,0,58.6,81,45.3,77.2,1682,Rain,Minor
2023-03-09,Koramangala,Road_13,60.4,27.5,0,62.6,141,42.9,87.7,1340,Cloudy,None
2023-02-18,Electronic City,Road_8,72.2,20.4,1,65.6,202,69.5,67.7,999,Cloudy,Major
2023-05-27,Electronic City,Road_12,77.4,16.5,1,95.2,112,36.7,81.8,3229,Clear,None
2022-08-15,Koramangala,Road_13,70.4,19.0,0,69.9,88,68.1,64.2,917,Cloudy,Minor
2023-10-09,Electronic City,Road_12,73.0,21.7,0,79.1,99,35.7,82.5,2972,Cloudy,Major
2024-02-19,Brigade Road,Road_13,82.6,14.5,0,82.2,73,55.8,76.0,2061,Haze,Major
2023-01-26,Koramangala,Road_6,76.8,23.0,0,80.1,172,48.8,76.6,2854,Clear,None
2023-12-03,Marathahalli,Road_2,81.3,19.0,0,81.6,168,54.8,88.1,3779,Clear,Major
2024-06-13,Koramangala,Road_7,73.7,15.9,1,65.8,238,37.7,74.0,4372,Cloudy,None
2022-07-09,MG Road,Road_1,88.4,18.5,3,89.2,195,39.3,80.7,3389,Haze,Major
2022-02-19,MG Road,Road_1,82.5,15.1,0,88.3,195,34.8,88.0,4825,Rain,Minor
2022-06-23,Silk Board,Road_12,68.6,15.8,2,64.5,60,45.6,89.8,636,Clear,None
2023-04-04,Koramangala,Road_15,85.6,9.9,0,87.8,245,63.1,79.3,3945,Haze,Minor
2023-03-20,Whitefield,Road_2,70.4,17.0,1,65.3,173,48.5,75.3,2288,Clear,Minor
2022-03-19,Whitefield,Road_6,64.7,25.3,0,73.5,101,36.7,86.3,1036,Cloudy,None
2022-11-06,Marathahalli,Road_11,69.8,8.0,0,68.6,199,68.7,85.6,3808,Clear,None
2023-11-13,Electronic City,Road_11,54.2,29.5,1,64.3,68,50.3,75.4,2138,Clear,Major
2023-09-10,Silk Board,Road_8,68.2,24.7,1,71.1,86,66.2,70.9,1312,Cloudy,None
2023-01-05,Whitefield,Road_2,81.6,22.1,0,86.7,81,59.6,62.7,2878,Clear,None
2023-06-10,Whitefield,Road_12,67.0,19.5,2,73.9,123,57.4,73.0,4479,Haze,Major
2024-02-16,Indiranagar,Road_15,67.9,20.7,4,63.2,198,42.8,76.7,2833,Haze,None
2024-08-10,MG Road,Road_15,88.7,15.9,3,88.5,197,68.2,90.6,1543,Clear,Major
2022-04-09,Whitefield,Road_12,75.0,17.6,1,79.2,200,62.1,71.0,3841,Clear,Major
2022-06-02,Whitefield,Road_11,73.8,24.7,0,78.3,93,48.9,92.3,4482,Cloudy,Minor
2022-09-17,MG Road,Road_2,46.0,32.5,1,50.0,243,72.7,60.6,4618,Rain,None
2022-10-24,Brigade Road,Road_10,54.2,19.4,0,54.4,50,38.5,78.8,4957,Rain,Major
2022-03-04,Brigade Road,Road_2,56.6,18.5,0,92.6,86,56.2,93.0,1316,Rain,None
2022-11-11,Marathahalli,Road_8,79.8,13.7,1,81.1,194,54.6,77.9,4488,Clear,None
2023-03-21,Marathahalli,Road_14,85.4,19.8,2,93.8,129,51.9,88.0,2418,Cloudy,Major
2023-01-05,Whitefield,Road_1,85.8,12.9,1,100.0,148,53.6,90.8,1375,Cloudy,Minor
2022-12-21,Brigade Road,Road_7,69.9,16.1,0,75.4,55,53.9,68.7,578,Rain,Major
2023-03-08,Marathahalli,Road_14,81.4,20.8,1,83.7,194,32.4,79.6,2151,Cloudy,Major
2023-11-18,Marathahalli,Road_9,86.9,13.8,2,79.5,141,35.8,81.0,1634,Haze,None
2024-05-05,MG Road,Road_7,56.6,24.2,0,57.7,62,64.7,86.7,4941,Rain,None
2022-05-01,Brigade Road,Road_15,87.6,12.7,1,100.0,125,37.7,91.2,2466,Cloudy,Minor
2023-12-25,Silk Board,Road_8,78.9,23.6,1,83.6,164,53.6,71.4,3412,Clear,Major
2022-09-09,Indiranagar,Road_4,82.3,14.7,4,89.9,73,44.5,85.3,3933,Cloudy,Major
2022-04-07,Koramangala,Road_13,76.0,22.8,1,81.5,113,44.9,85.1,4364,Clear,Minor
2023-06-12,Brigade Road,Road_15,73.9,16.6,1,83.0,78,53.2,70.6,2864,Rain,None
2022-05-15,Electronic City,Road_5,80.2,18.5,1,96.4,124,42.3,72.5,3153,Clear,Minor
2022-10-20,Brigade Road,Road_1,81.3,25.5,0,76.3,66,42.2,62.0,3859,Cloudy,Major
2022-09-19,Brigade Road,Road_5,64.3,20.3,3,64.6,114,59.8,80.8,594,Cloudy,Minor
2023-02-04,MG Road,Road_6,60.8,23.4,0,81.6,136,55.1,84.8,2618,Clear,Major
2024-06-01,Electronic City,Road_10,59.9,25.2,1,65.5,106,35.8,84.7,4246,Rain,Minor
2023-06-21,Koramangala,Road_7,58.1,28.5,0,68.7,118,47.9,60.6,2249,Clear,Minor
2022-09-14,Marathahalli,Road_7,77.7,22.8,1,79.0,168,57.9,81.8,4989,Clear,Major
2023-03-16,Whitefield,Road_1,61.7,14.5,1,57.5,246,71.1,62.0,4453,Clear,Major
2024-02-06,Marathahalli,Road_3,68.9,22.0,0,71.9,117,59.7,80.3,4016,Cloudy,None
2022-08-01,Marathahalli,Road_15,58.1,23.2,0,64.6,77,58.7,79.9,3109,Clear,Major
2022-07-04,Silk Board,Road_11,75.8,24.7,0,81.7,209,46.1,71.1,3870,Clear,None
2024-05-19,Electronic City,Road_4,66.7,19.6,3,67.2,63,68.7,83.1,3811,Clear,Minor
2024-03-08,Silk Board,Road_3,49.9,25.1,1,50.0,124,61.5,61.0,1926,Rain,Minor
2022-10-09,MG Road,Road_14,63.7,24.3,1,72.2,61,51.6,66.5,576,Rain,Minor
2022-09-21,Whitefield,Road_9,66.6,25.4,0,79.3,216,64.0,77.4,2179,Rain,None
2022-09-21,Silk Board,Road_4,76.7,17.1,0,85.7,104,53.4,84.2,3683,Clear,None
2024-03-17,Koramangala,Road_7,70.6,23.0,1,66.2,170,62.2,62.3,4449,Haze,Major
2022-05-08,Indiranagar,Road_12,75.8,16.8,1,97.5,126,38.5,86.3,3600,Rain,None
2023-08-12,Electronic City,Road_13,70.6,20.5,4,67.3,190,58.5,93.7,2032,Cloudy,Major
2022-06-07,Whitefield,Road_2,71.4,10.6,1,69.4,62,66.3,72.8,1858,Cloudy,None
2023-11-15,Silk Board,Road_9,77.4,14.0,0,96.1,51,60.6,63.4,836,Clear,None
2022-07-17,Koramangala,Road_13,68.2,24.7,0,76.2,217,53.3,83.6,2973,Clear,Major
2023-02-15,MG Road,Road_16,73.1,18.4,0,74.9,50,61.9,61.8,1013,Haze,Minor
2023-01-28,MG Road,Road_16,80.3,16.0,0,84.2,222,38.1,79.3,1310,Rain,None
2022-08-01,Whitefield,Road_7,83.3,13.7,0,82.4,193,51.9,74.8,3654,Haze,Minor
2024-03-26,Indiranagar,Road_4,85.3,12.7,3,97.4,143,41.8,66.4,3927,Haze,Minor
2023-03-23,Whitefield,Road_12,99.0,8.0,2,90.7,150,57.8,87.3,3132,Rain,Major
2024-04-29,Whitefield,Road_5,71.0,16.9,1,72.4,117,51.5,78.2,3734,Rain,None
2024-03-28,Indiranagar,Road_13,69.5,24.0,1,72.3,64,65.9,93.6,4940,Cloudy,None
2024-07-31,Whitefield,Road_5,55.5,22.3,0,67.1,195,59.7,87.4,4009,Clear,None
2023-06-29,Electronic City,Road_6,93.8,11.6,0,94.4,117,68.0,91.2,604,Haze,Minor
2023-10-23,Koramangala,Road_3,81.4,16.5,1,98.6,112,50.5,70.2,1972,Cloudy,Minor
2024-02-26,Koramangala,Road_5,61.8,25.3,1,63.6,109,73.4,76.3,1925,Haze,Major
2024-01-29,Brigade Road,Road_9,55.2,22.8,0,50.0,171,36.2,75.7,3521,Rain,Minor
2022-07-31,Electronic City,Road_12,82.5,15.1,0,78.9,102,49.8,78.8,4133,Haze,Major
2022-07-21,Koramangala,Road_12,71.5,16.6,0,100.0,215,57.8,87.5,2557,Haze,None
2023-09-16,Brigade Road,Road_10,74.0,25.2,3,88.9,117,65.4,68.2,3662,Haze,None
2024-05-10,Silk Board,Road_6,51.8,24.6,0,61.3,191,63.7,82.1,1151,Cloudy,Major
2022-07-24,Whitefield,Road_16,70.2,21.7,1,85.8,211,66.7,75.6,2870,Haze,Major
2023-08-15,Electronic City,Road_16,60.7,19.0,2,54.9,200,56.9,75.7,4015,Cloudy,Major
2024-08-08,Marathahalli,Road_1,73.5,21.5,0,80.9,176,73.8,90.2,2486,Haze,Minor
2022-03-04,MG Road,Road_7,70.4,15.8,0,74.4,66,35.5,84.9,1127,Rain,Major
2022-02-17,Electronic City,Road_7,67.0,24.8,0,83.1,71,39.3,86.5,1152,Cloudy,Major
2024-06-13,Koramangala,Road_4,72.4,22.5,1,91.7,142,69.9,86.0,1894,Rain,Major
2022-03-08,Marathahalli,Road_3,86.1,8.0,4,99.4,67,67.3,70.3,3439,Cloudy,Minor
2024-08-12,Koramangala,Road_15,82.0,17.1,2,70.4,182,32.5,61.7,4120,Cloudy,Minor
2023-07-28,Whitefield,Road_13,75.8,21.2,0,82.4,126,56.2,74.8,4983,Clear,Minor
2024-02-02,Electronic City,Road_6,79.4,14.7,0,78.4,152,34.3,94.1,2448,Clear,None
2022-09-28,MG Road,Road_13,71.0,21.4,2,67.6,52,66.5,77.9,4506,Cloudy,None
2022-06-10,Marathahalli,Road_8,68.7,17.6,3,59.0,193,66.1,69.5,4225,Clear,Minor
2023-10-19,Indiranagar,Road_12,73.3,25.8,0,78.1,70,43.8,87.0,1789,Cloudy,Minor
2022-01-17,Whitefield,Road_2,69.0,17.6,1,75.7,70,73.2,91.6,2599,Haze,Major
2023-08-28,Electronic City,Road_5,76.4,22.1,1,94.6,54,63.1,94.0,4654,Haze,None
2023-09-28,Electronic City,Road_8,52.3,24.1,0,50.0,80,58.1,69.2,2468,Rain,Minor
2022-08-13,MG Road,Road_11,92.9,21.9,3,95.4,214,69.2,60.7,2238,Haze,Major
2024-03-19,Koramangala,Road_7,71.0,21.3,0,67.5,88,71.5,65.8,1320,Cloudy,Minor
2023-07-04,Silk Board,Road_9,76.0,20.8,1,77.1,162,31.7,89.5,3690,Cloudy,None
2022-10-13,MG Road,Road_16,88.8,13.4,1,100.0,91,74.5,75.5,3304,Clear,None
2023-04-04,Indiranagar,Road_15,83.0,12.4,2,78.1,115,32.8,63.3,4548,Haze,Major
2022-06-19,Whitefield,Road_12,53.0,27.4,1,58.5,116,69.9,71.8,4251,Haze,Major
2023-11-24,Indiranagar,Road_15,74.2,19.0,0,79.0,187,72.2,79.8,2125,Clear,None
2022-07-01,Whitefield,Road_10,68.6,16.3,0,65.4,182,67.4,65.2,4239,Cloudy,None
2022-05-13,Whitefield,Road_4,75.3,19.9,1,75.3,109,54.6,63.5,4713,Clear,Major
2023-04-15,Koramangala,Road_10,75.8,17.9,0,84.5,141,63.7,84.5,680,Clear,Major
2023-09-10,Whitefield,Road_10,42.4,33.6,0,50.0,109,62.7,83.1,3550,Haze,Minor
2024-06-26,MG Road,Road_8,70.9,23.1,1,77.9,233,54.1,78.4,3856,Haze,None
2022-11-07,MG Road,Road_8,73.1,22.4,2,72.7,171,32.6,71.4,4818,Cloudy,Major
2023-01-18,Whitefield,Road_11,82.1,17.6,2,90.6,104,70.5,91.0,1143,Cloudy,None
2023-06-09,Brigade Road,Road_10,74.2,17.0,1,74.3,83,68.3,89.2,2619,Cloudy,None
2024-01-19,MG Road,Road_8,80.2,25.0,2,88.4,95,74.1,74.7,4366,Cloudy,Minor
2024-08-13,Koramangala,Road_14,76.9,19.5,0,89.0,153,48.1,87.2,3623,Clear,None
2023-07-19,Indiranagar,Road_3,68.5,17.3,0,62.0,217,74.9,77.5,2207,Haze,Major
2024-04-07,Indiranagar,Road_8,79.4,15.4,0,91.7,192,54.0,82.4,1517,Rain,None
2023-10-16,Indiranagar,Road_14,85.0,14.0,1,91.7,140,60.8,79.6,771,Cloudy,Major
2024-05-19,Electronic City,Road_13,69.9,19.9,1,74.5,76,49.9,80.5,628,Rain,None
2024-07-15,Brigade Road,Road_6,59.8,24.7,1,58.7,150,66.0,91.3,2199,Rain,Minor
2022-01-03,Brigade Road,Road_11,94.6,12.9,3,100.0,194,48.7,83.1,2673,Rain,None
2024-05-09,Electronic City,Road_3,65.3,29.4,1,61.8,60,52.4,82.5,1735,Rain,Minor
2023-03-02,Indiranagar,Road_13,68.6,20.9,0,69.7,103,51.4,68.7,1453,Cloudy,Minor
2024-08-10,Whitefield,Road_14,75.1,18.8,1,68.0,218,33.7,86.6,1551,Cloudy,Major
2024-07-20,Koramangala,Road_7,61.9,27.4,0,54.4,153,39.4,62.9,2882,Rain,None
2024-04-13,Marathahalli,Road_16,91.3,12.2,2,100.0,183,35.7,94.1,1296,Clear,Minor
2022-10-22,Brigade Road,Road_2,76.9,21.1,0,68.5,231,30.7,71.4,2885,Rain,Minor
2022-12-20,MG Road,Road_4,58.5,22.9,1,74.6,89,44.1,83.4,3468,Rain,None
2023-08-12,Koramangala,Road_13,61.8,32.2,0,72.0,114,56.2,88.9,2027,Cloudy,Minor
2024-02-11,Electronic City,Road_9,69.7,21.3,1,83.3,206,45.6,82.3,4939,Clear,Minor
2024-04-30,Whitefield,Road_7,96.5,8.1,2,95.3,111,39.6,80.5,2597,Cloudy,None
2023-10-28,Marathahalli,Road_1,71.5,19.2,0,89.5,121,39.4,76.9,2440,Rain,None
2022-03-27,MG Road,Road_8,55.6,30.3,1,60.7,120,38.5,78.6,1615,Cloudy,Minor
2022-07-25,Electronic City,Road_5,70.4,22.5,1,57.8,231,65.0,77.0,968,Rain,None
2022-09-01,Whitefield,Road_14,80.1,13.2,3,76.3,137,72.9,82.9,4535,Rain,None
2023-09-06,MG Road,Road_1,87.1,13.5,4,94.4,123,41.6,87.8,1976,Haze,None
2024-02-07,Marathahalli,Road_8,67.2,22.5,0,70.7,223,56.7,89.9,2516,Cloudy,None
2023-10-26,Whitefield,Road_15,73.7,19.8,0,84.3,86,56.4,72.6,2399,Haze,Minor
2022-09-10,Koramangala,Road_12,63.8,22.9,0,79.4,84,38.5,62.6,4616,Haze,Minor
2024-03-09,Electronic City,Road_13,60.9,19.4,0,62.9,73,35.0,69.2,1210,Cloudy,None
2023-05-12,MG Road,Road_5,74.8,8.0,1,81.8,100,64.8,75.3,4581,Rain,Major
2022-11-11,Whitefield,Road_4,76.6,13.1,1,87.4,215,43.4,85.6,4601,Haze,None
2023-03-31,Brigade Road,Road_13,52.2,28.3,0,58.7,197,55.8,91.1,1693,Rain,Major
2023-06-20,Koramangala,Road_12,78.9,14.7,0,80.4,104,48.8,74.5,666,Cloudy,Major
2022-03-03,Silk Board,Road_14,53.8,23.6,0,50.0,205,37.3,69.0,3139,Haze,Major
2022-04-30,Koramangala,Road_16,81.9,18.1,1,68.9,193,36.5,67.8,616,Haze,Major
2022-06-24,MG Road,Road_7,68.1,11.2,1,68.2,51,47.9,63.8,4925,Clear,Major
2024-04-09,Brigade Road,Road_7,78.4,14.9,0,91.5,234,48.7,85.6,3689,Rain,Minor
2022-06-09,Silk Board,Road_11,56.0,30.5,1,54.0,214,60.1,79.5,3680,Clear,None
2023-02-05,Marathahalli,Road_6,49.9,25.4,0,50.0,215,37.6,80.2,4077,Clear,Major
2023-05-28,Whitefield,Road_15,51.5,26.5,0,56.1,111,64.9,60.5,2903,Cloudy,None
2023-05-12,Electronic City,Road_12,79.9,8.0,1,74.8,197,61.8,66.4,2647,Rain,None
2024-02-22,Brigade Road,Road_9,72.9,20.4,1,68.3,52,60.6,88.2,3960,Rain,Minor
2024-07-22,MG Road,Road_12,78.3,15.0,1,89.2,129,60.7,82.4,4300,Cloudy,Minor
2022-11-19,Electronic City,Road_9,85.5,22.8,3,85.4,203,48.5,77.3,2079,Clear,None
2022-04-08,Koramangala,Road_4,90.7,10.1,3,100.0,101,62.0,86.8,3864,Cloudy,None
2024-01-01,Electronic City,Road_10,98.0,8.0,2,98.0,204,64.3,83.4,4474,Cloudy,Minor
2024-05-28,Indiranagar,Road_13,80.3,15.8,0,82.9,175,41.3,78.7,3257,Clear,Major
2023-07-27,Marathahalli,Road_8,66.0,17.1,1,62.2,128,36.4,66.4,4397,Rain,None
2022-05-10,Brigade Road,Road_16,71.0,15.3,3,79.1,200,31.4,83.5,3413,Haze,Major
2022-08-25,Koramangala,Road_11,66.7,25.1,0,68.0,93,61.4,65.8,3864,Clear,Minor
2022-03-14,Koramangala,Road_12,70.4,15.2,1,74.6,220,38.4,87.4,896,Haze,Major
2024-01-07,Whitefield,Road_5,84.6,19.7,3,87.9,205,46.3,93.4,2650,Haze,Minor
2023-04-26,Electronic City,Road_9,79.1,14.8,1,72.0,65,35.8,83.5,1478,Haze,Minor
2022-05-04,Silk Board,Road_2,68.9,25.3,0,61.4,115,57.4,86.8,883,Rain,Major
2023-12-07,MG Road,Road_15,81.1,12.2,4,82.7,82,73.8,93.1,4647,Rain,Minor
2022-07-20,MG Road,Road_13,83.0,12.1,1,85.1,147,49.0,83.7,2359,Clear,Major
2022-03-12,Silk Board,Road_6,70.2,17.7,0,77.8,236,60.0,84.7,3902,Cloudy,Minor
2024-04-15,Silk Board,Road_14,72.8,20.7,2,92.6,156,72.0,62.1,1271,Cloudy,Minor
2024-03-17,Silk Board,Road_7,76.1,23.1,0,100.0,187,46.0,82.3,2539,Clear,Minor
2022-08-08,Silk Board,Road_2,69.0,26.2,0,64.2,59,35.2,69.2,3664,Haze,None
2022-04-11,Koramangala,Road_15,69.9,19.0,0,67.6,153,70.1,76.4,4559,Haze,None
2023-02-05,MG Road,Road_10,58.0,25.5,0,53.1,234,50.2,91.6,2092,Clear,Major
2022-12-29,Marathahalli,Road_11,75.5,19.1,2,84.0,199,45.0,65.5,914,Haze,None
2023-04-24,Marathahalli,Road_10,63.3,15.4,2,84.0,118,50.7,93.1,804,Rain,None
2022-11-17,Marathahalli,Road_16,64.7,23.4,0,61.3,87,67.9,92.5,3776,Clear,Major
2023-03-12,Indiranagar,Road_6,62.8,23.2,2,73.9,152,73.1,73.7,2794,Rain,None
2023-01-27,Koramangala,Road_1,63.1,27.6,0,58.2,196,44.4,68.8,1946,Clear,Minor
2024-01-18,Silk Board,Road_7,50.5,29.1,0,50.6,61,30.5,64.3,2822,Clear,Major
2023-06-08,Brigade Road,Road_4,78.5,20.1,0,92.0,224,47.4,70.1,3664,Clear,Major
2023-07-13,Marathahalli,Road_14,69.0,24.3,0,78.4,126,31.6,88.9,4578,Haze,None
2024-04-02,Silk Board,Road_14,58.8,22.0,2,68.9,182,42.6,82.0,4927,Haze,None
2024-01-20,Silk Board,Road_7,75.8,17.4,1,79.2,174,72.4,60.1,2291,Rain,Major
2022-07-18,Koramangala,Road_15,99.0,8.0,2,100.0,92,48.0,61.9,4582,Cloudy,None
2024-03-26,Indiranagar,Road_9,71.8,21.8,1,69.1,232,39.8,89.6,1989,Haze,None
2022-05-18,Koramangala,Road_2,80.2,9.3,2,87.6,77,54.4,72.1,1230,Haze,None
2022-07-15,Whitefield,Road_14,86.8,8.0,4,89.9,141,43.5,67.3,1440,Clear,Major
2022-08-28,Electronic City,Road_3,62.3,27.6,1,73.1,238,64.6,74.3,1249,Cloudy,Minor
2023-07-15,Silk Board,Road_11,77.0,20.5,2,82.6,206,30.3,74.9,4669,Rain,None
2024-02-07,Koramangala,Road_9,90.2,9.5,0,89.6,63,74.3,84.0,4636,Rain,Major
2022-11-14,Electronic City,Road_3,75.8,15.4,0,84.0,81,30.3,78.5,1359,Haze,None
2022-12-19,Silk Board,Road_1,75.0,20.8,1,96.4,133,37.9,60.2,4708,Rain,None
2024-06-20,MG Road,Road_13,50.8,33.1,0,57.1,60,44.4,88.4,741,Clear,Major
2024-05-17,Silk Board,Road_4,67.0,20.8,1,64.0,230,63.9,79.9,1635,Cloudy,Minor
2022-08-17,Silk Board,Road_12,80.3,16.4,0,88.1,196,47.9,67.1,880,Rain,Minor
2023-03-12,Electronic City,Road_2,75.7,15.8,0,76.1,190,60.6,66.7,3483,Haze,Major
2023-04-13,Indiranagar,Road_2,96.3,16.0,0,100.0,186,55.5,93.8,850,Cloudy,Minor
2023-09-01,Brigade Road,Road_5,80.7,20.2,1,88.0,70,72.7,83.7,1172,Cloudy,Minor
2023-05-31,Indiranagar,Road_16,78.9,16.7,0,86.3,117,56.6,62.4,1249,Haze,Major
2022-11-05,Whitefield,Road_12,66.3,19.5,2,63.6,201,55.8,64.1,1125,Rain,None
2023-06-15,Indiranagar,Road_12,75.2,18.2,1,71.7,208,42.9,74.3,3799,Rain,Minor
2023-03-27,Silk Board,Road_2,72.2,18.0,2,69.3,120,71.1,82.3,3517,Rain,Minor
2024-07-23,Brigade Road,Road_14,75.0,20.8,1,72.8,248,61.2,70.3,2033,Haze,Minor
2022-02-17,Whitefield,Road_14,57.6,24.9,1,67.1,246,55.3,68.0,1511,Haze,Minor
2022-07-23,MG Road,Road_8,97.7,8.4,1,100.0,170,48.9,80.6,4958,Haze,Major
2022-08-22,Whitefield,Road_3,75.2,17.0,2,87.5,126,39.5,60.5,3069,Cloudy,Major
2024-02-06,Brigade Road,Road_3,46.4,29.7,0,51.0,70,60.2,79.1,3609,Rain,None
2023-10-08,Koramangala,Road_11,71.3,17.7,1,94.1,183,54.7,93.7,4160,Clear,Major
2022-08-06,Electronic City,Road_5,72.2,20.8,0,71.7,195,30.9,90.4,4833,Haze,Major
2022-06-30,Electronic City,Road_2,77.3,21.6,1,76.8,248,74.5,80.2,722,Clear,Major
2024-04-21,Koramangala,Road_5,76.5,14.8,0,79.2,155,60.2,62.9,3258,Haze,Major
2023-05-26,MG Road,Road_10,84.6,9.7,2,97.2,87,30.6,71.9,2686,Haze,Minor
2023-05-24,Silk Board,Road_16,82.3,16.7,1,96.9,191,56.8,67.7,3570,Haze,Minor
2023-06-21,Whitefield,Road_8,99.0,8.0,3,98.1,125,44.0,60.4,2598,Rain,None
2024-01-11,Koramangala,Road_9,74.7,16.9,1,82.3,215,72.5,73.9,4228,Rain,None
2022-10-04,MG Road,Road_15,72.2,21.4,0,90.4,239,68.4,73.8,1361,Clear,Minor
2022-05-27,Koramangala,Road_9,90.3,13.5,1,98.6,90,44.7,80.8,3166,Cloudy,None
2023-06-05,Silk Board,Road_4,65.6,28.0,0,67.9,62,45.2,62.2,1262,Rain,None
2022-02-18,Indiranagar,Road_9,81.6,10.5,1,83.6,237,45.5,61.3,4417,Haze,None
2024-01-16,Marathahalli,Road_7,66.5,20.0,1,66.4,183,67.0,69.4,1172,Clear,Minor
2023-03-23,Brigade Road,Road_10,59.8,31.0,0,52.5,180,36.7,91.1,4301,Haze,None
2022-10-21,MG Road,Road_14,64.5,24.2,0,68.5,126,73.8,90.0,3956,Cloudy,Minor
2022-08-06,Indiranagar,Road_6,87.6,11.0,1,92.2,216,38.2,78.9,2182,Clear,Major
2023-05-28,Whitefield,Road_5,69.0,13.0,0,73.6,91,61.0,74.0,607,Haze,Major
2023-05-31,Marathahalli,Road_9,78.0,15.9,1,81.5,126,57.7,92.1,3668,Clear,None
2023-04-20,Koramangala,Road_3,68.7,17.1,0,85.6,75,47.1,68.4,1974,Cloudy,None
2024-07-25,Indiranagar,Road_5,69.5,21.4,0,82.5,82,71.2,70.2,1308,Clear,Major
2024-02-19,MG Road,Road_16,79.8,16.6,2,92.5,240,32.6,64.7,511,Rain,None
2023-01-04,Indiranagar,Road_15,63.4,24.0,1,70.0,214,73.8,77.3,2749,Clear,Major
2023-02-10,Brigade Road,Road_14,76.0,25.5,1,86.6,129,31.8,77.4,1336,Cloudy,None
2024-02-16,Silk Board,Road_13,61.5,27.4,1,69.5,245,33.8,88.8,3084,Clear,None
2024-01-03,Silk Board,Road_12,68.4,20.0,0,79.7,204,62.0,61.4,2569,Clear,Major
2022-01-21,Brigade Road,Road_5,53.3,20.4,0,56.2,186,42.3,78.5,2647,Rain,Major
2022-05-09,Koramangala,Road_3,71.5,19.8,0,77.0,173,45.6,70.0,3272,Clear,Major
2023-12-25,MG Road,Road_16,54.8,28.3,1,57.9,76,44.7,81.8,984,Cloudy,None
2024-05-26,Silk Board,Road_12,97.0,8.6,2,97.2,96,64.5,65.6,3647,Clear,None
2022-04-14,Koramangala,Road_14,72.9,18.8,1,69.2,140,32.7,62.9,2008,Rain,None
2024-08-03,Koramangala,Road_15,82.9,11.0,0,79.0,112,58.3,94.4,787,Rain,None
2024-07-04,Koramangala,Road_13,83.7,18.7,2,100.0,243,39.8,71.0,2869,Rain,Minor
2023-03-15,Indiranagar,Road_4,76.7,17.9,2,77.2,73,71.1,90.0,1261,Clear,Minor
2023-05-15,Whitefield,Road_7,49.0,26.5,0,62.3,242,74.2,88.1,530,Haze,Minor
2024-06-08,Silk Board,Road_5,81.0,21.7,2,83.2,142,59.8,81.1,2265,Haze,Minor
2023-07-13,Marathahalli,Road_12,81.6,20.1,0,88.8,157,70.8,62.7,1480,Rain,None
2024-01-11,Koramangala,Road_2,89.3,15.9,2,98.3,235,64.9,76.7,2765,Rain,Minor
2023-12-05,Koramangala,Road_1,57.2,30.4,0,57.7,103,42.5,79.1,2793,Haze,None
2023-06-11,Whitefield,Road_4,75.9,19.0,0,78.8,161,71.1,66.7,1829,Cloudy,None
2022-05-13,Marathahalli,Road_10,81.0,17.1,0,63.7,241,72.1,84.5,4178,Cloudy,None
2023-06-21,Koramangala,Road_12,70.6,22.1,1,72.0,166,64.1,93.5,1021,Cloudy,Major
2022-07-04,Indiranagar,Road_2,69.0,20.4,1,76.3,69,39.2,93.1,3960,Clear,Minor
2024-05-05,Brigade Road,Road_4,75.4,10.3,0,79.2,205,71.6,74.0,2310,Cloudy,None
2022-06-26,Koramangala,Road_9,77.8,19.1,0,89.5,131,58.9,85.1,4336,Clear,None
2023-01-30,MG Road,Road_2,59.7,26.2,1,67.9,91,55.4,90.8,562,Clear,Minor
2022-11-10,Silk Board,Road_1,57.8,20.5,1,80.7,177,37.4,64.1,4459,Cloudy,None
2023-07-13,Marathahalli,Road_15,81.0,13.6,1,91.3,202,53.3,70.6,3199,Cloudy,Major
2022-09-06,Koramangala,Road_3,70.9,21.6,0,72.0,244,34.0,92.6,4175,Rain,Major
2023-09-04,Electronic City,Road_13,77.3,15.9,1,79.0,178,54.1,75.4,2694,Cloudy,None
2022-07-13,Whitefield,Road_7,84.7,17.1,1,85.9,112,32.1,67.2,4535,Haze,Minor
2024-08-09,Brigade Road,Road_9,60.6,19.9,1,65.9,226,53.7,61.5,2970,Rain,None
2024-05-27,MG Road,Road_11,83.1,21.0,1,84.3,248,36.4,64.1,4951,Rain,None
2023-11-20,Marathahalli,Road_4,58.9,27.0,0,66.5,101,51.1,75.4,653,Rain,Minor
2022-05-31,Koramangala,Road_1,57.9,24.9,0,83.3,60,49.4,93.0,1113,Clear,Minor
2023-01-10,Koramangala,Road_3,88.0,13.3,4,89.5,158,56.4,91.6,4922,Haze,Major
2022-02-03,MG Road,Road_6,81.1,15.7,1,89.7,116,34.4,74.1,1959,Clear,Major
2024-07-18,Koramangala,Road_12,60.4,32.7,0,71.8,216,74.5,84.5,3520,Clear,Major
2023-10-27,Indiranagar,Road_1,71.9,16.4,0,74.3,110,64.1,65.5,2195,Rain,Minor
2022-07-19,Koramangala,Road_13,81.6,16.6,1,74.8,177,45.6,81.5,2845,Haze,Minor
2022-04-06,Silk Board,Road_2,66.7,23.6,1,61.7,111,30.4,63.0,4215,Clear,None
2022-05-28,Whitefield,Road_15,76.0,12.6,3,70.6,218,48.6,81.8,2522,Haze,Major
2024-03-11,Koramangala,Road_4,84.7,12.0,3,89.8,69,54.8,71.5,3059,Haze,Minor
2023-02-17,Electronic City,Road_15,78.6,16.7,1,78.1,142,67.7,60.7,3239,Haze,None
2024-07-22,Indiranagar,Road_11,61.5,24.1,1,69.7,191,32.5,82.9,4284,Rain,None
2023-11-25,Marathahalli,Road_12,60.0,21.0,0,64.8,223,74.1,88.1,4511,Clear,Minor
2022-08-04,Whitefield,Road_14,72.0,15.9,1,81.3,127,45.4,72.8,3187,Cloudy,None
2024-03-03,Brigade Road,Road_3,52.8,23.7,0,78.5,103,37.3,88.2,4586,Rain,None
2022-09-11,Koramangala,Road_15,65.6,20.6,0,63.1,194,64.3,81.8,2846,Clear,None
2022-10-24,Whitefield,Road_5,72.6,15.9,2,70.4,156,70.9,63.9,2972,Clear,Minor
2022-12-07,Electronic City,Road_10,70.1,24.6,0,63.4,114,69.5,91.9,892,Rain,Minor
2023-01-03,Whitefield,Road_6,67.2,18.2,0,71.4,160,60.2,94.7,1423,Cloudy,Major
2023-08-05,Indiranagar,Road_4,69.6,28.2,1,68.1,131,38.9,73.1,3098,Haze,Minor
2022-09-04,Brigade Road,Road_1,87.1,8.0,0,99.5,200,43.2,87.0,4201,Clear,None
2023-02-07,Electronic City,Road_9,63.7,28.4,0,73.4,246,73.9,66.7,3737,Clear,Major
2023-05-12,Electronic City,Road_1,52.2,21.7,0,50.3,223,66.1,93.8,1694,Rain,Minor
2022-06-09,Brigade Road,Road_4,73.3,14.5,0,79.9,228,55.0,84.3,2816,Haze,Major
2022-09-18,Marathahalli,Road_1,59.2,32.6,0,67.3,249,33.4,60.3,600,Haze,None
2023-09-08,Indiranagar,Road_14,75.1,24.6,1,81.2,120,51.1,75.1,4531,Clear,Major
2023-08-19,Koramangala,Road_10,86.2,13.2,1,87.5,120,66.5,80.4,3699,Haze,Minor
2022-05-05,MG Road,Road_6,77.9,10.0,2,72.2,56,38.1,71.9,2272,Cloudy,Major
2022-10-26,Indiranagar,Road_5,57.2,31.0,0,65.0,169,30.9,74.0,1703,Rain,None
2023-02-25,MG Road,Road_13,62.9,23.9,1,61.2,214,48.9,75.0,1536,Haze,None
2023-01-20,MG Road,Road_9,74.4,19.4,1,74.6,68,61.1,71.9,4853,Haze,Minor
2023-10-24,Electronic City,Road_5,97.6,9.1,2,100.0,180,74.6,67.1,3581,Haze,Minor
2023-09-18,Electronic City,Road_10,79.5,17.4,1,100.0,199,46.7,81.3,2932,Haze,Minor
2024-06-22,Brigade Road,Road_3,54.9,23.6,0,50.0,209,42.6,92.6,4664,Cloudy,None
2024-05-04,Brigade Road,Road_9,90.4,12.1,3,100.0,120,63.3,67.1,1524,Cloudy,Minor
2024-02-17,MG Road,Road_11,90.6,16.8,0,90.3,136,44.1,70.3,944,Clear,None
2024-04-15,Koramangala,Road_7,98.9,8.0,2,100.0,124,48.5,84.7,1719,Clear,Minor
2022-11-07,Indiranagar,Road_13,77.0,20.8,0,74.4,69,34.7,87.1,4754,Cloudy,Minor
2022-02-24,Silk Board,Road_16,41.9,32.9,0,50.0,116,71.0,75.1,598,Rain,None
2022-02-18,Whitefield,Road_8,66.3,24.5,2,84.0,227,39.9,90.2,1432,Cloudy,Minor
2022-01-25,Whitefield,Road_15,69.2,17.5,1,81.0,89,59.0,68.4,3898,Clear,Major
2022-07-06,MG Road,Road_1,83.0,15.8,1,91.0,161,53.4,74.7,2749,Clear,Minor
2024-07-19,Koramangala,Road_6,61.7,23.7,0,81.9,194,62.2,82.3,3101,Cloudy,Minor
2022-12-25,Indiranagar,Road_16,57.8,24.4,0,53.0,190,57.2,91.1,4162,Haze,Minor
2023-07-31,Electronic City,Road_2,71.2,29.9,2,86.5,107,57.3,73.2,928,Rain,Minor
2024-03-18,Indiranagar,Road_6,79.4,18.2,0,91.3,107,33.4,70.3,1641,Rain,Minor
2024-03-19,Koramangala,Road_6,66.2,24.5,1,75.3,61,54.2,76.5,3813,Clear,None
2022-10-21,MG Road,Road_2,51.8,27.3,0,50.0,58,50.1,82.0,2639,Clear,None
2022-11-14,Brigade Road,Road_15,71.5,16.0,0,67.0,249,52.5,63.1,4262,Cloudy,None
2022-07-20,Indiranagar,Road_16,72.2,13.0,1,72.3,67,54.8,68.7,3837,Cloudy,Minor
2024-06-08,Indiranagar,Road_3,87.5,13.4,1,93.1,246,66.2,75.8,4962,Rain,Major
2023-01-13,Marathahalli,Road_2,88.4,14.7,5,100.0,234,73.8,75.7,1790,Haze,Major
2023-03-14,Electronic City,Road_8,98.9,8.1,1,100.0,72,54.6,64.8,2723,Haze,Major
2024-06-24,Silk Board,Road_14,54.2,29.6,0,59.7,213,64.2,84.8,4186,Cloudy,Minor
2024-03-29,Silk Board,Road_2,59.6,25.4,1,66.5,108,36.7,87.3,1823,Cloudy,None
2023-05-06,MG Road,Road_7,67.0,14.6,0,80.8,151,74.7,79.6,2826,Haze,Major
2024-02-11,Electronic City,Road_1,71.4,16.9,0,74.1,152,52.7,80.8,4784,Rain,Minor
2023-12-03,Indiranagar,Road_4,74.4,20.7,1,65.2,234,53.6,91.6,4875,Haze,Minor
2022-03-27,Indiranagar,Road_2,74.2,21.6,1,77.9,198,72.7,81.2,3264,Cloudy,None
2024-07-08,Indiranagar,Road_4,57.5,23.7,0,74.7,243,51.1,95.0,1360,Clear,Major
2022-07-21,Whitefield,Road_3,69.1,26.3,0,79.4,200,43.4,80.3,3898,Clear,Major
2022-06-06,Whitefield,Road_10,79.8,13.2,2,80.3,102,69.6,94.3,4858,Rain,None
2022-02-08,Koramangala,Road_3,71.2,19.3,0,64.0,230,72.5,68.1,2716,Cloudy,Major
2023-10-27,Electronic City,Road_1,58.2,21.5,1,60.6,178,30.3,72.4,2232,Rain,None
2022-10-10,Silk Board,Road_12,83.4,20.5,0,92.4,88,70.0,88.5,3454,Rain,Minor
2023-04-25,MG Road,Road_16,84.4,20.3,1,90.8,109,32.3,72.5,829,Rain,Major
2024-07-03,Silk Board,Road_10,57.1,19.2,0,60.4,94,63.5,85.2,4258,Haze,Minor
2023-12-06,Silk Board,Road_14,64.6,17.1,0,77.8,182,59.2,82.5,781,Haze,Major
2023-01-28,Brigade Road,Road_6,74.9,13.0,2,78.8,207,59.1,90.7,757,Haze,Major
2023-09-22,Brigade Road,Road_7,56.2,25.6,0,62.6,73,55.9,72.8,3058,Rain,None
2023-03-12,Whitefield,Road_5,89.0,14.5,3,100.0,118,69.1,92.0,3825,Clear,Major
2022-11-17,Electronic City,Road_10,56.9,29.0,0,58.0,218,37.1,87.2,3228,Rain,Major
2023-05-05,Silk Board,Road_1,75.8,27.3,1,82.6,174,48.1,65.1,1456,Rain,Minor
2022-09-08,Brigade Road,Road_13,74.8,16.1,1,71.4,61,42.7,62.2,3235,Cloudy,None
2024-04-10,Marathahalli,Road_3,60.8,24.3,0,63.8,236,64.7,74.5,3281,Rain,None
2024-04-11,Indiranagar,Road_15,61.8,18.7,1,73.1,119,48.8,88.5,4364,Haze,None
2022-01-20,Silk Board,Road_12,69.0,21.5,0,80.7,230,67.9,94.6,4569,Clear,Minor
2022-05-29,Koramangala,Road_2,53.7,24.0,0,52.5,51,67.8,66.5,3814,Clear,Major
2023-06-05,Brigade Road,Road_12,72.4,21.3,1,83.3,247,71.6,64.9,3345,Rain,Major
2022-03-16,Electronic City,Road_14,63.1,21.1,0,65.8,121,56.7,73.1,1997,Clear,Minor
2023-12-10,Koramangala,Road_11,74.4,23.4,3,92.5,90,32.8,94.1,2591,Haze,Major
2023-05-26,Silk Board,Road_11,81.1,14.4,1,70.3,178,57.2,73.9,3103,Rain,Major
2024-01-25,MG Road,Road_16,85.8,12.7,2,89.1,183,60.2,75.7,2710,Cloudy,None
2024-07-31,Brigade Road,Road_7,67.0,17.2,0,77.6,156,48.8,84.0,4444,Haze,None
2024-03-21,Electronic City,Road_16,72.6,17.1,1,80.1,69,73.7,70.7,2814,Haze,Minor
2022-06-30,Brigade Road,Road_9,57.4,20.3,0,73.3,94,71.7,88.6,1058,Clear,None
2022-10-21,Brigade Road,Road_16,80.2,19.4,0,72.8,67,30.6,66.1,4333,Cloudy,None
2022-03-23,Marathahalli,Road_12,68.6,29.3,2,66.8,146,41.4,93.1,3971,Rain,Minor
2024-05-27,MG Road,Road_6,97.8,8.0,0,90.7,152,33.9,65.1,2751,Cloudy,Minor
2022-04-29,Koramangala,Road_3,80.1,15.0,0,83.6,204,36.6,67.5,1364,Clear,None
2023-05-19,Electronic City,Road_3,94.1,16.0,1,100.0,182,55.0,65.9,3782,Haze,Major
2022-03-24,Koramangala,Road_4,49.0,31.7,0,50.0,118,47.9,75.3,1916,Clear,Minor
2024-01-20,Electronic City,Road_3,82.2,19.2,1,92.4,240,45.5,89.1,4707,Clear,None
2023-11-28,Marathahalli,Road_5,58.3,24.2,0,67.7,87,48.3,67.2,2188,Cloudy,None
2022-01-31,Whitefield,Road_11,99.0,8.0,1,97.3,109,70.0,74.9,2423,Cloudy,None
2023-08-17,Whitefield,Road_9,58.0,23.2,1,69.0,72,30.0,90.5,2317,Rain,None
2022-04-09,Koramangala,Road_2,79.1,12.0,1,91.2,219,42.4,81.7,4846,Haze,Minor
2023-12-04,Marathahalli,Road_9,81.7,11.3,1,76.9,66,60.1,94.0,3888,Haze,None
2024-06-11,MG Road,Road_1,72.9,18.5,2,76.4,247,31.7,88.8,3960,Cloudy,Major
2024-02-13,MG Road,Road_9,68.1,21.7,0,83.7,215,53.6,85.7,4415,Cloudy,Minor
2024-01-23,Marathahalli,Road_16,95.1,8.0,0,90.8,195,70.3,72.7,4463,Rain,Major
2023-01-08,Silk Board,Road_3,73.9,16.0,2,86.2,65,35.1,82.9,2541,Clear,None
2022-08-19,Silk Board,Road_15,70.4,15.6,1,64.8,144,65.0,62.3,1827,Haze,Major
2023-10-13,Whitefield,Road_7,72.4,15.7,0,79.4,110,41.3,84.2,1841,Cloudy,Minor
2022-05-06,Marathahalli,Road_1,54.6,25.6,0,54.9,215,52.2,83.2,2215,Cloudy,None
2022-01-29,Electronic City,Road_10,60.5,25.3,1,50.3,72,59.6,75.1,986,Clear,Major
2022-12-29,Marathahalli,Road_12,76.0,19.5,1,78.7,136,50.4,83.6,2736,Rain,Minor
2023-06-13,Marathahalli,Road_8,69.6,21.4,0,62.3,146,40.0,70.9,4381,Cloudy,None
2023-11-16,MG Road,Road_16,41.3,24.9,0,50.0,139,49.2,70.9,3486,Haze,None
2022-03-03,Whitefield,Road_15,57.2,26.6,0,65.9,65,68.0,74.0,4881,Haze,Minor
2024-04-05,Silk Board,Road_8,65.2,30.5,3,73.5,211,48.7,78.1,4427,Cloudy,Major
2022-09-22,Whitefield,Road_8,64.7,25.4,0,65.2,88,65.6,62.2,4115,Haze,Minor
2022-01-14,Indiranagar,Road_1,76.6,20.8,0,85.2,159,60.4,72.0,4641,Rain,Major
2022-01-06,Brigade Road,Road_3,56.2,26.9,0,53.8,85,54.7,67.8,878,Clear,Major
2023-02-08,Silk Board,Road_3,74.4,20.2,2,72.3,242,54.4,70.2,3942,Clear,None
2023-04-22,Marathahalli,Road_11,88.5,8.0,0,100.0,145,51.3,82.4,1593,Clear,None
2024-02-20,Marathahalli,Road_1,63.7,24.1,0,66.6,213,33.3,94.1,2919,Haze,None
2023-02-21,Electronic City,Road_5,89.4,14.9,1,100.0,59,42.0,61.8,2858,Clear,Minor
2024-08-16,Whitefield,Road_11,80.2,22.2,2,75.9,247,37.6,60.6,4390,Haze,None
2022-04-22,MG Road,Road_10,85.9,12.0,3,99.2,231,65.7,80.6,3675,Clear,Major
2023-07-28,Marathahalli,Road_1,70.1,27.4,0,75.4,224,51.8,70.7,4113,Haze,Major
2023-08-29,Marathahalli,Road_9,82.1,16.2,0,97.7,164,60.7,60.9,3389,Rain,Major
2023-08-13,Whitefield,Road_11,67.3,19.4,0,63.8,225,32.0,88.5,4913,Clear,None
2022-12-05,Whitefield,Road_8,47.1,29.5,0,50.0,178,54.9,89.0,1432,Cloudy,Minor
2024-08-06,Electronic City,Road_15,71.3,21.0,0,75.9,193,36.1,62.0,804,Clear,None
2022-07-06,Brigade Road,Road_8,62.5,18.0,0,71.2,58,44.1,82.8,672,Cloudy,Minor
2022-03-30,Koramangala,Road_10,82.4,15.2,3,98.9,73,50.2,85.8,3419,Rain,Minor
2023-03-16,Silk Board,Road_14,68.1,23.8,0,72.6,77,32.1,75.1,1068,Cloudy,Major
2022-12-09,Marathahalli,Road_9,68.3,13.1,0,71.4,168,37.7,71.3,2531,Haze,Major
2023-11-27,Silk Board,Road_10,70.2,15.9,3,67.4,247,58.9,65.0,4347,Clear,Major
2022-04-04,Koramangala,Road_11,63.6,19.9,1,75.2,120,55.8,85.0,1576,Clear,None
2024-06-06,Silk Board,Road_7,64.0,26.0,1,83.0,190,65.4,66.8,3521,Cloudy,None
2022-12-30,Brigade Road,Road_2,73.8,20.2,1,82.4,99,64.3,78.6,1931,Rain,Major
2023-09-20,Silk Board,Road_1,79.6,12.3,3,83.8,203,44.7,61.0,1280,Clear,Minor
2024-03-10,Silk Board,Road_15,66.7,27.5,2,66.6,232,73.5,82.0,4776,Rain,Minor
2024-02-26,Electronic City,Road_15,99.0,9.0,3,92.5,205,44.9,76.0,3113,Cloudy,Major
2022-12-24,Electronic City,Road_10,60.0,20.3,1,63.9,51,59.8,87.0,1490,Clear,Major
2022-01-22,Electronic City,Road_14,82.0,10.8,1,84.8,200,36.5,60.4,3351,Clear,Major
2023-05-31,MG Road,Road_14,72.9,25.2,2,85.3,175,65.4,80.7,4726,Cloudy,None
2023-01-05,Indiranagar,Road_1,52.2,25.9,0,50.0,197,47.7,94.6,2285,Clear,None
2023-06-14,Whitefield,Road_8,51.2,26.9,0,50.0,107,31.8,77.6,1789,Clear,Major
2024-04-29,Brigade Road,Road_11,80.8,14.7,0,78.9,186,61.6,71.8,2949,Clear,Minor
2024-04-13,Indiranagar,Road_6,54.9,21.2,0,54.1,51,41.6,70.4,1430,Clear,Major
2023-02-17,Koramangala,Road_16,61.0,18.2,0,73.9,59,37.6,80.9,939,Clear,Major
2023-12-21,Indiranagar,Road_3,83.2,18.8,1,85.9,79,35.7,71.0,4466,Haze,None
2022-03-02,Indiranagar,Road_16,48.6,32.6,0,51.0,244,32.8,92.9,692,Cloudy,Minor
2024-01-21,Koramangala,Road_12,57.9,30.9,0,60.2,181,36.1,92.4,1530,Cloudy,Major
2022-06-12,Brigade Road,Road_8,79.0,20.3,0,87.5,207,49.1,86.1,1536,Cloudy,None
2023-03-05,Electronic City,Road_6,49.0,29.8,0,50.0,244,54.7,87.8,4575,Cloudy,Minor
2023-02-06,Whitefield,Road_15,76.1,21.4,1,80.6,228,49.3,75.7,661,Haze,Minor
2022-10-11,Indiranagar,Road_15,70.6,17.3,0,98.8,113,70.2,69.2,1746,Haze,Minor
2022-05-05,Koramangala,Road_16,54.9,31.5,0,75.9,73,33.3,89.9,3052,Clear,Major
2022-04-28,Whitefield,Road_1,91.3,9.4,1,99.1,81,60.8,82.3,1237,Cloudy,Minor
2023-11-15,MG Road,Road_11,72.9,23.8,1,94.1,70,47.4,75.3,3931,Cloudy,Major
2023-07-06,Brigade Road,Road_2,69.0,12.3,2,72.5,51,56.9,75.7,4603,Clear,Major
2023-09-25,Silk Board,Road_5,74.7,24.8,1,86.7,211,48.1,86.8,1242,Rain,Major
2023-12-10,Electronic City,Road_9,81.0,13.1,1,96.3,215,72.9,91.5,4644,Cloudy,Major
2022-11-03,MG Road,Road_13,78.4,15.6,0,93.1,179,45.5,66.0,4634,Haze,None
2023-05-21,Electronic City,Road_5,73.4,19.4,0,70.1,131,73.7,62.1,1671,Clear,Major
2024-02-13,MG Road,Road_1,75.5,14.5,0,83.0,71,37.5,62.3,787,Clear,None
2022-06-22,Whitefield,Road_4,73.7,18.5,0,78.9,103,74.5,65.1,1043,Rain,Minor
2024-06-11,Electronic City,Road_16,63.5,26.3,0,61.2,140,56.1,94.7,2488,Haze,Major
2022-11-23,Silk Board,Road_9,72.8,24.9,1,82.5,74,39.8,83.0,4559,Haze,Major
2022-08-16,Indiranagar,Road_4,75.0,23.4,2,96.1,234,61.2,90.5,1139,Rain,Minor
2023-12-20,Brigade Road,Road_13,72.3,10.8,0,82.0,152,70.6,80.7,762,Rain,Minor
2022-11-07,Silk Board,Road_6,74.7,10.2,0,69.4,197,42.8,60.8,3647,Cloudy,None
2023-02-01,Silk Board,Road_1,76.9,20.4,2,68.8,132,41.0,60.9,1796,Clear,Minor
2023-02-12,Koramangala,Road_4,66.0,18.1,0,80.3,143,52.3,69.5,2546,Cloudy,None
2023-04-12,Indiranagar,Road_3,66.2,17.8,1,80.0,91,70.6,66.3,1813,Rain,Minor
2023-06-15,Electronic City,Road_7,85.3,24.5,2,94.9,233,40.6,74.5,3716,Cloudy,None
2023-06-28,Brigade Road,Road_8,76.5,19.0,1,79.7,84,74.9,61.0,3470,Haze,Major
2024-06-22,Indiranagar,Road_14,68.9,24.8,1,68.0,99,59.1,74.1,1893,Clear,Minor
2023-05-02,Marathahalli,Road_9,67.4,14.2,1,84.3,159,50.9,92.2,4981,Clear,Major
2022-01-27,Koramangala,Road_14,83.0,15.4,1,100.0,74,70.2,77.6,2732,Rain,None
2022-08-15,Koramangala,Road_6,51.4,26.6,0,68.4,234,45.7,61.0,2485,Haze,Major
2024-01-15,Koramangala,Road_14,72.6,16.1,2,66.4,118,63.9,60.6,2262,Cloudy,None
2024-04-29,Electronic City,Road_3,87.5,8.0,2,99.2,201,36.9,91.3,2089,Cloudy,None
2022-09-26,Marathahalli,Road_13,66.5,18.2,0,66.3,200,46.5,60.7,1969,Cloudy,Minor
2023-07-11,Silk Board,Road_13,49.6,31.5,0,50.0,146,65.3,82.9,4982,Haze,Minor
2022-04-25,Whitefield,Road_12,83.6,13.0,0,100.0,150,41.0,78.7,2678,Haze,Major
2022-09-17,Silk Board,Road_13,39.1,28.0,0,56.5,218,61.3,83.9,1101,Cloudy,Major
2022-03-30,Indiranagar,Road_16,68.4,17.1,1,87.7,146,63.0,73.9,4473,Rain,None
2023-02-23,Brigade Road,Road_10,78.2,18.5,0,91.4,242,74.2,79.9,567,Rain,None
2022-09-28,MG Road,Road_13,79.4,14.3,2,80.0,218,53.7,90.2,3430,Haze,Minor
2023-11-10,Koramangala,Road_11,74.8,12.8,0,65.7,192,39.2,61.0,4407,Clear,Minor
2024-03-31,Whitefield,Road_16,69.7,23.8,1,80.7,185,32.7,80.3,1384,Haze,Minor
2024-06-22,MG Road,Road_12,69.5,20.6,1,84.3,76,33.0,93.6,4275,Clear,Major
2024-03-15,Koramangala,Road_2,47.8,32.5,0,50.0,74,69.8,79.0,4118,Cloudy,Major
2024-01-11,Brigade Road,Road_4,73.8,28.4,3,85.4,61,58.1,79.1,3427,Rain,None
2023-01-18,Koramangala,Road_11,79.7,20.7,0,87.4,125,55.6,93.2,2108,Clear,Major
2023-08-20,Indiranagar,Road_2,62.7,20.8,1,56.7,76,42.2,88.1,1955,Cloudy,Minor
2024-02-19,Marathahalli,Road_10,76.8,19.2,0,97.2,172,44.7,60.6,2260,Haze,Minor
2022-06-20,Brigade Road,Road_15,85.6,15.5,0,99.4,226,33.6,91.2,3485,Haze,Major
2023-12-26,Brigade Road,Road_12,47.7,29.4,0,52.4,218,46.1,64.3,4720,Cloudy,Major
2022-04-28,Whitefield,Road_2,70.3,21.5,0,74.3,129,67.1,89.8,2833,Clear,Major
2022-02-16,Silk Board,Road_8,71.3,14.4,0,75.4,227,31.0,78.3,4853,Haze,Major
2024-01-16,Silk Board,Road_3,60.8,20.8,1,66.3,218,64.5,78.3,2250,Rain,None
2024-02-23,Marathahalli,Road_11,78.3,19.0,0,81.4,197,46.1,63.6,1421,Haze,Major
2022-05-19,Brigade Road,Road_12,82.6,19.3,1,90.0,215,36.5,84.9,2531,Clear,Minor
2024-02-28,Silk Board,Road_1,41.3,37.9,0,50.0,125,56.2,80.7,4965,Rain,Major
2024-03-19,Silk Board,Road_3,65.0,21.8,1,64.9,89,44.0,61.1,3817,Haze,Major
2024-08-06,Silk Board,Road_11,73.8,17.4,1,68.7,135,55.0,60.7,2574,Rain,Major
2023-12-11,Brigade Road,Road_9,83.1,21.7,0,86.8,81,55.3,68.0,4393,Rain,Major
2024-02-27,Electronic City,Road_1,58.8,27.2,0,60.0,232,64.7,64.5,3825,Cloudy,Major
2023-06-12,Whitefield,Road_12,81.5,20.9,0,96.1,179,50.0,69.0,4708,Clear,Minor
2024-06-04,MG Road,Road_3,79.3,15.1,2,72.7,203,33.5,89.9,4685,Haze,Major
2024-08-11,Koramangala,Road_15,68.7,22.7,3,72.4,170,47.5,89.0,1488,Cloudy,None
2023-12-04,Whitefield,Road_8,87.1,18.7,2,100.0,113,31.9,64.3,738,Rain,Major
2023-05-15,Whitefield,Road_13,62.1,20.0,2,74.3,109,65.5,89.3,1139,Rain,Minor
2023-03-05,MG Road,Road_11,79.8,20.3,0,93.1,220,58.7,69.5,4870,Clear,Major
2024-07-29,Indiranagar,Road_13,85.1,17.0,2,86.7,73,61.1,91.4,2650,Rain,None
2023-04-20,Koramangala,Road_1,80.3,9.8,0,83.6,125,34.0,62.7,3313,Cloudy,None
2022-04-01,MG Road,Road_4,82.5,15.4,1,95.2,186,38.3,78.5,4346,Clear,Major
2023-12-22,Marathahalli,Road_3,66.4,20.7,0,72.4,198,49.1,72.9,2952,Cloudy,None
2023-01-01,Electronic City,Road_9,77.3,19.8,4,96.7,231,53.7,74.8,1133,Clear,Minor
2023-08-07,Marathahalli,Road_3,60.7,25.6,1,64.5,223,56.3,94.7,1786,Haze,Major
2024-07-18,Electronic City,Road_4,99.0,8.0,2,90.8,214,41.8,94.1,512,Clear,Minor
2024-06-23,Electronic City,Road_8,70.2,16.2,2,95.2,196,63.4,75.9,3476,Rain,Minor
2024-06-11,Electronic City,Road_15,73.0,18.0,1,75.9,203,55.9,81.2,3112,Cloudy,Minor
2023-11-20,Brigade Road,Road_5,82.8,22.5,1,87.8,115,68.8,85.5,3164,Clear,None
2022-02-02,Indiranagar,Road_6,65.9,24.1,0,84.5,203,34.2,60.2,2672,Rain,None
2023-12-25,MG Road,Road_9,82.0,15.8,2,81.0,167,32.7,84.9,2999,Cloudy,Minor
2022-09-15,Koramangala,Road_13,64.3,23.0,1,69.0,120,55.0,71.3,1420,Clear,Major
2022-06-20,Indiranagar,Road_9,82.6,11.4,1,65.7,180,51.0,79.6,2572,Rain,Minor
2022-04-10,Silk Board,Road_14,68.6,14.7,0,74.5,58,40.4,62.8,4482,Clear,Major
2023-05-05,Brigade Road,Road_16,63.4,23.3,0,57.5,101,43.7,86.4,1028,Clear,None
2024-06-22,Electronic City,Road_12,85.6,21.1,4,93.6,139,60.7,86.0,2421,Clear,None
2023-10-09,Brigade Road,Road_13,75.4,15.6,0,75.4,131,54.4,89.9,1432,Haze,Major
2024-01-06,MG Road,Road_9,63.1,17.3,1,70.8,127,61.2,66.1,3123,Clear,Major
2024-08-13,Koramangala,Road_4,79.2,17.0,1,78.4,83,31.2,62.3,3091,Clear,None
2022-07-05,Marathahalli,Road_10,73.3,16.9,2,81.9,121,71.7,92.1,1093,Rain,None
2022-09-19,Marathahalli,Road_2,56.7,21.8,0,58.0,71,36.7,73.2,1309,Rain,Minor
2024-05-07,Electronic City,Road_2,58.6,27.4,1,67.8,92,42.7,78.2,3285,Haze,Major
2023-05-04,Whitefield,Road_10,60.9,21.5,0,57.3,211,62.2,84.0,3603,Rain,None
2022-09-22,Brigade Road,Road_14,86.1,8.4,3,96.3,116,69.5,66.5,3244,Clear,Minor
2023-02-05,Whitefield,Road_12,90.5,16.8,1,95.2,111,37.7,77.2,2639,Clear,Major
2023-11-27,Brigade Road,Road_11,66.3,15.2,1,73.1,194,47.5,91.9,3192,Cloudy,Major
2023-11-17,Koramangala,Road_3,53.4,23.4,0,50.0,185,43.8,94.4,1856,Cloudy,Major
2023-05-24,Whitefield,Road_12,67.5,23.4,0,63.6,242,66.2,70.3,4312,Clear,Major
2022-11-03,Koramangala,Road_1,79.6,15.5,2,77.0,205,45.0,75.7,1245,Haze,Major
2023-09-07,Silk Board,Road_8,69.2,14.6,0,70.6,138,56.7,60.2,4759,Cloudy,Minor
2023-09-01,Brigade Road,Road_5,65.2,24.9,0,73.3,80,44.5,91.6,3067,Cloudy,None
2024-04-05,Koramangala,Road_1,72.8,16.8,0,64.1,192,51.7,73.6,913,Rain,Minor
2023-05-31,Indiranagar,Road_6,69.1,19.8,3,70.5,134,40.8,79.8,2564,Rain,None
2024-06-16,Brigade Road,Road_12,54.7,26.4,0,64.5,127,34.5,61.8,3886,Cloudy,Major
2024-08-09,Brigade Road,Road_8,60.2,21.5,0,57.5,184,48.1,62.9,3853,Clear,Major
2023-04-08,MG Road,Road_13,52.1,25.7,0,64.5,182,61.4,74.1,2169,Cloudy,Minor
2023-11-20,Indiranagar,Road_11,65.0,17.0,0,56.1,76,60.6,69.0,4445,Clear,None
2023-04-01,Brigade Road,Road_13,73.7,20.3,2,72.4,91,36.6,81.5,1139,Rain,Minor
2024-02-16,Indiranagar,Road_9,91.3,12.2,1,100.0,152,70.9,69.3,4532,Rain,Minor
2023-12-14,Marathahalli,Road_15,77.3,19.7,0,67.6,171,69.4,92.0,4176,Cloudy,Major
2023-06-03,MG Road,Road_6,76.5,9.6,0,77.6,80,74.9,65.9,4964,Rain,None
2022-07-24,Electronic City,Road_13,65.2,11.1,0,59.9,197,54.8,84.0,2416,Rain,Major
2022-04-22,Brigade Road,Road_4,63.2,24.4,2,66.9,168,43.8,77.4,1192,Haze,None
2022-02-03,Electronic City,Road_3,79.5,8.7,0,86.1,152,44.3,79.9,4239,Haze,Minor
2022-07-29,Koramangala,Road_1,75.6,18.9,1,87.8,158,38.6,93.3,4581,Haze,None
2023-03-24,MG Road,Road_10,80.0,21.4,0,80.3,178,45.8,68.5,2340,Clear,Minor
2023-08-14,Marathahalli,Road_10,67.5,20.3,1,78.4,89,50.8,71.6,2252,Clear,Minor
2022-09-20,Whitefield,Road_14,50.4,26.6,0,57.1,233,62.2,90.8,1086,Clear,Minor
2024-08-06,Marathahalli,Road_14,55.4,26.5,0,64.7,99,59.0,87.3,1722,Clear,Minor
2023-10-28,Whitefield,Road_8,86.7,12.9,2,98.4,65,46.4,64.3,546,Clear,None
2022-03-02,Silk Board,Road_14,97.9,10.4,2,100.0,159,61.7,70.5,1397,Rain,Major
2023-11-09,Brigade Road,Road_16,99.0,11.1,3,100.0,87,50.5,86.6,3453,Haze,Minor
2024-06-27,Electronic City,Road_15,52.5,22.9,0,66.0,236,40.0,77.9,935,Clear,None
2022-06-02,MG Road,Road_13,76.4,8.0,1,73.6,75,71.6,61.6,2367,Haze,None
2022-04-16,Electronic City,Road_14,62.9,22.0,1,66.1,142,70.4,83.4,1942,Haze,None
2023-10-30,Electronic City,Road_2,60.7,26.0,0,61.8,202,52.2,74.6,2053,Rain,Major
2023-01-05,Whitefield,Road_11,58.1,28.6,0,62.7,145,47.8,73.2,1645,Rain,Major
2023-11-20,Electronic City,Road_9,63.8,31.5,0,70.0,110,30.0,82.4,1832,Rain,None
2023-05-25,Koramangala,Road_2,86.2,15.9,2,78.9,58,64.9,84.4,528,Clear,Major
2023-05-02,MG Road,Road_16,81.1,17.8,0,85.0,77,62.6,79.0,631,Clear,None
2022-05-13,Indiranagar,Road_1,87.7,10.9,1,75.9,59,66.6,68.0,1031,Haze,Major
2024-03-14,Indiranagar,Road_9,78.3,17.3,1,85.1,52,60.5,85.6,2197,Clear,None
2023-03-19,MG Road,Road_12,64.4,20.5,0,56.5,103,34.3,72.5,3367,Haze,None
2024-06-16,Silk Board,Road_13,63.4,27.0,0,84.1,162,48.5,67.1,951,Cloudy,Major
2024-06-16,Indiranagar,Road_13,60.3,26.3,0,67.9,108,41.1,61.8,1851,Clear,Minor
2024-03-29,Whitefield,Road_9,85.1,15.3,0,100.0,223,57.1,68.3,3045,Rain,Major
2024-05-01,MG Road,Road_16,82.4,18.5,1,100.0,116,33.2,77.7,2168,Clear,Major
2023-10-23,Electronic City,Road_10,63.5,25.5,3,72.5,56,71.8,68.4,4029,Clear,Major
2024-02-12,MG Road,Road_8,66.9,23.7,0,80.4,204,59.1,79.4,4343,Rain,Minor
2023-05-03,Silk Board,Road_3,75.4,17.6,1,79.6,181,54.0,69.3,4738,Clear,Major
2023-02-05,Electronic City,Road_3,44.5,28.3,0,50.0,148,37.0,86.9,2272,Rain,Minor
2023-02-05,Brigade Road,Road_8,69.9,22.2,1,71.0,60,56.4,72.6,3210,Haze,Major
2024-02-08,Electronic City,Road_10,76.4,26.2,2,82.6,174,67.4,78.8,590,Clear,Major
2022-01-23,Indiranagar,Road_15,49.8,28.5,0,50.0,220,60.6,90.9,2377,Rain,Major
2024-03-09,Koramangala,Road_12,82.0,17.6,2,79.8,108,44.7,72.3,976,Rain,Minor
2023-04-23,Brigade Road,Road_13,76.2,18.2,0,78.8,126,45.0,68.3,3784,Clear,Minor
2022-08-19,Whitefield,Road_3,68.6,15.8,0,65.8,105,53.8,85.0,1899,Cloudy,Major
2024-04-09,Silk Board,Road_9,77.8,15.1,0,95.9,140,55.6,76.2,3364,Haze,Minor
2023-10-04,Marathahalli,Road_4,86.1,11.9,1,90.2,149,47.3,80.3,1698,Haze,Minor
2022-07-31,Indiranagar,Road_9,62.5,27.2,0,72.4,145,65.3,74.8,2812,Haze,Major
2023-05-30,Whitefield,Road_5,55.8,19.9,1,58.9,149,44.1,72.4,3540,Clear,Minor
2024-08-03,Marathahalli,Road_13,66.2,19.4,0,82.5,114,72.8,84.4,1354,Rain,Minor
2024-05-26,Marathahalli,Road_1,75.7,26.8,3,82.4,144,41.7,79.5,1421,Cloudy,Major
2022-04-09,Electronic City,Road_11,67.4,22.8,0,67.4,129,47.0,60.5,2675,Clear,Minor
2023-01-15,Electronic City,Road_6,71.7,21.4,1,81.4,166,47.6,70.3,1687,Clear,Major
2022-03-01,Brigade Road,Road_6,59.4,21.2,0,60.2,224,55.2,91.3,2551,Haze,Major
2023-10-06,MG Road,Road_13,49.1,28.9,0,50.0,160,30.3,75.6,1538,Rain,Major
2023-10-10,Whitefield,Road_9,81.6,23.2,5,78.9,114,41.8,75.9,2764,Clear,Major
2023-02-23,Brigade Road,Road_12,62.8,33.6,1,68.3,80,60.4,68.6,4503,Rain,None
2023-10-09,Electronic City,Road_14,86.8,20.8,2,100.0,133,60.2,93.8,2667,Haze,None
2022-12-24,MG Road,Road_6,52.6,27.8,0,50.0,165,47.0,94.0,2653,Rain,None
2024-03-11,Indiranagar,Road_5,77.0,16.9,2,82.0,188,70.2,79.6,2694,Cloudy,Minor
2023-09-21,Marathahalli,Road_3,64.5,26.6,1,63.0,99,50.4,63.6,2595,Haze,None
2023-07-27,MG Road,Road_13,67.9,14.7,1,61.0,89,55.1,63.9,1478,Haze,Major
2024-03-17,Indiranagar,Road_3,62.6,17.3,0,69.9,133,34.8,66.6,3081,Clear,Minor
2024-02-29,Marathahalli,Road_8,58.3,19.6,0,50.2,96,71.1,87.2,2405,Haze,None
2024-03-26,Whitefield,Road_8,66.0,22.1,0,64.6,236,35.7,74.9,1556,Haze,Minor
2024-03-26,Koramangala,Road_10,89.9,10.6,2,87.6,89,55.7,88.4,943,Cloudy,Major
2023-01-04,Whitefield,Road_15,57.2,31.1,0,55.0,71,59.0,93.0,3293,Rain,Major
2022-09-26,Electronic City,Road_6,60.3,27.1,1,60.7,176,40.7,82.9,519,Cloudy,Minor
2022-08-24,Electronic City,Road_2,91.5,12.3,2,100.0,62,45.0,69.8,1615,Haze,Minor
2023-06-10,Indiranagar,Road_10,82.2,13.6,1,88.1,170,66.7,76.3,1559,Clear,None
2022-06-30,MG Road,Road_7,58.4,21.7,1,56.5,213,50.8,75.6,3065,Cloudy,None
2022-09-02,Silk Board,Road_6,53.5,25.3,0,72.8,199,74.3,65.4,3579,Haze,Minor
2023-05-18,Brigade Road,Road_12,71.6,17.5,1,74.3,221,57.3,78.6,3535,Rain,None
2024-01-08,Koramangala,Road_16,82.4,23.7,1,85.9,232,55.5,69.4,4923,Clear,None
2023-12-15,Koramangala,Road_1,69.5,22.5,3,78.0,199,45.5,65.5,898,Clear,Minor
2024-03-30,Indiranagar,Road_3,84.8,18.8,0,93.1,192,64.8,92.8,2231,Cloudy,Major
2023-03-22,Silk Board,Road_3,65.5,26.2,0,58.4,179,57.0,76.7,3334,Rain,Major
2024-02-13,Indiranagar,Road_10,81.5,17.2,1,86.8,248,53.2,63.3,1978,Rain,Minor
2022-04-26,Indiranagar,Road_10,77.9,16.4,0,72.7,222,47.4,91.8,4439,Rain,Minor
2024-07-08,Whitefield,Road_9,86.7,10.6,3,97.9,51,74.9,81.1,3659,Haze,None
2022-03-09,MG Road,Road_16,84.1,11.1,3,88.5,141,64.7,65.2,4574,Rain,Major
2024-07-26,Brigade Road,Road_13,74.3,23.7,2,85.6,144,44.5,78.8,2538,Rain,None
2022-09-03,Marathahalli,Road_14,71.7,22.9,3,82.6,229,36.5,94.2,3275,Cloudy,Major
2022-10-22,Silk Board,Road_1,66.6,16.3,0,68.2,205,72.5,89.5,1816,Haze,Minor
2023-10-15,Marathahalli,Road_14,60.8,21.2,1,55.6,167,64.8,62.8,4154,Clear,Major
2024-07-28,Brigade Road,Road_1,81.5,25.5,1,80.0,137,45.1,79.7,964,Clear,Major
2022-10-10,Silk Board,Road_15,56.7,24.9,0,57.5,134,59.6,76.0,4116,Rain,Minor
2024-05-15,Whitefield,Road_11,50.2,23.4,0,56.6,82,68.4,74.7,2296,Haze,None
2023-10-30,Silk Board,Road_15,58.7,21.9,0,63.8,168,72.3,61.9,4205,Rain,None
2023-02-09,Whitefield,Road_16,72.4,19.5,1,82.1,151,54.7,89.5,3377,Cloudy,Minor
2022-08-02,Silk Board,Road_13,53.9,27.8,0,62.1,167,59.3,88.6,2392,Haze,Minor
2023-10-24,Koramangala,Road_2,78.2,14.3,0,86.6,147,51.3,83.4,4610,Haze,None
2022-05-11,Whitefield,Road_16,49.3,24.4,1,55.7,238,52.9,72.2,3174,Rain,None
2024-05-25,Electronic City,Road_16,73.2,18.2,1,79.9,107,53.2,78.5,4075,Cloudy,Major
2023-04-06,Indiranagar,Road_3,71.5,14.5,0,81.3,192,63.1,73.7,2438,Rain,Major
2023-05-18,Silk Board,Road_16,40.9,29.1,0,50.0,117,62.9,81.8,1674,Clear,Major
2024-07-22,Electronic City,Road_9,76.5,16.9,1,71.7,223,40.4,62.2,2100,Rain,Minor
2024-05-08,Brigade Road,Road_10,59.3,13.4,0,67.4,185,74.0,74.2,3815,Clear,Minor
2022-05-27,MG Road,Road_2,68.0,26.0,1,68.6,175,46.6,88.7,1803,Cloudy,Major
2023-05-13,Whitefield,Road_5,49.3,26.3,0,50.0,116,45.2,74.3,4833,Haze,Major
2022-03-07,Brigade Road,Road_4,62.5,29.9,1,58.4,231,70.4,71.4,2822,Cloudy,Major
2024-06-03,Indiranagar,Road_15,65.1,20.0,3,66.5,90,53.3,73.3,1808,Cloudy,Minor
2024-03-28,Koramangala,Road_1,99.0,13.6,1,100.0,212,41.9,64.6,4993,Haze,None
2023-03-15,Marathahalli,Road_11,71.0,20.3,0,73.9,74,60.7,62.0,2870,Rain,None
2023-07-25,Whitefield,Road_12,71.4,22.6,0,83.6,91,66.7,71.5,1640,Rain,Minor
2022-07-12,Marathahalli,Road_6,67.4,24.1,0,63.5,139,59.1,76.0,2908,Rain,Minor
2023-03-01,MG Road,Road_9,66.0,21.2,0,71.3,146,66.5,67.4,1998,Haze,Minor
2022-03-29,Indiranagar,Road_7,55.0,25.0,0,59.5,53,46.4,84.6,4753,Cloudy,Major
2023-10-12,Indiranagar,Road_6,66.8,20.7,0,75.9,228,32.5,70.9,919,Haze,Minor
2024-04-24,MG Road,Road_12,48.8,26.6,0,50.6,196,48.7,80.9,4621,Rain,Minor
2024-06-30,MG Road,Road_1,64.4,25.1,0,52.7,89,71.8,84.9,1567,Rain,Major
2024-04-10,Whitefield,Road_12,79.9,21.6,0,100.0,60,71.2,88.1,2217,Haze,Major
2024-04-22,Electronic City,Road_5,77.1,18.0,1,84.2,144,59.9,66.6,1341,Rain,Major
2023-02-09,Electronic City,Road_8,75.3,18.4,0,77.0,92,31.7,83.3,2731,Haze,Minor
2022-01-24,Indiranagar,Road_10,49.5,24.4,0,50.0,69,64.4,65.8,1677,Rain,Minor
2022-08-14,Indiranagar,Road_7,69.5,16.5,0,74.9,61,58.5,80.4,2632,Clear,None
2022-04-01,Indiranagar,Road_16,72.0,22.6,0,79.9,217,43.9,65.6,3121,Clear,Minor
2024-04-03,Brigade Road,Road_16,64.8,23.7,0,74.1,80,60.1,83.8,2487,Clear,Minor
2022-06-06,Brigade Road,Road_15,67.5,20.3,1,85.4,91,74.4,75.0,4560,Rain,None
2023-02-27,Koramangala,Road_11,87.6,18.1,0,90.6,237,66.0,69.8,529,Haze,None
2023-09-07,Silk Board,Road_7,64.1,20.2,0,74.6,228,49.5,93.2,3249,Clear,Major
2023-04-01,Electronic City,Road_2,72.6,22.6,0,87.1,238,58.6,76.4,2143,Cloudy,Minor
2024-04-10,MG Road,Road_14,68.5,24.9,1,94.2,178,48.6,91.1,906,Clear,Major
2022-04-26,Electronic City,Road_12,86.5,13.2,0,94.3,153,56.3,65.7,873,Rain,None
2023-09-20,Marathahalli,Road_8,80.7,23.6,1,80.7,119,33.0,66.0,3952,Rain,Minor
2022-10-01,Silk Board,Road_8,88.5,12.1,3,97.2,65,59.3,66.8,3242,Haze,None
2023-08-14,Marathahalli,Road_4,72.7,19.6,3,76.8,229,48.3,84.2,1513,Haze,Minor
2022-01-08,Electronic City,Road_1,86.4,16.6,3,87.6,127,59.0,86.7,1149,Haze,Minor
2023-08-09,Koramangala,Road_8,62.5,23.2,1,61.0,87,51.7,78.8,2475,Rain,None
2023-03-09,Whitefield,Road_6,91.7,9.7,2,91.0,86,55.6,87.8,4941,Rain,Minor
2023-01-24,Koramangala,Road_5,86.0,13.0,5,85.3,64,72.8,80.0,2209,Clear,None
2024-02-04,Koramangala,Road_11,74.4,22.4,1,85.7,121,33.4,80.3,2780,Cloudy,Major
2024-05-02,Silk Board,Road_10,83.8,12.1,1,93.0,148,57.7,67.9,1247,Cloudy,Minor
2024-06-19,MG Road,Road_4,45.7,31.0,0,60.2,206,32.9,87.3,1064,Rain,Minor
2022-10-16,Koramangala,Road_14,66.3,22.2,1,68.9,73,36.1,60.8,2015,Rain,None
2024-06-29,Indiranagar,Road_13,67.3,21.1,2,74.4,180,32.7,63.8,2538,Rain,Major
2024-03-04,Indiranagar,Road_14,98.9,14.3,3,100.0,104,34.9,83.1,2078,Haze,Minor
2022-04-11,Koramangala,Road_8,73.4,25.5,3,79.6,98,46.1,76.4,3061,Rain,Minor
2023-11-23,Koramangala,Road_1,61.9,20.2,0,60.3,171,46.2,63.3,864,Rain,Major
2023-12-25,Electronic City,Road_14,76.7,19.0,0,70.6,176,30.6,62.4,3420,Cloudy,None
2022-09-02,Marathahalli,Road_7,88.9,14.8,2,88.3,119,74.9,68.7,1822,Cloudy,None
2023-12-07,MG Road,Road_14,79.6,12.4,0,71.9,139,59.1,76.6,2028,Haze,Minor
2022-12-04,Indiranagar,Road_15,67.1,19.1,0,64.1,178,66.8,92.3,1388,Rain,Minor
2022-11-18,MG Road,Road_14,71.8,19.8,2,77.0,178,58.7,79.1,3861,Clear,Major
2023-07-04,Whitefield,Road_7,53.2,27.2,0,61.1,96,71.5,77.1,3227,Clear,None
2023-11-20,Silk Board,Road_8,46.0,31.3,0,53.0,69,65.7,78.2,2054,Cloudy,None
2023-04-21,Whitefield,Road_4,66.2,19.8,2,78.8,119,53.0,81.5,4337,Rain,Major
2024-03-06,Whitefield,Road_1,64.6,22.3,0,61.1,76,69.2,63.2,1284,Haze,None
2023-01-01,Koramangala,Road_9,66.4,23.3,0,65.2,142,35.5,62.1,4767,Haze,None
2022-09-03,Electronic City,Road_1,82.7,18.1,2,85.9,177,70.9,82.1,4394,Rain,Minor
2023-01-21,Indiranagar,Road_11,61.5,23.4,2,73.9,168,56.9,62.9,1356,Rain,Minor
2023-05-06,Indiranagar,Road_4,63.3,21.5,1,55.4,138,56.6,93.8,2172,Haze,Minor
2023-12-03,Koramangala,Road_15,81.0,19.7,0,87.9,82,50.4,93.1,4381,Rain,Major
2023-07-16,Brigade Road,Road_1,64.2,22.1,0,67.6,208,53.5,79.5,2008,Rain,Minor
2023-07-19,Brigade Road,Road_16,40.9,31.5,0,51.0,79,39.7,86.3,2830,Haze,Minor
2024-04-18,MG Road,Road_13,67.3,25.0,3,62.2,113,71.9,67.3,2714,Clear,Major
2022-10-01,Marathahalli,Road_8,70.6,20.2,0,74.0,108,47.8,84.6,2042,Clear,None
2022-06-05,Indiranagar,Road_15,82.9,14.9,3,89.4,131,33.8,80.0,3960,Clear,Minor
2023-11-28,Electronic City,Road_8,41.2,29.0,0,60.1,123,62.9,65.3,757,Clear,Major
2023-04-01,Electronic City,Road_7,57.6,22.8,0,50.0,226,52.3,80.8,2730,Clear,Minor
2022-04-25,Koramangala,Road_10,90.6,9.2,4,87.5,216,60.9,72.9,3041,Cloudy,None
2023-04-27,Electronic City,Road_2,73.4,24.4,2,74.2,197,41.4,72.7,2792,Rain,Minor
2022-11-11,Silk Board,Road_4,89.7,13.7,2,99.3,206,70.6,65.8,734,Haze,Major
2023-03-07,Marathahalli,Road_2,67.7,19.9,1,77.2,210,55.8,79.7,2121,Clear,Major
2023-01-29,Electronic City,Road_8,75.6,21.5,2,88.1,183,75.0,61.3,3263,Cloudy,Major
2023-05-19,Marathahalli,Road_2,70.0,25.9,0,71.7,102,69.9,63.4,1249,Clear,Minor
2022-09-12,Koramangala,Road_11,59.6,32.7,0,70.2,93,38.2,75.4,4499,Rain,Minor
2022-07-13,Whitefield,Road_10,69.7,16.2,0,68.7,88,68.6,87.4,3091,Rain,Minor
2023-07-13,MG Road,Road_9,77.0,21.1,0,72.9,247,41.2,92.5,1468,Cloudy,Major
2023-01-20,Marathahalli,Road_15,75.6,14.1,2,89.2,188,52.1,88.8,3360,Haze,None
2023-07-15,Brigade Road,Road_15,70.7,31.7,1,76.3,154,47.9,70.3,3165,Clear,Minor
2024-03-27,MG Road,Road_4,78.3,16.0,3,80.1,194,36.7,72.1,3758,Haze,Major
2022-11-18,Silk Board,Road_3,81.5,15.3,0,84.5,65,31.9,65.2,1247,Rain,Minor
2022-10-20,Silk Board,Road_13,59.1,22.3,0,67.4,233,72.8,71.0,3789,Cloudy,Minor
2022-11-22,Indiranagar,Road_1,67.8,21.9,3,80.9,50,45.9,64.7,3704,Clear,Major
2022-06-20,Indiranagar,Road_2,67.6,23.3,0,79.0,129,42.8,64.0,2654,Cloudy,Minor
2024-07-02,Indiranagar,Road_14,79.8,14.1,3,100.0,199,52.9,75.3,4453,Rain,None
2024-04-21,Electronic City,Road_2,65.7,18.9,0,67.9,151,60.2,62.5,2100,Haze,Minor
2022-09-12,Koramangala,Road_8,58.8,25.7,1,67.2,102,30.8,87.0,769,Clear,None
2023-09-13,Electronic City,Road_8,73.6,19.1,2,77.1,225,45.3,88.3,3757,Clear,Major
2024-06-23,Silk Board,Road_6,83.7,22.1,3,96.1,95,51.0,94.2,3558,Cloudy,None
2024-08-09,Koramangala,Road_12,72.3,16.2,4,63.0,218,46.7,91.8,3743,Clear,Major
2024-04-05,Indiranagar,Road_6,51.2,26.7,0,50.0,94,36.7,79.2,4697,Rain,Minor
2024-04-02,Brigade Road,Road_15,53.2,29.0,1,58.5,136,47.5,81.5,727,Cloudy,Minor
2022-06-21,Electronic City,Road_13,71.4,18.4,2,82.7,245,52.5,70.8,4149,Haze,Minor
2024-03-22,Brigade Road,Road_3,70.5,21.5,0,69.3,184,48.4,90.9,2810,Clear,Major
2022-02-15,Indiranagar,Road_7,73.4,17.3,2,86.8,53,62.8,72.4,2619,Clear,Major
2023-08-18,Indiranagar,Road_11,84.3,14.7,2,89.6,127,51.3,90.7,4178,Haze,Minor
2023-02-03,Whitefield,Road_5,86.3,9.9,0,100.0,183,55.7,79.2,737,Clear,None
2023-09-01,Electronic City,Road_13,78.5,16.1,1,93.2,192,42.8,84.0,803,Rain,None
2023-11-21,Marathahalli,Road_1,77.8,13.0,0,81.8,91,67.7,75.1,3225,Clear,Minor
2022-04-16,Marathahalli,Road_13,82.0,23.3,0,94.8,109,51.8,68.8,1842,Clear,None
2022-12-02,Electronic City,Road_15,76.2,13.8,2,75.5,180,64.8,70.0,1772,Rain,Minor
2023-04-28,Koramangala,Road_13,61.7,22.5,0,72.8,63,53.1,79.3,3616,Rain,Minor
2023-07-04,MG Road,Road_12,79.8,12.7,4,87.3,175,66.2,94.4,3814,Clear,None
2023-02-03,Electronic City,Road_13,96.0,15.3,3,88.9,86,42.7,64.8,3072,Haze,Minor
2023-08-19,Silk Board,Road_4,88.7,14.2,1,97.2,180,37.8,70.5,1289,Haze,None
2022-04-15,Electronic City,Road_12,79.1,17.2,2,90.5,70,64.8,89.2,2552,Cloudy,None
2023-11-09,Brigade Road,Road_7,74.8,20.9,0,72.0,106,48.9,92.6,4747,Rain,Major
2023-12-02,Indiranagar,Road_1,83.9,19.8,2,89.6,246,70.6,74.7,4522,Rain,Minor
2023-01-30,Whitefield,Road_9,84.8,19.3,0,100.0,156,68.2,60.7,1119,Cloudy,Minor
2022-01-10,Indiranagar,Road_16,67.2,23.9,1,54.8,87,38.5,76.1,2395,Clear,Minor
2022-08-13,Koramangala,Road_9,68.6,24.3,0,67.5,138,48.0,67.8,3781,Haze,Major
2022-06-11,Koramangala,Road_12,85.0,16.3,1,90.9,237,63.4,94.6,3084,Rain,Major
2023-02-20,Whitefield,Road_5,52.1,34.4,0,61.6,203,35.7,85.5,2157,Rain,Minor
2023-03-26,Whitefield,Road_3,83.6,14.8,3,89.1,108,58.5,90.2,4056,Rain,Major
2024-03-23,MG Road,Road_1,56.0,26.4,0,54.9,184,47.2,85.0,4560,Haze,Minor
2022-04-25,Koramangala,Road_6,74.0,21.6,0,89.3,136,41.1,72.2,879,Clear,Major
2022-08-07,Silk Board,Road_5,63.2,25.9,0,64.0,59,42.0,64.8,2961,Rain,Minor
2024-03-22,Silk Board,Road_1,91.2,12.6,3,83.7,69,36.1,61.2,3054,Haze,Major
2023-07-25,Electronic City,Road_14,66.7,21.0,0,74.9,246,52.0,73.2,4404,Cloudy,Major
2023-04-29,Indiranagar,Road_8,68.0,28.3,1,66.1,56,34.1,88.7,1077,Clear,None
2022-05-01,Electronic City,Road_7,97.3,8.0,2,100.0,132,38.2,79.0,4207,Clear,Minor
2022-07-08,Brigade Road,Road_8,50.0,31.4,0,50.0,153,42.6,85.9,4935,Rain,Major
2024-03-01,Silk Board,Road_4,71.9,22.1,1,56.0,105,57.3,76.7,4738,Rain,Minor
2024-07-02,Silk Board,Road_12,63.4,18.4,1,72.3,122,59.7,88.0,2535,Clear,Major
2023-01-11,Electronic City,Road_9,67.4,23.4,1,59.7,124,50.1,62.6,3243,Cloudy,None
2024-05-03,Koramangala,Road_12,73.8,18.5,1,69.1,241,44.1,92.1,2311,Rain,Major
2023-08-16,Brigade Road,Road_15,72.6,23.6,1,74.8,52,32.4,63.7,3694,Rain,Minor
2022-06-21,Koramangala,Road_16,46.0,27.1,0,53.2,215,46.0,88.2,4422,Cloudy,None
2023-11-03,MG Road,Road_11,57.5,16.4,0,57.9,226,69.0,73.3,3808,Rain,Minor
2022-08-28,Silk Board,Road_4,58.0,19.9,0,70.8,176,34.8,74.9,3761,Haze,Minor
2024-03-09,Indiranagar,Road_9,68.0,25.1,2,83.3,207,53.2,88.4,4278,Cloudy,Minor
2022-08-01,Brigade Road,Road_16,63.1,19.1,1,69.8,235,51.5,83.2,4293,Haze,Minor
2022-08-19,Koramangala,Road_9,73.0,26.1,1,91.6,219,62.7,75.1,1548,Rain,Major
2024-06-22,Koramangala,Road_6,76.4,16.9,1,72.9,181,41.9,68.2,1645,Rain,Minor
2022-02-10,Indiranagar,Road_16,70.2,17.4,0,75.4,227,59.3,61.4,805,Clear,None
2023-05-27,Electronic City,Road_4,80.8,18.0,2,85.5,129,59.8,62.4,1608,Cloudy,Major
2023-11-06,Indiranagar,Road_13,48.2,25.9,0,53.4,208,32.3,70.0,3289,Rain,Minor
2022-06-23,Marathahalli,Road_15,71.3,22.1,0,86.0,122,50.3,92.1,2609,Rain,Minor
2023-07-02,Brigade Road,Road_4,62.5,21.6,0,78.4,94,54.8,84.9,4555,Clear,Minor
2023-02-06,Koramangala,Road_6,99.0,12.9,3,100.0,105,39.4,63.3,4575,Clear,Major
2024-04-19,Koramangala,Road_1,76.2,17.4,0,87.7,199,32.2,70.7,3874,Haze,Minor
2023-02-09,Marathahalli,Road_8,76.6,24.5,2,81.7,158,71.5,67.7,2767,Cloudy,Minor
2023-05-16,Whitefield,Road_2,67.2,14.2,3,72.9,175,54.1,87.0,4143,Rain,Minor
2023-12-09,Electronic City,Road_1,75.9,8.0,3,79.2,195,65.3,80.3,2304,Rain,Major
2024-05-12,MG Road,Road_12,70.9,20.9,0,80.0,187,66.4,93.5,1494,Haze,Minor
2024-08-13,Indiranagar,Road_13,71.9,16.7,2,70.9,135,45.5,65.6,2947,Rain,None
2024-04-03,Whitefield,Road_12,65.0,28.7,0,64.3,115,70.9,92.9,1578,Haze,Major
2022-05-01,Electronic City,Road_6,76.9,16.1,1,89.6,231,69.9,64.9,3660,Cloudy,None
2022-10-29,Whitefield,Road_7,72.6,20.4,1,76.4,212,65.7,76.5,2766,Haze,Minor
2024-03-10,Marathahalli,Road_9,78.3,20.2,1,93.6,175,52.2,89.1,3877,Clear,None
2024-06-16,Koramangala,Road_5,68.4,20.7,0,74.8,83,47.5,75.3,2572,Rain,Major
2023-02-03,MG Road,Road_16,70.8,21.9,0,88.1,151,41.1,86.4,3998,Haze,Minor
2024-06-25,Koramangala,Road_15,76.1,21.5,1,89.2,121,54.3,61.5,2568,Clear,Major
2023-09-08,Brigade Road,Road_4,41.4,26.3,0,59.2,177,62.3,82.0,3425,Rain,Minor
2022-11-07,Koramangala,Road_10,71.5,17.2,0,62.9,189,64.8,73.3,3487,Haze,Major
2022-12-15,Silk Board,Road_4,71.5,22.0,0,76.4,77,43.4,71.3,3451,Clear,Major
2022-12-10,Marathahalli,Road_15,65.9,16.2,1,77.5,232,31.6,88.8,1936,Cloudy,None
2022-08-05,Indiranagar,Road_8,87.0,18.9,1,84.5,211,43.7,92.4,1433,Haze,None
2024-06-29,Electronic City,Road_10,87.8,16.7,1,84.8,118,70.8,88.1,762,Haze,Minor
2022-03-24,Marathahalli,Road_15,50.9,28.8,0,53.4,161,74.3,63.4,668,Rain,Minor
2024-07-28,Silk Board,Road_11,70.2,18.4,0,83.3,174,57.8,91.5,4411,Haze,Minor
2022-06-17,Koramangala,Road_16,98.8,10.3,0,100.0,112,54.6,61.5,980,Haze,None
2023-01-25,Indiranagar,Road_1,55.1,25.7,0,62.8,156,67.1,72.7,2381,Cloudy,Major
2023-06-17,Silk Board,Road_14,86.2,8.0,1,90.2,73,50.8,64.7,2072,Haze,Major
2023-09-10,Indiranagar,Road_1,74.3,19.5,1,68.1,94,72.9,82.5,2327,Clear,Minor
2022-05-03,Silk Board,Road_9,74.2,15.7,2,92.0,57,38.3,82.5,3525,Rain,Major
2023-10-24,Brigade Road,Road_9,72.1,18.5,0,86.0,145,59.3,61.2,573,Haze,Minor
2022-04-17,Whitefield,Road_2,67.8,18.4,0,54.4,204,41.9,82.2,4191,Cloudy,Major
2024-03-06,Marathahalli,Road_10,62.7,22.6,0,63.1,78,54.4,85.7,1633,Cloudy,Minor
2022-07-29,Silk Board,Road_8,64.8,24.9,1,61.7,79,50.0,74.4,3439,Clear,None
2024-04-27,Koramangala,Road_7,68.9,19.8,2,71.8,85,34.4,91.8,930,Clear,Major
2023-09-08,Brigade Road,Road_1,65.4,20.6,1,68.2,209,67.1,82.6,3201,Haze,Major
2024-04-14,Electronic City,Road_8,50.5,24.5,0,50.0,160,36.2,69.1,850,Rain,None
2023-04-12,Silk Board,Road_3,63.7,30.4,0,73.4,127,46.3,62.5,4292,Rain,Major
2022-05-17,Electronic City,Road_15,76.2,19.8,1,81.4,249,42.3,93.0,3801,Clear,Minor
2023-07-12,Koramangala,Road_5,65.5,14.3,0,74.8,229,58.3,67.8,4842,Cloudy,Major
2023-07-06,Whitefield,Road_9,75.0,15.6,1,87.9,148,49.8,82.5,3854,Cloudy,None
2024-03-20,MG Road,Road_8,88.5,15.0,2,100.0,172,63.6,66.8,4103,Clear,Major
2024-04-03,Brigade Road,Road_16,79.2,10.4,1,75.8,105,67.6,72.3,3942,Rain,Minor
2023-01-27,Whitefield,Road_16,65.7,28.4,1,72.9,205,56.8,65.1,2186,Rain,Minor
2023-12-26,Marathahalli,Road_9,76.2,24.9,2,85.3,175,64.0,87.9,3963,Haze,Minor
2024-04-01,Silk Board,Road_9,55.7,28.4,1,60.9,103,55.4,85.3,2307,Rain,Minor
2023-05-28,Whitefield,Road_4,74.2,22.8,1,91.7,219,59.4,90.8,879,Cloudy,Minor
2023-01-01,Brigade Road,Road_11,60.3,19.3,0,71.5,244,58.1,73.4,905,Clear,Major
2023-03-09,Electronic City,Road_5,74.6,21.7,0,85.7,136,34.1,94.7,4013,Clear,None
2023-05-15,MG Road,Road_10,77.7,14.0,2,85.1,175,35.7,89.4,4812,Clear,None
2023-04-13,Silk Board,Road_4,79.5,16.6,1,80.5,83,40.1,65.3,3204,Clear,None
2023-04-22,Electronic City,Road_2,64.6,20.0,3,80.8,121,52.1,88.9,2260,Haze,Minor
2023-10-16,Marathahalli,Road_16,87.3,16.3,0,89.8,107,58.8,66.7,4030,Rain,Major
2023-12-06,Silk Board,Road_13,80.3,23.0,0,73.3,190,51.9,66.6,552,Rain,Minor
2023-02-07,Whitefield,Road_16,46.9,21.4,1,61.3,249,37.0,66.2,4355,Haze,None
2022-09-17,Whitefield,Road_14,44.2,31.2,0,56.9,139,42.5,78.2,2509,Haze,Major
2023-12-09,Marathahalli,Road_2,73.8,24.6,1,80.9,64,37.0,69.9,2223,Cloudy,Major
2022-05-12,Indiranagar,Road_9,94.8,10.6,1,98.8,151,30.9,68.2,3330,Clear,Minor
2023-06-02,Koramangala,Road_11,74.6,22.3,1,78.1,90,72.2,64.7,3104,Rain,Major
2022-09-15,Whitefield,Road_2,69.8,19.5,1,68.0,55,33.6,88.9,2371,Haze,Minor
2022-02-14,Silk Board,Road_10,51.4,30.8,1,50.9,80,66.8,61.8,914,Rain,Major
2022-12-12,Silk Board,Road_12,80.1,14.4,0,80.3,91,64.4,91.8,3743,Cloudy,None
2024-08-04,Silk Board,Road_12,63.5,17.2,2,64.9,122,34.6,79.1,3392,Clear,Major
2024-01-31,Electronic City,Road_7,70.6,22.4,0,72.8,124,61.4,84.7,1326,Clear,Minor
2024-07-19,Koramangala,Road_5,68.0,24.1,0,72.0,155,38.0,68.6,3104,Cloudy,None
2023-08-04,Koramangala,Road_5,73.7,21.7,1,73.1,227,59.6,89.3,2860,Rain,Major
2022-04-17,Brigade Road,Road_8,73.7,20.5,0,78.6,64,62.2,79.1,3181,Clear,None
2024-02-21,Marathahalli,Road_9,66.3,24.3,0,71.5,111,56.2,79.7,595,Haze,Major
2022-03-13,Brigade Road,Road_2,67.8,26.2,0,80.2,229,66.7,64.4,1689,Clear,Major
2022-01-21,Marathahalli,Road_6,51.5,26.7,0,58.2,104,68.2,92.7,2326,Clear,Major
2024-07-13,Brigade Road,Road_11,60.8,20.6,0,66.3,135,65.7,91.5,1333,Cloudy,None
2024-05-15,Silk Board,Road_7,86.2,20.3,3,99.0,59,33.5,81.8,1496,Clear,Minor
2022-08-15,MG Road,Road_4,52.0,20.4,0,54.7,195,34.7,87.8,1857,Cloudy,None
2022-08-29,Silk Board,Road_14,44.9,31.0,0,50.0,107,60.2,71.7,1707,Rain,None
2023-01-01,Electronic City,Road_2,86.0,12.4,1,94.5,214,30.1,63.0,1367,Cloudy,Minor
2024-08-02,Whitefield,Road_14,51.9,24.3,0,53.5,66,42.3,63.9,1807,Haze,None
2022-12-17,Indiranagar,Road_4,68.0,25.5,0,65.8,129,60.7,95.0,3302,Clear,None
2022-08-10,Electronic City,Road_8,88.3,13.7,1,89.9,221,55.8,86.8,4420,Rain,Major
2022-07-03,Silk Board,Road_2,77.2,13.9,0,67.4,201,42.9,60.3,1684,Haze,Minor
2024-06-05,Silk Board,Road_15,58.5,23.1,0,58.8,126,48.4,67.9,1987,Rain,Major
2022-03-11,Silk Board,Road_2,79.7,18.3,3,90.2,197,67.3,76.7,3336,Cloudy,None
2023-12-10,Electronic City,Road_13,82.8,14.3,2,65.9,81,42.6,81.1,538,Cloudy,None
2023-07-20,MG Road,Road_8,80.2,12.9,2,80.0,169,74.3,89.2,4363,Haze,Major
2024-06-15,Indiranagar,Road_9,89.3,11.6,1,91.4,99,35.0,93.8,3211,Clear,Major
2024-05-24,Marathahalli,Road_14,77.2,17.1,0,83.4,75,39.2,84.1,3909,Cloudy,None
2023-04-12,MG Road,Road_5,68.7,21.0,2,64.9,66,54.8,92.0,3334,Rain,None
2022-11-23,Koramangala,Road_12,89.3,9.3,1,80.3,188,47.4,79.3,1454,Clear,Major
2022-11-29,Marathahalli,Road_15,83.9,15.0,1,79.1,213,40.7,71.3,3023,Rain,Major
2023-02-15,MG Road,Road_15,68.4,19.6,0,65.3,212,47.8,84.7,2927,Cloudy,Minor
2022-10-24,Koramangala,Road_6,94.7,10.5,1,99.8,61,57.9,88.3,1431,Clear,Minor
2022-08-30,Koramangala,Road_10,78.8,25.0,2,88.9,180,50.6,86.0,1090,Clear,Minor
2024-01-07,Silk Board,Road_1,66.2,23.9,0,83.4,240,71.7,61.7,2312,Rain,Minor
2022-07-26,Brigade Road,Road_4,82.4,20.5,2,77.3,179,43.8,79.2,4865,Cloudy,Minor
2022-07-22,Marathahalli,Road_6,69.2,26.4,2,85.2,166,68.4,70.1,711,Rain,None
2023-07-15,Marathahalli,Road_5,89.7,10.2,2,93.9,149,41.1,83.8,1679,Cloudy,Minor
2023-06-09,Electronic City,Road_4,93.3,8.0,3,99.8,185,72.8,79.5,897,Rain,Major
2022-01-10,MG Road,Road_7,56.2,25.2,0,69.7,121,54.0,90.0,3295,Clear,None
2022-09-14,Silk Board,Road_12,69.0,20.8,1,73.7,55,74.1,72.0,1259,Rain,Minor
2022-08-31,Marathahalli,Road_5,75.3,20.1,0,78.6,147,42.6,74.6,4136,Haze,None
2022-07-07,Koramangala,Road_5,52.3,30.1,0,64.9,99,50.2,74.7,2202,Cloudy,Minor
2023-06-05,MG Road,Road_16,69.4,19.7,0,76.3,188,51.2,80.8,3215,Cloudy,Minor
2023-05-02,Marathahalli,Road_2,71.9,15.7,0,86.8,174,58.2,70.6,691,Haze,Major
2022-12-28,Electronic City,Road_10,69.4,19.9,1,78.6,206,64.0,83.9,3223,Haze,Major
2022-07-18,Marathahalli,Road_5,69.5,20.5,1,58.6,83,30.0,70.3,3884,Rain,Minor
2022-10-23,Koramangala,Road_13,80.3,18.8,1,87.8,137,38.2,65.6,4497,Clear,Major
2022-06-25,Electronic City,Road_6,81.0,24.6,1,86.0,180,69.2,63.1,3893,Clear,Major
2022-08-14,Silk Board,Road_13,69.8,21.8,0,64.9,141,30.3,78.4,4419,Clear,Minor
2022-04-03,Indiranagar,Road_3,71.4,26.2,3,79.7,172,32.0,66.7,3026,Haze,Major
2023-09-02,Koramangala,Road_7,99.0,9.7,4,95.9,146,47.6,92.6,4346,Cloudy,Minor
2022-03-24,Whitefield,Road_3,59.2,22.2,0,54.3,75,46.3,93.0,3676,Clear,Minor
2022-08-04,Brigade Road,Road_15,72.6,28.6,2,77.4,56,64.0,92.0,4470,Clear,Major
2023-05-03,Koramangala,Road_4,64.6,20.8,0,67.2,239,63.5,61.3,4664,Haze,None
2024-02-01,Silk Board,Road_16,46.5,29.1,1,60.3,129,74.7,66.3,4125,Cloudy,Minor
2022-03-14,MG Road,Road_2,68.6,25.9,0,60.8,183,56.1,93.4,2037,Rain,Major
2022-09-28,Electronic City,Road_14,68.1,25.0,2,69.5,204,74.8,81.8,3515,Haze,None
2023-11-13,Brigade Road,Road_4,72.3,26.8,1,67.5,127,72.3,89.4,858,Cloudy,None
2024-02-28,Marathahalli,Road_14,84.6,15.1,2,100.0,62,63.1,63.9,3995,Clear,Major
2022-11-21,Marathahalli,Road_16,42.0,22.1,0,55.1,56,38.4,85.1,1573,Clear,None
2024-06-19,Electronic City,Road_16,79.6,19.1,0,80.2,50,43.1,93.8,4395,Clear,None
2023-08-13,Indiranagar,Road_5,69.8,18.6,2,77.9,166,31.1,66.9,914,Clear,Minor
2024-06-26,Whitefield,Road_8,69.0,15.7,0,76.0,205,60.4,67.5,1043,Cloudy,Minor
2022-08-21,MG Road,Road_3,77.4,18.5,1,73.5,127,47.2,66.2,3769,Cloudy,Minor
2023-05-09,MG Road,Road_9,78.9,21.6,1,79.0,82,64.2,74.1,3270,Rain,None
2023-11-27,Silk Board,Road_13,68.5,24.3,1,73.7,74,51.9,84.9,611,Clear,Major
2024-08-03,Koramangala,Road_11,70.3,17.7,2,85.6,144,44.8,67.4,2310,Rain,Major
2022-02-06,Whitefield,Road_8,86.6,20.9,0,94.7,69,31.8,63.4,1895,Haze,Major
2023-03-29,Indiranagar,Road_9,74.4,22.8,0,84.9,241,55.1,78.3,2171,Haze,None
2022-09-11,Marathahalli,Road_14,85.8,10.3,0,92.5,220,62.1,75.3,1118,Rain,Major
2022-01-10,Marathahalli,Road_7,75.0,25.2,0,70.8,129,42.1,73.6,4472,Haze,Minor
2023-04-29,Silk Board,Road_13,69.4,22.2,1,61.8,157,37.2,89.0,2081,Clear,Minor
2023-01-10,Silk Board,Road_9,94.8,9.6,3,92.6,235,67.1,60.2,956,Haze,Major
2022-08-18,Whitefield,Road_4,69.6,16.1,0,62.2,115,48.7,60.4,3597,Rain,None
2022-02-17,Silk Board,Road_1,45.5,32.2,0,50.0,233,61.7,64.2,3313,Cloudy,Minor
2023-12-02,Whitefield,Road_12,67.1,25.9,0,70.0,97,56.9,71.3,3582,Clear,Minor
2023-01-17,Silk Board,Road_1,72.0,17.9,3,76.1,170,32.9,73.3,3293,Cloudy,Major
2022-11-27,Koramangala,Road_8,81.8,20.4,2,80.9,191,42.0,76.6,4910,Haze,None
2023-05-27,Marathahalli,Road_16,59.6,22.8,0,58.6,77,30.8,85.7,4426,Cloudy,Minor
2023-12-04,Marathahalli,Road_4,69.9,20.1,0,79.4,239,48.9,81.8,1337,Cloudy,Minor
2023-06-09,Whitefield,Road_14,66.2,21.8,1,71.8,128,38.6,66.0,3425,Rain,None
2024-01-18,Indiranagar,Road_3,78.9,25.3,0,87.3,110,37.6,89.6,4644,Rain,None
2022-07-13,Electronic City,Road_8,69.4,21.4,0,72.0,224,48.3,86.0,4165,Clear,Minor
2023-11-28,Marathahalli,Road_16,61.5,25.9,1,60.5,151,39.5,68.6,3742,Haze,Major
2023-07-18,Silk Board,Road_8,46.2,20.6,0,50.8,129,43.1,77.9,4746,Clear,Major
2022-04-09,Koramangala,Road_16,61.1,27.9,0,63.6,152,46.3,65.3,3492,Rain,None
2022-02-12,Koramangala,Road_3,84.0,13.6,0,86.6,109,58.8,60.8,4672,Rain,None
2024-01-01,Brigade Road,Road_3,61.0,25.8,2,60.2,159,38.8,80.3,4524,Cloudy,Minor
2023-09-22,Silk Board,Road_8,58.9,26.1,0,53.6,57,41.6,71.5,672,Rain,None
2022-08-09,Marathahalli,Road_8,54.3,26.4,0,59.5,175,45.8,94.4,2119,Cloudy,Minor
2022-07-08,Whitefield,Road_1,65.8,19.6,0,68.8,120,64.6,60.3,749,Clear,None
2023-09-22,Brigade Road,Road_4,79.2,18.9,1,93.2,82,31.9,66.8,3865,Haze,Minor
2022-08-01,Marathahalli,Road_12,65.9,22.0,0,70.3,184,48.7,79.0,4372,Haze,None
2023-07-30,Brigade Road,Road_9,73.3,18.1,1,77.9,159,51.1,82.8,595,Rain,None
2022-09-01,MG Road,Road_13,83.0,16.8,1,80.6,235,42.8,75.4,3798,Clear,Major
2023-01-15,Whitefield,Road_15,70.6,22.4,1,81.8,54,40.7,73.2,3382,Haze,Minor
2023-03-17,MG Road,Road_7,75.6,12.4,2,88.5,218,64.7,60.8,4269,Cloudy,None
2024-02-02,Brigade Road,Road_8,66.4,24.9,0,63.2,99,31.5,64.5,3312,Cloudy,Minor
2023-06-03,Indiranagar,Road_3,62.9,18.5,3,67.9,133,60.0,92.2,1976,Haze,Major
2024-02-10,Silk Board,Road_15,67.1,18.7,0,72.4,210,42.0,68.8,2065,Haze,Minor
2022-08-06,Electronic City,Road_9,67.6,22.1,0,80.1,215,43.6,85.5,2511,Cloudy,Major
2023-07-04,Indiranagar,Road_13,99.0,9.7,2,100.0,140,34.4,68.4,1140,Rain,None
2023-04-15,Brigade Road,Road_10,53.5,24.2,0,51.0,76,52.7,91.0,1872,Clear,None
2023-01-30,MG Road,Road_2,63.5,17.6,2,86.7,98,36.4,73.6,1593,Haze,Minor
2022-03-25,Indiranagar,Road_7,77.8,16.4,0,86.9,116,37.2,89.0,3990,Cloudy,Major
2022-11-01,Brigade Road,Road_7,58.7,25.9,0,58.5,61,73.1,92.0,3160,Cloudy,Minor
2023-08-02,Marathahalli,Road_8,90.8,15.2,0,91.5,109,65.3,92.7,2765,Clear,Minor
2023-09-01,MG Road,Road_4,48.8,29.9,0,53.1,129,69.0,94.6,3422,Cloudy,None
2023-04-01,Marathahalli,Road_11,99.0,14.0,4,100.0,65,36.8,64.3,2863,Haze,Major
2024-05-11,Whitefield,Road_16,71.1,21.2,1,83.1,110,30.2,70.7,4137,Clear,None
2022-10-10,Indiranagar,Road_3,80.6,16.6,0,98.2,67,66.3,86.7,3503,Rain,None
2022-11-29,Electronic City,Road_5,93.8,8.0,1,100.0,242,35.5,93.5,4211,Cloudy,Major
2022-12-24,Koramangala,Road_9,73.9,24.5,2,69.2,150,32.1,75.7,3683,Rain,Minor
2023-09-15,Indiranagar,Road_11,71.1,23.9,1,68.7,118,30.2,90.5,3637,Clear,None
2022-12-24,Koramangala,Road_1,69.1,22.3,2,70.8,129,45.4,63.0,4343,Haze,Minor
2022-08-29,Koramangala,Road_13,85.3,8.0,6,100.0,182,43.8,92.4,4368,Rain,Minor
2022-04-15,MG Road,Road_8,68.9,27.2,1,61.2,216,71.2,73.7,2171,Cloudy,Major
2024-02-02,Indiranagar,Road_1,56.0,30.6,1,59.8,147,72.7,83.5,2392,Cloudy,Major
2024-05-09,Marathahalli,Road_2,65.4,28.9,2,55.9,199,63.2,86.8,2625,Haze,Minor
2023-04-25,Koramangala,Road_11,70.4,13.7,1,73.7,131,61.1,77.5,2910,Cloudy,Major
2024-02-14,MG Road,Road_3,68.1,18.2,2,66.7,178,64.4,94.7,2043,Rain,Minor
2022-05-22,MG Road,Road_16,66.7,24.3,1,69.5,238,33.7,78.7,1260,Rain,Minor
2024-03-24,Brigade Road,Road_7,73.5,19.9,1,68.0,186,52.1,76.3,1848,Cloudy,Major
2022-02-01,Brigade Road,Road_15,65.8,32.3,0,64.8,224,73.9,67.6,2081,Cloudy,Major
2023-04-13,Whitefield,Road_13,74.3,15.1,0,63.4,244,42.1,78.4,4222,Clear,None
2023-12-15,Silk Board,Road_7,79.8,14.1,0,77.1,109,39.1,71.9,4459,Clear,Minor
2022-10-25,Brigade Road,Road_13,72.9,16.1,0,90.5,238,74.6,92.8,1108,Rain,Minor
2023-07-05,Koramangala,Road_10,64.8,15.8,1,70.0,177,61.0,82.7,3277,Rain,Major
2024-02-02,Koramangala,Road_15,81.3,16.2,1,81.9,103,33.3,92.4,2807,Cloudy,None
2023-01-26,Indiranagar,Road_12,59.5,29.1,2,74.0,53,59.8,78.3,1738,Haze,Minor
2023-01-27,Brigade Road,Road_4,83.0,8.0,2,82.9,97,62.6,68.8,3417,Clear,Major
2023-12-17,Electronic City,Road_11,75.1,17.9,3,71.8,187,31.3,83.4,2847,Haze,Major
2023-11-21,MG Road,Road_7,46.3,24.1,0,56.3,62,39.9,92.3,3646,Haze,None
2022-06-18,Brigade Road,Road_2,60.5,19.6,0,74.9,108,41.8,93.5,4900,Clear,Major
2022-05-17,Brigade Road,Road_15,70.0,20.6,1,77.6,121,69.0,93.2,2996,Rain,Major
2023-05-09,Electronic City,Road_3,65.4,18.1,0,63.7,65,47.0,93.8,3988,Cloudy,Major
2024-06-07,Marathahalli,Road_15,60.5,26.2,0,65.3,151,61.4,62.2,3329,Cloudy,None
2022-03-06,Brigade Road,Road_16,54.8,30.5,1,66.5,249,37.5,61.8,1892,Rain,None
2024-01-24,Electronic City,Road_11,56.2,19.6,0,63.2,110,62.9,94.3,2073,Clear,Major
2023-11-10,Koramangala,Road_16,59.8,30.9,1,64.0,112,50.6,60.0,2478,Clear,None
2022-12-01,MG Road,Road_10,73.0,19.4,1,84.6,53,34.1,90.7,2308,Haze,Major
2022-03-09,Koramangala,Road_14,98.1,12.4,6,100.0,125,63.7,72.4,3739,Cloudy,Minor
2022-09-22,Marathahalli,Road_4,80.7,18.4,0,77.7,73,35.6,90.7,2235,Cloudy,None
2023-09-27,Koramangala,Road_11,57.3,22.6,1,65.9,118,37.2,92.4,4010,Haze,Major
2022-09-27,Whitefield,Road_6,81.7,12.6,0,81.3,204,52.1,79.3,1308,Rain,Minor
2023-02-17,Indiranagar,Road_15,71.8,22.5,0,66.3,113,46.2,67.4,3146,Rain,Minor
2023-12-10,MG Road,Road_5,69.4,23.4,0,73.7,62,65.5,91.6,654,Rain,Minor
2023-10-26,Marathahalli,Road_10,81.3,20.0,1,81.0,247,57.4,72.9,2243,Rain,Minor
2023-11-27,Electronic City,Road_11,70.5,17.4,0,81.5,165,47.8,68.6,3207,Clear,Minor
2022-02-21,MG Road,Road_4,70.7,25.2,1,71.4,182,58.3,73.2,1522,Clear,Minor
2022-11-21,Brigade Road,Road_8,53.3,35.6,0,55.4,241,33.0,92.1,4943,Clear,Major
2023-01-24,Brigade Road,Road_12,65.7,18.3,0,73.4,150,37.6,83.4,1767,Haze,None
2023-06-21,Koramangala,Road_10,58.3,20.8,0,66.9,128,37.6,76.5,1580,Haze,Major
2023-12-06,Whitefield,Road_4,83.4,20.3,0,92.8,237,60.6,77.4,3572,Cloudy,Minor
2023-04-30,Whitefield,Road_10,51.5,24.4,0,56.8,56,32.1,91.3,3330,Rain,Major
2023-02-06,Indiranagar,Road_14,76.4,16.3,2,83.5,109,45.2,75.6,4280,Clear,None
2023-02-05,Koramangala,Road_11,61.8,25.4,0,59.2,77,30.8,93.3,3892,Cloudy,None
2022-12-22,Silk Board,Road_9,69.8,18.0,1,64.1,226,60.7,62.0,2896,Cloudy,Minor
2023-03-13,Indiranagar,Road_6,67.9,26.6,0,72.6,229,71.8,62.9,2198,Clear,None
2023-08-30,Silk Board,Road_3,90.4,16.2,3,100.0,218,39.4,93.6,2325,Rain,Major
2023-09-05,Whitefield,Road_9,85.1,16.4,1,96.7,203,39.8,68.5,2138,Rain,Minor
2023-06-07,Koramangala,Road_16,87.2,10.5,2,93.0,192,44.1,77.2,3082,Cloudy,Minor
2023-01-20,Indiranagar,Road_11,79.6,17.7,0,88.6,196,57.6,84.8,4430,Haze,Minor
2023-07-31,Marathahalli,Road_3,62.4,23.6,0,77.7,184,63.1,66.2,2308,Cloudy,None
2024-02-23,Marathahalli,Road_1,80.8,21.1,0,85.6,162,68.0,85.7,1128,Clear,Major
2024-07-12,Brigade Road,Road_5,71.8,24.3,1,84.6,86,68.6,72.4,2870,Haze,Major
2024-08-10,Electronic City,Road_13,78.0,19.1,0,72.4,56,68.6,84.1,3805,Cloudy,Major
2023-10-03,Indiranagar,Road_8,68.9,22.4,1,67.6,186,30.2,84.9,4063,Clear,None
2022-09-15,Electronic City,Road_10,65.6,21.0,1,75.0,106,35.9,73.5,1280,Cloudy,Major
2023-04-02,Electronic City,Road_3,94.1,14.9,3,92.3,61,60.5,60.8,2715,Clear,Major
2023-07-27,Marathahalli,Road_5,65.7,25.2,0,58.8,179,30.9,70.8,746,Rain,None
2023-06-18,Indiranagar,Road_10,74.1,18.1,0,88.7,152,46.1,87.8,4855,Cloudy,None
2024-01-12,MG Road,Road_2,67.9,22.0,0,79.0,249,71.8,62.9,3578,Clear,Major
2022-03-17,MG Road,Road_5,50.5,28.8,0,50.0,234,33.7,74.6,1310,Cloudy,Minor
2024-07-18,Silk Board,Road_12,81.2,16.9,4,79.2,195,33.8,64.4,1427,Cloudy,None
2024-07-03,Indiranagar,Road_12,63.5,19.9,0,72.3,168,64.6,60.0,1256,Haze,Major
2022-10-11,Electronic City,Road_1,69.6,26.2,1,55.2,170,56.8,73.4,2597,Haze,None
2022-06-05,MG Road,Road_5,53.1,20.8,0,50.6,142,54.4,69.5,847,Haze,None
2022-01-02,Indiranagar,Road_7,91.6,15.2,1,90.4,57,64.8,80.1,3373,Clear,Major
2023-02-04,Silk Board,Road_16,71.8,23.2,0,77.4,68,36.7,79.8,4373,Rain,None
2022-09-29,Whitefield,Road_16,61.6,25.6,2,50.8,112,40.5,60.7,3636,Rain,Minor
2022-06-21,Silk Board,Road_13,70.6,27.1,0,76.8,58,35.9,60.1,3184,Clear,None
2024-06-14,Brigade Road,Road_5,93.6,13.1,3,92.3,185,42.1,84.6,3845,Cloudy,Minor
2023-11-02,Koramangala,Road_10,69.3,15.9,0,80.1,227,74.1,82.6,2726,Clear,Minor
2022-09-20,Indiranagar,Road_9,79.0,15.0,0,79.3,137,33.2,87.7,685,Clear,None
2023-01-03,Whitefield,Road_2,66.0,21.5,0,58.5,125,39.8,60.8,3297,Rain,None
2024-08-14,Whitefield,Road_4,75.6,19.0,0,90.5,160,68.8,76.1,4509,Haze,None
2023-04-21,Brigade Road,Road_7,59.7,25.5,0,68.6,82,56.6,91.5,1571,Haze,Major
2023-09-09,Silk Board,Road_9,53.9,19.8,0,63.9,197,45.6,86.2,900,Clear,None
2023-05-06,Silk Board,Road_13,81.3,15.2,2,77.0,103,51.0,70.4,4453,Cloudy,Minor
2024-06-12,Marathahalli,Road_6,53.0,28.2,0,62.3,244,60.7,64.8,4517,Rain,None
2023-02-11,Electronic City,Road_16,66.6,20.7,0,76.7,91,40.1,66.8,3138,Clear,Major
2022-12-27,Indiranagar,Road_12,74.1,20.4,1,83.5,110,70.3,62.2,1166,Cloudy,Minor
2023-05-15,MG Road,Road_4,54.7,23.3,0,50.0,97,58.6,81.3,2205,Haze,Minor
2022-12-05,Koramangala,Road_7,41.3,33.6,0,50.0,145,70.4,87.3,3763,Cloudy,Minor
2022-02-24,Silk Board,Road_1,84.3,14.2,3,93.0,179,74.8,67.3,3866,Haze,None
2024-03-25,Indiranagar,Road_15,53.9,24.3,0,60.7,76,45.8,74.3,2512,Clear,Major
2022-12-14,Koramangala,Road_10,64.4,16.3,0,75.0,152,42.4,91.2,4059,Rain,Major
2024-02-04,Electronic City,Road_4,66.3,19.4,2,70.1,125,30.1,74.3,3615,Clear,None
2023-03-28,MG Road,Road_2,68.8,24.7,0,68.0,92,51.2,80.4,4215,Rain,None
2023-09-23,Silk Board,Road_11,78.3,13.6,0,85.4,237,60.1,71.4,3803,Cloudy,Major
2024-06-06,Koramangala,Road_5,72.9,17.9,0,84.4,124,60.7,83.0,3402,Rain,None
2023-06-04,Electronic City,Road_13,48.0,33.5,0,64.9,217,33.8,88.1,4147,Rain,Minor
2022-02-28,Indiranagar,Road_1,38.0,30.0,0,50.0,229,68.1,89.9,2583,Cloudy,Major
2022-06-01,Indiranagar,Road_2,69.8,22.8,1,70.7,240,60.5,82.0,728,Cloudy,Major
2024-06-30,Silk Board,Road_13,69.6,16.2,0,63.7,199,46.6,91.7,1342,Haze,Major
2024-07-01,Silk Board,Road_1,58.6,24.2,0,59.7,242,42.8,88.6,684,Cloudy,Major
2024-04-10,Whitefield,Road_12,66.5,27.4,0,79.7,235,68.6,62.6,2930,Cloudy,Minor
2024-06-29,MG Road,Road_13,66.7,23.8,3,76.3,242,73.1,85.3,3942,Cloudy,None
2024-04-20,Brigade Road,Road_12,73.6,16.8,0,82.2,224,59.1,72.1,2901,Cloudy,Minor
2023-12-25,Marathahalli,Road_5,64.6,19.1,0,61.7,238,38.2,70.3,1485,Cloudy,Major
2023-05-30,Koramangala,Road_16,75.4,18.4,0,73.2,77,74.8,82.8,4411,Clear,Minor
2023-12-17,MG Road,Road_9,55.5,20.5,0,64.4,202,35.0,80.6,1342,Clear,Major
2023-11-29,Electronic City,Road_14,73.3,19.5,1,92.2,196,74.5,73.4,1174,Haze,Major
2023-05-24,Whitefield,Road_7,44.1,31.1,0,50.0,119,32.4,78.9,4249,Rain,Minor
2023-12-27,Silk Board,Road_13,84.6,15.4,1,89.6,236,41.7,65.0,4363,Cloudy,Major
2023-01-27,Silk Board,Road_7,49.1,32.5,0,50.0,95,62.1,87.1,4113,Clear,Major
2023-08-17,MG Road,Road_6,79.1,14.3,4,87.0,230,45.1,81.8,3052,Clear,Minor
2023-01-09,Brigade Road,Road_16,61.2,25.7,1,64.9,209,45.0,80.8,4728,Clear,None
2023-02-09,MG Road,Road_10,50.4,28.5,0,65.2,91,64.1,76.5,3334,Haze,Minor
2023-08-22,Electronic City,Road_15,70.6,22.9,1,76.4,77,37.3,72.2,1251,Clear,Major
2022-05-25,Brigade Road,Road_3,95.3,14.4,1,100.0,247,58.6,80.3,2903,Haze,Minor
2022-09-01,MG Road,Road_11,76.0,23.0,2,88.8,225,50.2,60.7,2102,Haze,None
2023-05-04,Koramangala,Road_1,94.6,14.0,2,100.0,56,63.3,83.6,3259,Clear,Major
2022-06-26,Whitefield,Road_1,59.6,24.3,1,77.9,153,38.6,75.3,3115,Haze,None
2023-11-04,Silk Board,Road_12,50.7,31.2,0,57.2,196,68.0,74.3,2255,Haze,Minor
2022-12-11,Koramangala,Road_16,63.7,21.4,0,83.7,231,45.8,93.5,4468,Haze,Minor
2022-12-13,Electronic City,Road_7,81.2,18.4,1,88.6,115,38.7,69.1,3359,Cloudy,None
2023-05-09,Indiranagar,Road_7,75.9,14.3,0,73.0,144,74.3,92.0,2309,Rain,None
2023-06-22,Marathahalli,Road_11,65.6,19.4,0,62.4,111,45.6,77.9,4581,Rain,Major
2023-02-20,Indiranagar,Road_6,77.7,16.3,0,85.1,242,37.2,82.0,1098,Cloudy,Minor
2024-06-06,Electronic City,Road_9,76.0,16.0,1,73.4,74,47.5,63.8,1414,Rain,None
2024-06-01,Electronic City,Road_10,55.2,33.5,0,54.2,83,67.7,73.2,1371,Clear,Major
2023-12-10,MG Road,Road_12,63.2,29.5,1,64.4,154,37.5,82.2,3323,Clear,Major
2022-03-15,Koramangala,Road_9,81.3,18.2,0,77.2,66,38.9,88.7,2599,Rain,Minor
2023-07-20,Silk Board,Road_10,73.9,17.5,0,71.6,242,43.7,60.7,1777,Clear,None
2022-05-05,Koramangala,Road_11,59.8,21.3,0,69.6,114,53.5,89.1,4631,Haze,Minor
2023-12-14,Whitefield,Road_9,74.5,15.0,1,73.0,133,48.1,83.6,2948,Cloudy,Minor
2023-11-29,Brigade Road,Road_14,71.4,28.6,0,89.1,77,31.4,87.0,3846,Haze,Minor
2024-01-12,Marathahalli,Road_14,84.8,15.1,1,96.6,215,69.9,60.2,4764,Rain,Major
2023-02-07,Koramangala,Road_1,99.0,10.0,3,100.0,156,31.6,61.5,3820,Rain,Minor
2022-07-19,Indiranagar,Road_13,66.4,16.0,0,68.3,163,66.9,72.9,3517,Rain,None
2022-04-21,Marathahalli,Road_2,75.9,13.3,3,89.7,78,33.3,90.8,3015,Cloudy,None
2023-08-18,Silk Board,Road_13,76.5,16.1,1,86.2,52,32.1,73.2,2128,Haze,None
2024-07-12,Indiranagar,Road_8,67.6,20.3,0,81.3,66,73.0,62.2,3988,Rain,None
2022-02-02,Brigade Road,Road_6,67.2,17.5,0,81.1,242,32.7,71.1,4946,Haze,None
2023-09-17,Indiranagar,Road_12,58.6,34.8,0,68.0,180,42.7,91.1,4356,Clear,Major
2022-09-27,Indiranagar,Road_15,60.7,26.0,1,56.2,158,71.3,90.5,2944,Rain,Minor
2023-07-05,Electronic City,Road_1,52.4,33.0,0,70.0,247,46.1,72.4,4708,Cloudy,Minor
2023-07-01,MG Road,Road_15,72.9,11.4,1,83.8,210,42.8,94.2,3051,Cloudy,None
2023-11-24,Koramangala,Road_14,63.7,19.0,1,80.6,190,30.1,94.9,4876,Cloudy,Minor
2022-06-23,Marathahalli,Road_8,51.1,23.7,0,50.0,181,60.0,73.2,1584,Rain,Minor
2022-06-06,Whitefield,Road_12,66.2,15.1,0,77.7,184,65.7,67.6,2716,Rain,Minor
2022-11-13,Indiranagar,Road_4,69.1,22.9,0,77.4,95,64.4,65.0,606,Clear,Minor
2023-12-06,Whitefield,Road_4,83.4,18.5,4,90.1,94,74.2,80.2,3415,Cloudy,Major
2023-12-08,Marathahalli,Road_10,50.3,23.3,0,57.9,207,48.1,90.5,4415,Rain,Minor
2023-05-15,Silk Board,Road_15,70.2,22.1,1,78.7,226,62.9,92.0,4430,Rain,None
2024-04-19,Electronic City,Road_8,74.5,19.0,0,72.1,80,34.2,68.9,659,Rain,Minor
2024-01-23,MG Road,Road_4,88.8,11.0,1,95.2,237,35.4,88.9,4792,Rain,Major
2023-11-11,Indiranagar,Road_2,58.3,23.8,0,69.8,184,50.2,87.3,1915,Rain,Minor
2023-11-01,Electronic City,Road_11,95.2,15.3,1,97.2,61,45.1,88.6,3097,Cloudy,Major
2023-07-24,Whitefield,Road_8,81.6,11.0,1,99.1,247,32.8,84.4,3801,Haze,None
2024-03-24,Koramangala,Road_13,72.5,13.1,1,76.6,105,68.1,63.7,1826,Rain,None
2023-09-04,Indiranagar,Road_7,53.8,29.9,0,76.9,162,66.9,60.3,1222,Cloudy,Major
2024-06-24,MG Road,Road_14,73.8,14.0,1,96.3,95,52.6,85.6,765,Cloudy,None
2024-06-28,Silk Board,Road_8,71.4,21.3,1,91.5,63,50.6,67.5,4802,Cloudy,Major
2024-08-09,Brigade Road,Road_7,63.5,25.5,0,76.7,72,50.4,76.1,1922,Cloudy,Major
2024-04-05,Marathahalli,Road_13,98.3,8.0,0,99.9,57,47.7,61.9,544,Haze,Minor
2024-06-02,MG Road,Road_8,66.6,18.6,0,74.5,219,40.2,87.1,2508,Rain,Minor
2022-01-31,Silk Board,Road_13,65.7,26.5,1,56.3,89,53.6,82.4,4321,Haze,Minor
2022-09-14,Electronic City,Road_5,85.7,15.1,2,100.0,62,37.1,85.6,861,Clear,Major
2023-10-26,MG Road,Road_13,80.5,15.5,1,87.2,154,73.9,89.4,4834,Rain,Minor
2022-04-22,Indiranagar,Road_15,73.9,23.1,0,73.4,146,48.0,90.5,2087,Cloudy,None
2024-01-05,Koramangala,Road_13,89.5,17.7,0,95.9,75,55.8,69.8,4420,Clear,Minor
2022-11-13,Koramangala,Road_3,84.4,15.6,0,84.9,50,71.7,72.7,703,Cloudy,Minor
2023-05-23,Indiranagar,Road_12,41.8,36.4,0,50.0,154,59.9,90.3,4492,Cloudy,Minor
2024-05-13,Koramangala,Road_10,70.1,19.2,0,81.7,153,73.6,93.5,4282,Haze,Minor
2022-01-20,Koramangala,Road_1,55.0,32.0,0,50.0,64,51.5,82.9,3610,Cloudy,Minor
2024-06-07,Brigade Road,Road_10,52.0,28.7,0,55.1,224,52.1,78.9,4927,Rain,Major
2024-06-13,Marathahalli,Road_14,64.6,19.3,1,63.4,175,61.0,78.2,3071,Haze,Minor
2023-02-20,Silk Board,Road_5,71.6,14.9,1,70.7,171,64.3,89.5,4162,Cloudy,Major
2022-05-13,Marathahalli,Road_12,81.0,13.1,1,83.5,188,38.4,61.6,4791,Clear,Minor
2024-07-24,Silk Board,Road_16,76.9,19.9,0,83.1,138,66.4,73.4,2823,Haze,None
2023-07-11,MG Road,Road_10,71.7,18.4,5,76.7,153,40.9,91.4,2536,Haze,None
2023-05-09,Electronic City,Road_8,63.4,20.9,1,67.8,154,41.4,90.8,4498,Clear,Minor
2022-10-07,Indiranagar,Road_14,62.4,18.3,0,58.7,140,49.6,80.0,3616,Clear,Major
2024-04-16,Whitefield,Road_12,74.2,17.2,0,78.2,210,35.0,78.1,3089,Cloudy,None
2022-08-14,Marathahalli,Road_7,42.0,27.7,0,50.0,119,56.3,63.9,3677,Cloudy,None
2023-05-18,Indiranagar,Road_10,52.6,23.7,1,52.7,156,62.4,69.0,4007,Rain,None
2024-05-21,MG Road,Road_16,62.0,23.6,0,65.8,180,62.4,61.4,3776,Haze,None
2022-03-25,Indiranagar,Road_12,61.9,25.1,1,61.7,156,70.5,77.6,2162,Rain,Major
2022-12-29,Marathahalli,Road_8,53.1,27.9,0,61.3,90,65.9,61.7,616,Haze,None
2022-01-12,Whitefield,Road_10,63.5,20.8,1,61.2,201,40.0,75.6,849,Haze,Minor
2023-07-20,Electronic City,Road_4,62.1,28.4,0,78.8,141,42.2,66.6,1413,Cloudy,None
2022-05-28,Electronic City,Road_10,73.0,21.8,0,59.1,140,51.4,83.3,3604,Rain,None
2024-03-01,Indiranagar,Road_12,76.2,16.8,2,91.3,80,67.6,68.6,2658,Cloudy,Minor
2023-02-17,MG Road,Road_1,67.8,18.2,1,75.7,165,62.9,89.3,2008,Clear,Minor
2024-06-06,Marathahalli,Road_16,77.7,15.2,0,82.2,238,72.7,84.5,3845,Cloudy,Minor
2022-05-06,Marathahalli,Road_9,52.2,28.2,0,50.0,205,34.5,83.1,3446,Haze,Major
2022-07-29,Whitefield,Road_11,44.9,33.0,0,50.0,170,30.0,75.7,1453,Haze,Major
2023-08-09,MG Road,Road_11,65.2,27.2,0,75.9,53,61.4,68.7,2709,Rain,Minor
2022-11-27,Electronic City,Road_1,72.4,22.8,0,84.1,242,62.8,70.2,1923,Cloudy,None
2024-03-21,Marathahalli,Road_8,69.4,15.4,1,82.4,196,36.0,88.5,793,Cloudy,Minor
2022-01-12,Koramangala,Road_15,75.7,13.8,0,77.3,63,53.6,76.7,2097,Haze,Major
2022-07-18,Electronic City,Road_4,78.1,20.2,1,85.4,199,32.7,70.3,3989,Clear,Major
2022-02-01,Koramangala,Road_7,58.7,18.2,0,65.3,190,73.7,87.8,4744,Rain,Major
2022-01-26,Marathahalli,Road_6,78.9,20.8,3,80.4,226,42.8,89.2,3295,Rain,Minor
2022-05-22,Electronic City,Road_6,72.1,23.1,2,97.1,215,47.0,82.0,4888,Haze,None
2024-02-15,Whitefield,Road_7,96.0,17.0,1,94.3,98,50.2,61.9,2455,Rain,None
2022-05-22,Indiranagar,Road_7,73.0,19.9,1,71.6,129,62.3,93.0,1405,Cloudy,None
2022-10-15,Brigade Road,Road_5,68.9,16.9,1,68.7,192,37.2,62.9,4167,Haze,Minor
2022-11-14,Marathahalli,Road_9,68.1,21.8,2,88.0,136,30.4,75.6,3192,Rain,None
2024-01-01,Silk Board,Road_2,70.5,15.6,1,64.8,85,36.0,76.2,4169,Haze,Major
2022-07-28,Electronic City,Road_9,74.2,17.4,1,73.9,231,43.6,70.2,4644,Rain,None
2022-03-18,Indiranagar,Road_10,52.5,22.3,0,50.0,89,34.1,71.0,969,Haze,Minor
2023-09-03,Indiranagar,Road_12,70.8,17.5,0,65.8,84,31.8,80.2,4202,Clear,Minor
2023-09-06,Silk Board,Road_1,73.1,13.8,1,79.7,111,48.1,79.4,2556,Haze,Minor
2022-02-22,Koramangala,Road_7,99.0,8.0,3,100.0,107,57.8,87.9,4544,Cloudy,None
2024-04-24,Electronic City,Road_15,82.3,15.4,2,78.4,244,65.4,72.6,978,Cloudy,Major
2023-07-12,Marathahalli,Road_9,79.9,15.8,0,86.0,125,67.7,86.5,614,Cloudy,Major
2023-11-15,Indiranagar,Road_2,64.6,21.7,2,66.2,210,48.0,68.4,2414,Clear,None
2022-04-11,MG Road,Road_15,68.4,19.3,0,79.2,155,58.3,83.4,839,Haze,Major
2022-07-16,Indiranagar,Road_5,63.6,18.9,0,61.3,85,34.0,85.2,3644,Cloudy,Major
2022-07-19,Koramangala,Road_11,73.9,17.2,0,87.7,54,63.7,77.5,906,Haze,None
2024-01-18,Koramangala,Road_11,73.3,17.6,0,68.8,124,51.5,78.2,3226,Cloudy,None
2023-05-28,Electronic City,Road_14,83.8,17.4,0,93.6,198,41.7,87.7,668,Rain,Minor
2022-08-12,Marathahalli,Road_1,74.4,14.9,1,83.1,152,53.2,78.9,2591,Clear,Minor
2023-08-05,MG Road,Road_14,56.9,29.9,0,66.3,133,68.8,64.1,1931,Clear,Minor
2022-05-30,MG Road,Road_14,58.1,24.3,0,59.7,54,32.6,89.3,2597,Clear,None
2024-08-01,MG Road,Road_14,60.3,22.1,0,67.3,60,60.6,94.6,4085,Clear,Minor
2023-02-07,Electronic City,Road_8,75.3,15.8,0,78.1,220,30.7,77.9,2553,Clear,None
2024-05-09,Koramangala,Road_16,85.3,16.9,3,91.6,238,61.8,64.7,4512,Haze,Major
2023-09-15,Marathahalli,Road_8,78.3,17.8,2,69.5,55,38.8,90.8,3602,Clear,Major
2022-10-04,Brigade Road,Road_8,53.9,28.3,0,50.0,187,68.5,66.5,1654,Haze,Major
2022-09-09,Brigade Road,Road_10,87.2,15.8,2,100.0,195,67.8,83.4,1079,Rain,Minor
2023-02-25,Electronic City,Road_2,79.0,22.6,1,98.3,174,38.6,84.1,1298,Rain,Major
2024-07-23,Silk Board,Road_4,69.9,19.0,0,90.0,232,54.5,94.2,1379,Clear,None
2024-04-09,Indiranagar,Road_8,78.3,23.3,0,80.5,182,62.7,80.2,1988,Clear,Major
2022-01-13,Electronic City,Road_11,82.7,21.9,3,85.9,169,56.7,85.1,673,Rain,Major
2023-02-03,Brigade Road,Road_6,64.4,26.1,1,74.1,203,72.4,75.6,746,Haze,None
2024-02-01,Brigade Road,Road_12,68.0,27.5,0,81.0,249,38.0,72.5,4528,Clear,None
2024-08-06,Brigade Road,Road_8,74.1,16.4,0,78.7,78,63.5,74.8,4469,Rain,Major
2022-09-16,Indiranagar,Road_9,69.8,24.2,1,78.4,206,59.3,75.8,4634,Clear,None
2022-06-15,MG Road,Road_11,69.7,13.5,0,78.7,95,65.6,76.0,3909,Clear,None
2023-12-08,Marathahalli,Road_16,70.3,23.6,2,66.7,214,57.7,85.5,2089,Haze,Major
2022-03-01,Electronic City,Road_9,56.2,25.6,1,50.2,208,74.0,85.9,1162,Rain,None
2024-06-06,Marathahalli,Road_2,92.4,9.5,1,97.1,105,41.9,80.1,1745,Cloudy,None
2023-03-14,Whitefield,Road_15,75.5,24.3,1,83.1,193,38.4,83.7,766,Haze,Major
2023-01-27,Koramangala,Road_4,90.9,9.0,2,88.4,153,58.2,81.6,3545,Rain,Major
2022-01-31,Indiranagar,Road_14,65.3,23.8,0,72.5,159,66.7,81.8,4479,Clear,Minor
2024-05-22,Whitefield,Road_9,61.2,20.2,0,64.3,86,46.7,84.7,3542,Clear,None
2024-08-04,MG Road,Road_4,59.3,25.4,0,64.9,112,66.6,74.3,1970,Rain,Major
2023-05-22,Electronic City,Road_7,89.9,9.2,2,84.4,165,49.2,74.8,4056,Rain,None
2024-02-11,Marathahalli,Road_7,62.0,25.9,0,67.2,181,73.7,73.9,3551,Clear,Major
2022-05-27,Silk Board,Road_13,84.7,15.9,4,100.0,216,42.5,61.8,2063,Cloudy,Major
2022-10-03,MG Road,Road_3,65.6,21.3,1,73.4,110,58.9,85.6,1476,Rain,Major
2023-12-11,MG Road,Road_11,69.8,26.0,0,67.7,232,54.7,84.0,4797,Haze,None
2022-11-22,Koramangala,Road_2,68.8,19.4,1,61.2,81,31.1,73.7,598,Rain,Minor
2024-07-03,Koramangala,Road_4,86.2,22.2,1,92.8,232,62.3,70.5,3201,Haze,Minor
2024-01-09,Silk Board,Road_16,93.7,12.0,3,91.2,244,55.3,79.1,3295,Haze,Minor
2023-11-08,Whitefield,Road_6,76.0,21.2,4,75.1,67,34.7,64.1,4169,Cloudy,Minor
2023-11-14,Indiranagar,Road_14,90.2,12.1,3,82.3,59,37.7,93.0,4242,Haze,Minor
2024-03-19,Brigade Road,Road_9,79.0,15.5,1,84.5,212,59.1,83.7,1897,Rain,None
2023-06-28,Indiranagar,Road_15,56.0,21.8,1,71.3,133,41.6,68.0,3687,Haze,None
2023-04-29,Electronic City,Road_14,72.9,19.4,0,78.0,62,43.2,88.1,581,Haze,Major
2022-03-08,Brigade Road,Road_11,73.2,23.1,2,62.0,233,60.2,62.6,4341,Cloudy,Major
2023-01-03,Whitefield,Road_11,48.0,26.1,0,53.0,81,73.7,61.9,2515,Rain,Minor
2022-01-22,Koramangala,Road_8,74.4,14.5,1,66.8,52,58.3,61.5,3220,Rain,Major
2024-07-19,Whitefield,Road_15,59.4,25.5,0,60.2,209,31.5,64.8,1775,Clear,Minor
2023-04-07,Whitefield,Road_9,86.0,20.1,1,98.9,150,44.5,89.1,613,Cloudy,Major
2022-04-12,Marathahalli,Road_6,71.2,17.8,0,74.9,106,50.4,92.8,958,Haze,Major
2022-04-15,Brigade Road,Road_3,72.0,22.6,1,94.0,119,44.0,88.5,2046,Rain,Major
2022-09-13,Silk Board,Road_5,57.1,26.7,0,56.6,60,51.2,64.8,717,Cloudy,Major
2024-06-01,Brigade Road,Road_11,91.4,13.3,3,95.0,220,55.2,70.0,4088,Clear,Minor
2022-05-14,Electronic City,Road_10,43.3,30.2,0,50.0,94,50.0,91.0,2448,Rain,Minor
2022-10-11,Electronic City,Road_5,81.9,12.3,1,84.7,175,49.6,82.9,2936,Rain,Minor
2022-12-12,Whitefield,Road_12,56.0,20.5,1,68.8,143,53.6,80.2,3502,Rain,Minor
2023-02-15,MG Road,Road_5,79.4,12.9,1,79.3,232,37.0,68.6,3541,Haze,Minor
2024-03-24,Indiranagar,Road_5,57.9,20.1,0,56.7,84,37.4,70.4,2065,Clear,Minor
2022-12-11,Indiranagar,Road_13,68.9,21.1,1,72.5,172,38.5,72.4,1986,Rain,Major
2022-04-02,MG Road,Road_11,78.2,16.4,1,85.6,74,32.1,64.3,4949,Clear,Major
2022-01-13,Electronic City,Road_10,79.2,16.2,2,86.9,159,51.0,76.5,2321,Clear,Minor
2023-03-07,MG Road,Road_6,88.1,13.9,2,99.7,159,49.5,77.7,3533,Haze,None
2024-01-08,MG Road,Road_14,71.9,25.8,1,79.0,152,52.8,73.4,879,Cloudy,Major
2023-12-04,Silk Board,Road_10,77.0,17.5,1,68.8,62,53.8,65.1,1033,Cloudy,Major
2022-01-25,Brigade Road,Road_14,70.2,22.4,1,68.4,135,73.2,72.0,2578,Clear,Major
2022-05-21,Electronic City,Road_14,69.1,19.4,0,61.8,70,31.3,86.7,4295,Rain,None
2022-02-16,Marathahalli,Road_13,78.1,21.7,2,90.0,244,56.4,83.4,4330,Cloudy,None
2024-06-08,Marathahalli,Road_9,73.9,22.6,0,84.8,196,70.3,63.2,3764,Haze,Major
2024-07-14,Marathahalli,Road_9,66.4,22.8,2,61.9,50,33.8,89.5,3987,Rain,Major
2024-04-20,Indiranagar,Road_5,72.5,19.1,1,88.5,52,70.2,91.8,2297,Cloudy,None
2022-02-06,MG Road,Road_5,77.7,17.1,0,83.6,115,50.4,77.1,987,Clear,Major
2022-06-21,Indiranagar,Road_7,58.9,20.0,0,71.2,152,69.9,88.8,798,Rain,Minor
2023-12-10,Silk Board,Road_4,35.0,34.6,0,50.0,132,35.9,63.7,627,Rain,Major
2024-06-09,Koramangala,Road_3,75.1,15.2,3,75.5,64,55.5,86.8,3468,Rain,Minor
2023-02-14,Indiranagar,Road_5,69.7,28.3,2,73.4,201,55.6,63.3,1967,Rain,Major
2023-09-15,Marathahalli,Road_2,66.2,23.0,0,67.2,214,71.2,92.7,4211,Haze,Major
2023-02-16,Electronic City,Road_2,65.6,24.0,0,71.5,188,46.3,76.5,923,Clear,Major
2022-11-20,Brigade Road,Road_6,73.0,23.3,1,79.4,110,32.7,88.2,3444,Clear,None
2023-12-28,Silk Board,Road_13,54.6,23.6,0,57.1,58,54.0,86.9,2851,Cloudy,Minor
2023-10-01,MG Road,Road_11,54.1,29.0,0,60.3,240,48.2,71.6,1096,Rain,Minor
2024-02-12,Brigade Road,Road_2,68.4,22.8,1,65.9,136,65.3,91.0,4809,Rain,Major
2023-06-03,Whitefield,Road_11,75.4,12.5,0,79.8,203,39.9,88.8,1109,Cloudy,Major
2023-01-05,Brigade Road,Road_9,63.8,21.0,0,71.7,196,67.5,63.5,790,Cloudy,Major
2024-06-11,MG Road,Road_7,77.3,21.0,0,68.7,141,36.7,82.4,4101,Cloudy,Major
2022-09-30,Brigade Road,Road_10,62.3,12.7,2,58.2,223,51.5,93.6,4308,Cloudy,Major
2024-04-24,MG Road,Road_12,65.2,18.4,1,67.4,175,68.1,61.6,536,Cloudy,None
2022-02-06,Marathahalli,Road_8,62.1,24.6,0,69.2,228,71.6,66.1,4342,Rain,Minor
2022-02-07,MG Road,Road_7,57.2,22.4,1,64.6,125,71.9,82.6,3376,Haze,Minor
2023-07-02,Indiranagar,Road_3,60.3,28.7,0,70.8,125,35.8,85.5,2911,Cloudy,None
2023-07-14,Marathahalli,Road_10,66.8,25.3,3,71.1,223,61.6,77.1,1958,Rain,None
2023-11-27,Whitefield,Road_8,74.9,13.7,3,79.3,172,70.2,90.8,4435,Clear,Major
2023-10-29,Marathahalli,Road_2,64.1,24.9,0,85.6,232,44.2,69.4,3453,Cloudy,Major
2023-02-15,Silk Board,Road_3,62.7,25.7,0,62.5,100,35.8,85.6,3313,Haze,Major
2024-07-09,Whitefield,Road_13,61.6,13.0,0,67.6,51,52.1,89.6,992,Haze,Major
2023-03-31,Whitefield,Road_7,78.0,19.2,0,86.1,97,39.5,66.4,4943,Rain,Major
2024-08-15,Whitefield,Road_2,81.9,17.2,3,79.1,56,70.1,68.7,2322,Clear,None
2023-12-28,Koramangala,Road_1,56.4,17.5,0,59.8,185,46.3,73.3,1383,Cloudy,Minor
2024-07-30,Brigade Road,Road_2,52.4,30.3,0,72.4,218,56.4,72.7,2363,Clear,None
2023-06-24,Electronic City,Road_2,56.0,23.4,1,61.2,129,44.6,84.3,3157,Rain,Major
2022-06-19,Electronic City,Road_13,57.5,24.7,0,51.1,132,71.4,64.5,1999,Cloudy,None
2024-02-28,Electronic City,Road_15,55.3,24.8,0,65.5,209,58.3,89.7,2907,Cloudy,Minor
2023-08-09,Indiranagar,Road_13,69.2,18.0,1,84.6,94,54.5,80.2,2200,Haze,Major
2022-07-26,Marathahalli,Road_8,75.3,21.3,0,83.4,249,71.1,69.8,3396,Rain,Major
2023-06-12,Electronic City,Road_15,57.2,19.3,0,66.4,176,47.2,63.0,1543,Cloudy,Major
2022-01-27,Whitefield,Road_11,77.9,18.5,0,97.6,182,58.2,64.5,1231,Rain,Major
2023-08-10,Koramangala,Road_14,99.0,8.0,0,92.9,194,30.3,67.8,2205,Clear,Major
2022-02-09,Brigade Road,Road_7,69.7,27.5,1,82.9,185,62.7,65.9,4817,Rain,Major
2023-08-18,Marathahalli,Road_8,69.3,21.8,2,81.8,142,71.2,64.2,3451,Cloudy,Major
2022-12-10,Koramangala,Road_7,79.6,20.1,3,74.1,230,50.7,92.0,2150,Rain,Minor
2024-04-23,Whitefield,Road_1,65.3,20.5,1,54.9,186,66.8,70.5,1980,Rain,Major
2023-09-08,Marathahalli,Road_5,60.3,21.6,0,64.7,212,32.7,72.9,1210,Haze,None
2022-02-20,Koramangala,Road_10,76.7,11.0,2,85.2,178,35.2,68.8,3761,Haze,Major
2023-02-04,Electronic City,Road_3,53.7,23.1,1,56.5,208,42.4,79.0,2520,Clear,Minor
2022-07-28,Indiranagar,Road_3,69.7,15.3,1,66.0,69,70.8,92.3,726,Clear,Major
2023-09-20,Indiranagar,Road_8,63.6,22.1,0,62.7,139,39.4,60.3,4172,Haze,Major
2023-04-26,Whitefield,Road_2,74.0,22.7,0,78.3,133,49.2,93.5,4448,Cloudy,Minor
2023-10-05,Silk Board,Road_9,67.0,20.9,2,67.9,236,46.0,87.1,3895,Haze,Major
2022-06-24,Indiranagar,Road_1,67.1,22.2,1,71.5,126,70.7,82.2,3973,Rain,Major
2022-08-02,Silk Board,Road_9,72.3,21.2,2,99.9,133,42.6,93.7,882,Cloudy,Minor
2023-01-25,Electronic City,Road_13,65.0,19.6,1,56.1,52,37.3,62.2,2967,Rain,Major
2024-06-12,Brigade Road,Road_16,83.4,17.7,2,97.7,191,72.1,71.8,1042,Haze,None
2023-10-21,Silk Board,Road_4,69.8,19.4,2,78.5,144,73.9,75.6,852,Rain,Major
2023-10-08,Silk Board,Road_12,64.4,13.4,0,59.2,135,70.5,66.2,680,Haze,None
2023-04-26,MG Road,Road_12,70.5,17.4,2,71.4,89,42.6,61.3,4814,Rain,None
2022-12-09,Brigade Road,Road_1,91.3,17.1,0,98.6,148,34.1,76.0,3335,Rain,Major
2022-07-30,Electronic City,Road_6,95.3,10.2,1,100.0,112,57.0,94.1,2241,Haze,None
2023-08-13,Marathahalli,Road_5,51.1,27.8,0,53.1,76,54.9,60.4,4794,Cloudy,None
2022-11-09,Silk Board,Road_1,86.8,17.4,2,100.0,230,60.2,69.3,1531,Cloudy,None
2022-07-11,Whitefield,Road_7,85.8,15.5,3,96.5,142,49.5,74.4,2709,Clear,Major
2023-08-24,Koramangala,Road_3,48.0,24.9,0,58.4,108,31.3,70.2,2778,Rain,Major
2024-02-15,Brigade Road,Road_11,53.8,26.2,1,79.0,108,36.7,69.3,3148,Cloudy,Minor
2022-03-12,Whitefield,Road_8,78.6,13.6,2,81.9,244,56.6,67.1,4555,Haze,Minor
2022-02-27,Whitefield,Road_10,67.3,25.0,1,84.5,149,32.5,72.8,1834,Clear,Major
2023-06-04,MG Road,Road_1,41.9,27.3,0,52.5,149,68.4,77.5,784,Haze,Major
2022-08-30,Brigade Road,Road_16,69.1,23.9,0,79.3,149,52.2,73.0,2391,Cloudy,Major
2024-08-06,Electronic City,Road_15,64.3,23.8,1,63.1,80,63.6,83.3,2323,Rain,Major
2024-01-11,Marathahalli,Road_5,77.0,13.5,1,74.9,133,59.8,60.7,2721,Rain,None
2024-04-08,Marathahalli,Road_10,62.4,30.6,0,73.7,111,40.1,75.5,1668,Haze,Minor
2022-11-14,Koramangala,Road_5,84.5,18.6,3,96.0,139,56.7,67.5,3543,Haze,Major
2024-03-14,Whitefield,Road_12,89.2,16.2,3,97.9,134,58.6,89.0,4181,Haze,Major
2023-11-18,Indiranagar,Road_7,72.1,17.1,0,87.2,107,69.2,82.9,2870,Clear,None
2022-08-08,MG Road,Road_11,83.8,14.4,1,89.7,178,56.5,70.8,4121,Cloudy,Major
2022-12-20,Whitefield,Road_15,65.0,19.9,0,67.0,101,61.9,69.5,3592,Clear,Minor
2023-09-10,Whitefield,Road_7,78.3,12.4,1,80.1,57,72.4,76.4,3563,Haze,Major
2024-04-11,Silk Board,Road_16,70.3,27.3,1,84.6,181,60.8,62.1,2385,Clear,None
2022-05-05,Whitefield,Road_2,79.2,13.8,3,85.1,125,61.8,78.2,2001,Clear,Major
2024-08-11,Silk Board,Road_10,69.1,18.7,1,74.5,100,32.9,84.8,534,Haze,Major
2022-03-28,Brigade Road,Road_10,60.8,17.8,0,55.0,218,57.7,93.5,4046,Clear,Major
2023-05-31,Brigade Road,Road_14,53.9,30.5,0,54.4,142,58.8,83.4,3869,Haze,Minor
2022-09-27,Indiranagar,Road_4,77.8,15.5,1,91.4,235,31.3,67.9,2075,Cloudy,Minor
2022-10-20,Brigade Road,Road_4,87.9,19.9,3,90.6,237,68.8,79.2,3610,Rain,Major
2023-02-03,Silk Board,Road_7,85.1,13.1,3,81.9,201,70.6,65.0,708,Rain,None
2022-08-20,Brigade Road,Road_2,79.2,17.5,1,80.4,52,30.5,87.2,1724,Haze,Major
2022-10-04,Brigade Road,Road_2,78.2,18.9,3,88.3,57,55.5,94.1,2121,Clear,Major
2022-08-26,Marathahalli,Road_1,64.1,22.7,0,81.7,126,72.6,88.5,3397,Haze,Major
2024-07-14,Brigade Road,Road_3,81.1,11.4,3,81.4,247,41.2,70.9,1277,Rain,Minor
2024-01-27,Silk Board,Road_10,93.9,11.9,0,80.6,82,64.8,64.1,4685,Rain,Major
2023-07-06,Marathahalli,Road_9,64.2,22.4,2,79.9,164,73.9,90.5,2352,Haze,Major
2022-04-13,MG Road,Road_6,68.5,21.9,0,63.2,147,60.2,89.4,2657,Haze,None
2024-06-10,Whitefield,Road_15,77.1,20.2,0,91.3,87,32.1,82.0,2002,Haze,None
2023-10-16,Electronic City,Road_4,83.4,15.8,2,83.0,249,58.6,94.4,1653,Clear,Major
2023-07-13,MG Road,Road_13,96.0,14.7,0,98.2,122,54.7,89.7,3847,Haze,Minor
2023-04-23,Electronic City,Road_10,63.9,24.2,0,65.2,170,72.4,90.8,3921,Haze,Major
2022-12-03,Indiranagar,Road_5,74.4,21.2,1,81.2,154,45.7,88.3,3158,Cloudy,None
2023-08-22,Indiranagar,Road_7,64.2,23.9,0,75.3,239,39.3,67.1,725,Cloudy,Major
2023-04-12,Electronic City,Road_5,72.8,24.7,0,73.9,165,44.9,83.0,3964,Rain,Major
2023-05-20,Indiranagar,Road_3,53.9,23.5,1,65.5,138,45.2,64.0,4089,Clear,None
2022-05-31,Marathahalli,Road_16,62.2,22.2,1,63.5,208,62.8,70.2,3059,Rain,Major
2022-09-13,Marathahalli,Road_7,55.6,24.4,1,57.3,188,30.9,67.4,657,Haze,Minor
2024-01-14,Marathahalli,Road_3,56.7,19.1,0,56.7,150,71.6,75.3,4976,Rain,Major
2022-06-27,Indiranagar,Road_3,74.2,17.9,0,84.8,136,59.2,67.7,2201,Cloudy,None
2022-01-20,Indiranagar,Road_14,90.6,13.1,1,96.9,194,63.6,65.9,3834,Rain,None
2022-05-29,Whitefield,Road_15,55.5,28.9,0,61.8,219,36.0,60.4,2493,Rain,Minor
2023-09-03,Brigade Road,Road_16,82.2,18.2,3,87.9,244,69.5,78.9,4889,Rain,Minor
2022-05-11,Koramangala,Road_6,99.0,8.0,2,100.0,109,73.1,75.7,3228,Rain,None
2022-07-26,Marathahalli,Road_7,69.5,25.1,2,66.7,152,54.8,88.1,4690,Cloudy,Minor
2022-03-19,MG Road,Road_7,86.8,17.9,1,85.9,194,46.9,83.8,2570,Haze,Major
2022-03-25,Brigade Road,Road_3,78.6,24.4,5,82.5,190,64.5,66.3,4665,Haze,Major
2023-06-21,Indiranagar,Road_7,53.6,26.5,0,58.3,142,50.3,72.2,956,Clear,None
2023-07-20,Brigade Road,Road_3,58.2,22.5,0,76.6,219,46.6,62.0,4894,Clear,None
2023-12-09,Indiranagar,Road_8,43.5,29.2,0,59.4,231,63.5,88.3,1927,Rain,Major
2023-07-01,Silk Board,Road_16,58.4,26.3,0,50.0,190,67.5,78.0,3011,Clear,Major
2024-01-10,Marathahalli,Road_7,63.6,24.0,0,68.5,190,61.8,71.0,1454,Rain,Minor
2022-07-08,Whitefield,Road_13,73.2,15.9,1,82.3,78,68.7,91.5,2489,Clear,Minor
2024-02-09,Electronic City,Road_13,66.9,18.9,0,67.7,58,61.1,68.8,3859,Clear,None
2023-01-16,Silk Board,Road_15,87.2,17.3,2,100.0,139,37.4,75.3,3189,Rain,None
2022-12-26,Koramangala,Road_1,79.7,20.6,3,78.2,105,48.8,84.6,1664,Haze,Major
2022-09-25,Silk Board,Road_6,82.7,19.9,0,95.6,165,44.7,61.8,3261,Cloudy,None
2024-02-24,Marathahalli,Road_15,96.8,9.0,2,99.4,241,46.9,88.1,4543,Clear,Major
2022-11-25,Brigade Road,Road_3,91.2,11.0,3,91.6,175,44.4,60.6,1982,Clear,None
2023-06-09,Silk Board,Road_11,86.4,18.8,0,87.5,173,31.5,62.4,4862,Clear,Major
2022-10-07,Electronic City,Road_10,60.6,20.1,0,68.5,248,39.4,81.2,713,Rain,None
2024-03-14,Koramangala,Road_2,65.2,24.3,0,77.3,200,73.1,86.0,1777,Haze,Major
2024-07-01,Brigade Road,Road_4,70.6,18.3,2,70.5,177,50.9,71.1,1519,Haze,None
2022-11-01,Indiranagar,Road_7,64.1,19.8,0,73.2,229,51.8,63.8,4705,Cloudy,None
2022-02-14,Koramangala,Road_5,75.7,22.6,0,83.9,76,57.0,81.9,2824,Cloudy,Major
2023-10-10,MG Road,Road_3,70.9,21.7,1,76.5,239,64.7,93.3,1635,Cloudy,None
2023-09-08,Koramangala,Road_8,86.7,8.0,1,97.0,99,56.1,74.8,3052,Haze,None
2023-11-03,MG Road,Road_2,57.9,24.2,0,64.3,139,45.0,69.9,3979,Cloudy,None
2023-11-12,Koramangala,Road_1,64.0,23.8,0,74.4,118,51.5,73.3,3601,Rain,Minor
2022-02-26,Brigade Road,Road_3,69.0,22.1,3,66.2,151,54.1,85.2,3212,Rain,None
2023-06-12,Brigade Road,Road_5,55.4,33.5,0,53.1,184,67.4,65.1,1597,Cloudy,Major
2023-03-10,Koramangala,Road_16,54.7,31.7,0,57.8,110,44.9,80.3,3702,Haze,Minor
2022-01-06,MG Road,Road_16,82.4,22.3,0,90.4,186,66.8,84.4,2639,Haze,Minor
2022-02-06,Silk Board,Road_1,81.7,16.0,2,90.5,221,52.3,68.2,1447,Rain,Minor
2022-05-27,Brigade Road,Road_5,60.3,23.8,0,68.2,93,56.0,85.2,1266,Cloudy,None
2022-01-25,MG Road,Road_12,75.5,16.1,1,86.5,193,68.4,66.4,3422,Cloudy,None
2024-02-13,Marathahalli,Road_3,65.4,15.3,0,74.8,249,60.6,60.8,1235,Cloudy,Major
2023-08-30,Koramangala,Road_12,52.1,25.4,0,71.1,226,56.4,83.6,2126,Cloudy,Major
2024-01-08,MG Road,Road_9,62.4,25.2,0,76.0,165,67.7,75.5,1867,Cloudy,Minor
2023-06-04,Silk Board,Road_1,88.3,15.6,0,85.2,117,74.4,93.9,863,Rain,Major
2023-12-25,Indiranagar,Road_2,35.0,37.5,1,50.0,55,74.7,92.8,1746,Clear,Minor
2022-03-09,Brigade Road,Road_12,66.8,21.9,0,57.7,159,52.4,84.6,3337,Clear,None
2022-02-06,Silk Board,Road_7,71.3,22.8,3,80.1,193,53.9,75.6,1262,Haze,Minor
2022-08-21,Whitefield,Road_1,79.4,18.2,1,79.6,149,54.2,70.7,1715,Rain,Minor
2022-12-02,Koramangala,Road_13,64.0,21.5,0,72.4,199,69.2,89.4,2106,Haze,None
2024-02-18,Electronic City,Road_2,72.9,20.0,1,68.3,200,70.3,84.6,4282,Haze,Minor
2022-08-10,Marathahalli,Road_1,73.0,20.3,3,77.2,72,62.9,70.8,839,Clear,Minor
2022-04-26,Silk Board,Road_10,60.9,22.2,0,54.5,51,33.2,84.8,2885,Rain,None
2022-08-20,Silk Board,Road_4,75.5,25.7,0,58.2,159,33.3,66.6,3291,Rain,None
2024-05-07,Brigade Road,Road_6,89.4,14.0,4,100.0,80,51.5,72.7,4437,Rain,Minor
2022-07-14,Electronic City,Road_13,69.8,16.6,0,84.9,240,44.0,88.8,4893,Clear,None
2022-10-25,Indiranagar,Road_7,53.7,22.6,0,50.4,231,65.2,94.1,4644,Haze,None
2022-11-06,Whitefield,Road_11,95.6,10.1,4,95.2,154,44.0,90.2,3822,Rain,None
2024-05-24,Whitefield,Road_11,74.0,22.5,2,74.5,210,36.4,80.8,2093,Rain,None
2023-04-25,Brigade Road,Road_16,58.2,27.8,0,52.7,164,43.4,69.0,691,Cloudy,None
2022-02-16,Whitefield,Road_9,81.2,14.5,1,82.7,54,33.9,76.1,3267,Clear,Major
2023-01-04,MG Road,Road_1,54.6,28.1,0,59.6,58,33.7,75.6,4988,Haze,Minor
2023-07-21,Koramangala,Road_16,99.0,13.6,2,100.0,94,63.5,85.0,4929,Clear,Major
2023-08-07,Marathahalli,Road_3,49.1,24.7,0,59.1,143,38.5,84.5,3864,Cloudy,None
2024-05-16,Marathahalli,Road_9,48.5,26.5,0,58.0,149,71.9,93.0,4616,Clear,Major
2022-05-08,Koramangala,Road_5,54.3,27.0,1,50.0,107,64.8,82.0,4818,Rain,None
2023-06-18,Brigade Road,Road_6,69.8,24.9,1,73.2,147,47.4,62.3,697,Haze,Major
2022-12-22,Indiranagar,Road_7,89.7,12.0,4,95.3,77,35.0,90.0,1920,Haze,Minor
2023-08-14,Whitefield,Road_14,89.6,8.0,0,100.0,90,42.9,92.3,2943,Rain,Minor
2023-06-19,Koramangala,Road_9,70.4,27.3,1,79.8,66,72.5,70.6,4488,Cloudy,Minor
2024-02-11,Brigade Road,Road_10,63.4,25.4,1,65.6,192,55.2,89.3,4644,Rain,Major
2022-10-14,Koramangala,Road_13,71.7,17.1,1,79.6,79,59.3,85.5,2432,Haze,Minor
2022-10-05,Whitefield,Road_15,99.0,11.0,1,97.3,50,48.7,94.7,1691,Cloudy,Major
2023-02-19,Whitefield,Road_4,92.7,9.1,2,86.5,240,60.2,74.5,3510,Rain,Major
2022-04-13,Marathahalli,Road_5,83.0,20.8,3,90.9,126,73.0,65.8,882,Rain,Major
2023-06-08,MG Road,Road_8,84.8,16.1,2,85.9,178,43.2,63.8,2226,Clear,None
2024-04-23,Whitefield,Road_11,66.1,26.3,1,71.2,73,45.5,94.9,3036,Haze,None
2023-01-15,Whitefield,Road_16,67.6,21.0,1,83.0,91,67.1,66.7,3311,Clear,Minor
2023-06-24,Brigade Road,Road_15,61.9,20.0,1,70.4,197,61.9,92.6,4634,Clear,None
2024-04-23,Electronic City,Road_13,63.1,23.4,2,66.6,155,74.6,71.0,4559,Cloudy,Minor
2022-12-08,Marathahalli,Road_13,58.9,20.2,3,62.5,157,73.8,63.4,1425,Clear,Major
2022-05-12,MG Road,Road_16,70.7,20.6,1,79.5,165,32.0,91.4,668,Haze,Minor
2023-04-03,Marathahalli,Road_9,72.9,16.0,2,79.9,118,42.7,84.0,4873,Haze,Major
2023-11-24,Brigade Road,Road_2,48.4,21.5,0,50.1,212,55.0,68.8,4055,Cloudy,None
2024-01-21,Indiranagar,Road_14,69.2,18.2,0,87.3,60,37.7,71.8,560,Haze,Major
2023-02-15,Koramangala,Road_1,59.3,23.4,0,86.3,198,60.7,69.7,2076,Cloudy,Minor
2024-02-07,MG Road,Road_8,62.8,22.3,0,55.0,69,54.4,90.8,3861,Haze,Major
2022-09-07,Whitefield,Road_10,56.8,27.2,0,67.6,154,70.5,89.0,2972,Clear,None
2024-02-14,Koramangala,Road_12,96.8,10.4,3,100.0,235,63.5,61.7,3412,Haze,Minor
2022-05-06,Marathahalli,Road_13,74.9,26.5,3,85.0,142,54.2,75.5,2518,Rain,None
2022-08-02,Indiranagar,Road_12,84.3,14.4,3,89.5,55,52.6,64.1,512,Cloudy,None
2023-11-30,Electronic City,Road_3,83.3,18.8,0,96.1,192,58.7,72.9,2510,Rain,None
2023-03-16,Indiranagar,Road_1,63.9,28.4,2,69.4,192,42.0,63.4,2781,Haze,Minor
2024-08-15,Electronic City,Road_14,66.8,16.7,0,73.1,239,31.0,74.6,4603,Haze,None
2022-04-10,Whitefield,Road_5,81.7,14.7,0,90.7,138,47.3,91.5,3636,Cloudy,None
2022-09-18,Electronic City,Road_10,83.6,16.4,0,82.3,71,68.2,90.3,2303,Cloudy,None
2022-09-12,Electronic City,Road_2,79.9,17.3,2,90.5,142,74.6,71.1,1008,Clear,Major
2023-12-14,MG Road,Road_5,71.1,23.9,1,81.7,62,47.5,63.9,3320,Cloudy,None
2023-09-07,Koramangala,Road_12,83.3,11.1,2,100.0,56,37.6,63.7,3014,Haze,Major
2024-05-10,Koramangala,Road_7,62.2,28.6,0,72.2,65,49.0,92.0,4319,Haze,Major
2022-10-22,Whitefield,Road_6,35.0,34.4,0,50.0,130,45.3,91.2,4603,Clear,Minor
2023-06-08,MG Road,Road_15,65.8,19.3,0,71.0,127,52.9,66.6,1562,Haze,Major
2024-04-27,Indiranagar,Road_1,75.6,18.0,2,73.2,68,67.5,77.9,3595,Haze,None
2023-07-10,MG Road,Road_16,75.4,14.1,0,73.8,179,45.8,69.0,1107,Clear,Major
2024-02-13,Brigade Road,Road_3,55.2,23.6,0,53.5,231,59.9,64.0,3244,Clear,Minor
2023-08-18,Koramangala,Road_9,96.3,15.6,5,100.0,101,34.1,77.1,1352,Haze,Major
2022-01-25,Marathahalli,Road_11,49.9,29.7,0,50.3,115,46.6,78.8,1290,Rain,Major
2022-11-26,Koramangala,Road_15,65.8,31.9,2,73.0,126,61.9,89.3,537,Cloudy,Major
2024-06-18,Silk Board,Road_8,56.5,32.0,1,65.8,117,35.4,72.8,1433,Clear,Major
2022-03-19,Whitefield,Road_6,77.3,19.1,0,84.8,233,74.6,67.1,3085,Rain,Minor
2023-05-25,MG Road,Road_7,64.1,23.9,1,65.1,70,32.6,86.2,4104,Cloudy,Major
2022-12-20,Koramangala,Road_2,65.8,25.0,0,66.0,66,35.7,64.1,4535,Clear,Major
2022-03-28,MG Road,Road_3,46.2,34.9,0,50.0,215,42.5,74.8,4419,Clear,Minor
2024-08-04,Whitefield,Road_12,46.2,34.5,0,52.0,86,61.8,76.5,2152,Rain,Major
2023-11-15,Koramangala,Road_1,54.6,14.7,0,50.0,190,58.6,62.2,1455,Haze,None
2022-06-07,Marathahalli,Road_2,78.6,13.4,0,85.8,216,53.1,84.3,4851,Haze,Major
2024-03-08,Brigade Road,Road_14,88.8,8.8,2,93.4,169,41.1,65.5,3627,Cloudy,None
2024-03-10,Marathahalli,Road_11,58.7,21.1,0,69.4,58,42.9,86.8,4738,Haze,Major
2022-06-27,Marathahalli,Road_7,87.6,18.7,2,100.0,130,56.4,62.0,2468,Haze,None
2023-05-02,Whitefield,Road_8,80.9,9.8,1,95.8,197,32.0,77.8,3160,Haze,None
2024-07-23,Whitefield,Road_3,63.7,24.2,0,79.6,186,60.6,64.9,646,Clear,Minor
2022-06-30,Koramangala,Road_3,72.5,19.9,1,89.4,223,35.1,84.9,957,Clear,None
2024-07-18,Indiranagar,Road_13,76.3,20.5,0,83.8,181,30.9,78.1,3919,Haze,Major
2023-09-14,Indiranagar,Road_13,54.3,25.6,0,64.8,210,64.1,92.2,2448,Cloudy,None
2023-07-21,Electronic City,Road_7,73.9,21.6,0,85.3,157,75.0,76.2,4015,Cloudy,None
2023-08-01,Silk Board,Road_3,81.5,11.9,0,99.8,231,43.6,73.0,2425,Cloudy,Major
2023-07-26,Marathahalli,Road_16,75.6,24.9,0,96.6,84,46.8,66.7,1511,Haze,Minor
2023-06-07,MG Road,Road_1,71.5,24.8,1,81.7,210,37.7,73.7,2864,Rain,Minor
2024-02-10,Silk Board,Road_11,74.8,15.6,2,86.3,168,33.6,81.8,3590,Cloudy,Minor
2023-05-22,MG Road,Road_5,61.4,22.5,1,70.3,248,65.2,66.9,2203,Clear,Minor
2024-08-16,Marathahalli,Road_2,68.7,21.6,1,77.1,247,50.7,60.6,2964,Cloudy,None
2024-06-26,Marathahalli,Road_10,73.1,16.2,0,89.3,79,67.7,82.4,3706,Cloudy,Minor
2022-01-13,Silk Board,Road_6,53.5,32.2,1,69.4,193,51.3,63.7,1169,Cloudy,Minor
2022-07-10,Electronic City,Road_9,70.9,26.4,1,75.0,176,60.4,87.1,4668,Haze,None
2023-05-27,Whitefield,Road_3,72.1,8.7,2,89.1,51,65.2,71.5,3340,Clear,None
2024-05-06,Electronic City,Road_15,74.3,24.1,0,85.9,216,40.2,93.0,747,Rain,Major
2023-10-17,Electronic City,Road_4,76.2,18.4,1,80.0,185,74.8,80.6,3356,Cloudy,Major
2022-10-02,Marathahalli,Road_15,70.5,14.7,1,75.8,50,51.8,86.4,2205,Rain,Minor
2022-12-11,Indiranagar,Road_14,93.2,15.4,1,98.7,128,33.0,73.9,4599,Clear,None
2023-09-17,Electronic City,Road_2,69.3,11.7,2,70.5,179,38.4,62.6,974,Rain,Minor
2022-12-24,Marathahalli,Road_6,56.8,18.4,1,75.6,216,52.9,84.1,2200,Haze,Minor
2022-02-12,Brigade Road,Road_14,73.5,16.7,1,75.0,157,61.5,85.3,3295,Haze,Minor
2022-07-30,Whitefield,Road_4,49.2,37.1,0,61.4,163,74.1,64.4,4834,Clear,None
2023-04-26,Whitefield,Road_5,75.7,15.9,2,69.8,235,61.0,62.3,2007,Rain,Minor
2022-01-12,Brigade Road,Road_6,69.6,21.0,0,60.7,235,46.5,71.7,3769,Haze,None
2022-04-08,Brigade Road,Road_16,73.9,27.2,2,80.5,199,34.5,65.2,1800,Haze,None
2022-05-11,Marathahalli,Road_16,93.3,8.0,1,100.0,75,64.9,87.2,3903,Clear,Major
2023-11-09,Indiranagar,Road_7,62.2,24.3,0,84.5,59,44.9,71.5,1724,Rain,Major
2023-10-04,Electronic City,Road_12,52.1,26.8,1,53.3,122,56.9,94.3,635,Haze,None
2024-04-21,Koramangala,Road_12,92.5,9.3,0,100.0,202,66.3,70.2,1813,Haze,None
2022-09-10,MG Road,Road_1,80.5,18.6,2,70.4,78,58.5,61.2,895,Rain,Minor
2023-07-30,MG Road,Road_3,61.3,31.2,0,76.2,66,51.2,60.9,2161,Haze,Major
2024-05-25,Indiranagar,Road_4,63.3,19.6,1,71.8,132,51.2,66.5,2616,Haze,None
2022-05-31,Koramangala,Road_13,86.7,21.6,1,84.4,52,37.5,79.5,1233,Cloudy,Major
2023-05-26,Brigade Road,Road_13,60.3,23.7,1,50.0,98,57.7,85.3,1370,Rain,Minor
2023-11-23,Electronic City,Road_8,71.4,24.4,0,69.8,62,67.3,85.7,576,Haze,None
2023-06-26,Brigade Road,Road_8,85.3,10.6,3,79.6,54,41.2,84.0,3103,Rain,Minor
2024-04-01,Koramangala,Road_11,81.2,15.0,1,81.7,181,33.1,87.4,1751,Clear,None
2022-06-07,Electronic City,Road_5,67.4,22.2,1,74.6,245,43.1,67.4,4822,Haze,Minor
2023-11-19,MG Road,Road_5,60.0,26.5,0,71.0,195,45.0,60.6,1734,Haze,Major
2023-04-04,Koramangala,Road_10,65.3,20.5,0,65.9,189,71.6,88.5,3992,Rain,None
2024-07-20,MG Road,Road_16,57.0,21.6,0,60.4,54,35.6,89.3,4900,Cloudy,Major
2024-01-14,Electronic City,Road_15,66.9,18.5,0,56.0,57,42.7,65.5,2948,Rain,Major
2024-07-20,Silk Board,Road_9,71.1,20.7,1,83.8,222,50.4,91.4,1432,Cloudy,Minor
2023-11-28,Whitefield,Road_13,91.5,10.1,2,100.0,194,62.6,80.2,4691,Cloudy,Minor
2022-03-19,Electronic City,Road_1,65.8,15.2,1,81.8,140,44.6,63.0,2841,Cloudy,Minor
2022-12-15,Brigade Road,Road_7,51.3,29.0,0,52.9,185,34.4,67.6,1936,Rain,None
2023-01-17,Marathahalli,Road_15,44.0,32.1,0,50.0,50,43.8,91.2,3932,Haze,Minor
2022-10-23,Brigade Road,Road_5,60.4,26.6,1,57.8,108,30.7,74.4,2258,Haze,Major
2022-05-23,Silk Board,Road_14,74.0,16.2,0,73.2,70,32.4,91.3,2869,Haze,Minor
2023-12-16,Brigade Road,Road_8,71.5,22.3,1,81.0,63,61.1,61.0,2751,Clear,Minor
2023-12-19,Koramangala,Road_15,83.0,8.0,1,100.0,75,39.7,75.1,1458,Cloudy,Major
2024-08-11,MG Road,Road_8,74.5,18.4,2,75.8,170,58.4,85.8,2478,Clear,None
2023-12-24,Indiranagar,Road_10,46.8,25.3,1,60.4,80,45.2,68.0,3508,Rain,None
2024-02-26,Indiranagar,Road_1,92.4,12.8,2,93.7,240,67.5,80.1,3714,Cloudy,None
2023-05-22,Silk Board,Road_12,82.9,16.6,2,83.8,183,66.2,90.1,864,Clear,Minor
2023-04-02,Indiranagar,Road_12,66.4,18.6,1,60.0,76,32.0,89.7,4114,Haze,Major
2022-01-24,MG Road,Road_3,58.2,24.7,0,55.0,91,42.6,71.8,2533,Cloudy,None
2023-08-06,Silk Board,Road_2,73.0,24.7,0,79.1,149,60.6,91.2,3882,Cloudy,None
2022-12-23,Electronic City,Road_14,75.8,18.8,0,88.7,157,54.2,78.0,809,Cloudy,Major
2023-07-16,Brigade Road,Road_14,61.4,18.0,0,59.3,194,33.8,68.1,4204,Haze,Major
2023-10-07,MG Road,Road_2,60.8,28.1,2,53.6,153,33.6,74.1,1356,Haze,Major
2022-12-09,MG Road,Road_14,65.1,21.4,1,67.1,118,35.8,81.7,3680,Clear,None
2023-07-02,Marathahalli,Road_3,84.7,9.4,0,79.3,60,70.2,89.8,4784,Rain,None
2022-02-11,Silk Board,Road_13,69.3,16.5,1,89.8,107,32.7,91.5,1272,Clear,None
2022-07-11,Electronic City,Road_4,80.9,15.1,0,82.8,190,74.8,72.9,4198,Clear,Minor
2023-12-29,Silk Board,Road_5,63.4,18.1,0,58.4,144,48.0,76.6,2722,Haze,Minor
2023-08-03,Marathahalli,Road_2,70.8,20.2,0,78.0,65,64.3,91.2,2929,Haze,Major
2024-06-24,Whitefield,Road_2,70.0,21.8,0,67.7,124,53.8,67.2,4410,Haze,Major
2023-04-23,Electronic City,Road_14,75.4,11.6,2,90.0,177,39.0,78.5,3947,Rain,Major
2023-02-12,Brigade Road,Road_8,59.7,21.8,3,55.7,59,35.9,65.0,3658,Haze,Minor
2023-11-29,Electronic City,Road_6,82.4,17.5,2,77.7,143,36.8,79.6,4256,Clear,Minor
2023-04-03,MG Road,Road_13,86.4,17.2,0,93.7,132,48.3,86.6,2632,Haze,Minor
2022-04-09,Koramangala,Road_11,83.3,18.9,0,90.1,195,46.9,81.8,3578,Rain,Minor
2023-01-16,Koramangala,Road_7,64.7,23.0,1,82.2,176,56.8,77.0,4607,Cloudy,Minor
2023-03-25,Marathahalli,Road_5,50.7,31.2,0,62.4,127,71.7,74.2,598,Rain,None
2022-08-28,Electronic City,Road_7,84.3,13.5,0,84.7,192,69.0,71.7,2893,Haze,Minor
2023-11-14,MG Road,Road_16,53.5,32.9,0,55.8,102,65.2,75.0,3916,Cloudy,Minor
2022-09-09,Whitefield,Road_16,71.0,17.8,0,65.0,220,38.3,65.3,2490,Clear,Major
2023-02-09,Marathahalli,Road_7,71.5,22.0,1,60.7,129,35.1,94.8,3638,Clear,Minor
2024-03-22,Brigade Road,Road_9,72.9,21.2,0,77.0,170,65.6,73.7,2307,Rain,None
2024-02-27,Silk Board,Road_2,64.5,26.8,0,70.1,142,65.7,79.3,3581,Haze,Major
2022-06-16,MG Road,Road_5,66.3,24.9,2,93.4,68,42.1,62.1,4930,Clear,Minor
2022-09-17,Koramangala,Road_7,84.7,11.2,0,79.2,103,41.6,89.7,644,Rain,Major
2024-02-29,Indiranagar,Road_4,75.3,18.2,1,81.8,53,72.9,61.8,841,Clear,Major
2022-10-25,Marathahalli,Road_12,44.0,33.4,0,54.8,107,53.2,85.1,1024,Clear,None
2023-02-15,Silk Board,Road_7,56.6,25.7,0,51.6,106,62.1,69.0,3211,Haze,Major
2023-12-12,Whitefield,Road_3,80.2,17.2,1,92.8,229,60.1,71.7,3695,Clear,Major
2022-12-03,Marathahalli,Road_7,59.7,27.2,0,50.0,177,71.3,72.0,2689,Cloudy,Major
2022-04-21,Silk Board,Road_8,74.3,20.1,1,69.2,186,44.9,84.5,1190,Cloudy,None
2023-12-08,Marathahalli,Road_5,82.4,14.1,1,86.1,99,58.6,70.3,3212,Clear,Minor
2022-04-21,Marathahalli,Road_2,89.2,15.2,3,86.4,203,71.5,90.3,4218,Haze,None
2022-04-03,Brigade Road,Road_4,68.9,17.3,1,86.5,72,69.7,79.8,1691,Clear,Major
2022-12-10,Electronic City,Road_8,70.0,17.9,0,75.9,118,69.2,76.7,1238,Rain,Minor
2022-10-09,Indiranagar,Road_13,94.1,8.0,5,100.0,64,67.8,79.0,4959,Rain,None
2023-02-08,Silk Board,Road_7,72.4,23.8,3,82.5,180,60.2,89.3,3026,Rain,None
2022-11-22,Brigade Road,Road_2,69.6,24.1,1,84.7,144,51.0,60.1,4754,Rain,Minor
2022-01-16,Whitefield,Road_10,86.2,14.1,2,100.0,198,65.5,64.8,3696,Haze,Minor
2023-02-24,Marathahalli,Road_8,61.0,24.1,0,65.6,83,71.8,82.0,1144,Cloudy,None
2024-08-06,Whitefield,Road_3,75.4,19.7,4,80.6,60,45.6,71.7,2409,Haze,Major
2022-11-06,MG Road,Road_6,66.5,24.6,0,68.9,66,54.0,81.2,4257,Haze,None
2022-05-02,MG Road,Road_8,87.5,23.8,3,95.4,142,67.8,60.8,1260,Rain,Major
2024-05-15,MG Road,Road_2,62.3,21.3,1,62.7,238,43.1,87.2,875,Haze,None
2024-05-14,Silk Board,Road_12,68.8,22.3,2,77.6,203,63.2,91.8,4713,Rain,None
2022-11-20,Indiranagar,Road_10,79.7,21.1,1,84.9,75,70.8,67.7,3526,Rain,Minor
2023-07-02,Electronic City,Road_1,93.3,18.4,0,100.0,128,32.8,91.7,1191,Haze,Major
2022-01-04,MG Road,Road_12,74.6,14.5,0,66.9,214,38.8,63.0,3538,Haze,Minor
2024-05-18,Indiranagar,Road_14,88.0,19.5,2,100.0,176,41.7,60.8,4514,Haze,Minor
2024-08-04,Brigade Road,Road_5,70.2,24.1,0,78.4,162,62.7,79.8,2662,Rain,Major
2022-06-23,Whitefield,Road_12,63.7,24.9,0,73.6,111,46.5,88.8,4242,Rain,Major
2022-11-15,MG Road,Road_7,71.6,26.4,0,78.0,93,40.5,81.0,1123,Cloudy,None
2024-07-13,Silk Board,Road_11,54.5,23.1,0,59.0,203,34.1,86.5,1616,Rain,Major
2023-08-28,MG Road,Road_7,68.2,25.3,0,65.3,190,36.8,80.8,3052,Rain,Minor
2024-03-29,Silk Board,Road_6,70.2,30.8,0,76.2,212,37.5,88.2,4897,Haze,Major
2023-03-27,Marathahalli,Road_4,44.9,32.6,0,50.0,188,44.6,64.9,1732,Rain,None
2024-06-22,Koramangala,Road_8,79.9,15.6,1,84.2,245,31.2,79.0,3420,Rain,None
2022-05-27,Marathahalli,Road_12,52.3,33.8,0,55.3,84,47.9,79.2,921,Clear,Minor
2024-06-07,Silk Board,Road_8,60.9,23.3,0,79.7,194,64.4,75.8,2684,Rain,Minor
2023-04-28,Silk Board,Road_1,74.8,19.2,3,78.2,132,71.7,61.4,4764,Haze,None
2023-07-12,MG Road,Road_9,73.3,22.2,0,69.4,92,45.8,62.6,4835,Haze,None
2024-05-28,Marathahalli,Road_10,69.6,18.1,1,69.5,241,37.8,90.1,2955,Clear,Minor
2022-08-04,Electronic City,Road_8,70.8,23.8,1,87.4,187,30.3,87.3,4510,Cloudy,None
2023-01-30,Silk Board,Road_13,89.3,17.8,2,91.3,135,34.2,86.7,3356,Clear,Minor
2022-06-28,Indiranagar,Road_6,60.3,19.7,0,68.4,136,61.3,90.6,3198,Cloudy,None
2022-09-27,Marathahalli,Road_7,67.6,18.0,1,69.7,181,45.1,88.1,846,Rain,None
2023-11-18,MG Road,Road_11,54.3,25.4,0,52.5,101,46.3,80.2,4011,Haze,Major
2023-02-24,MG Road,Road_7,63.1,22.6,0,70.2,231,42.9,73.5,4367,Cloudy,None
2022-04-04,Whitefield,Road_7,68.9,23.1,0,75.4,137,34.7,81.1,4616,Clear,Major
2024-01-08,Marathahalli,Road_5,73.9,19.0,1,89.9,160,48.8,77.7,1163,Clear,Minor
2022-05-02,Silk Board,Road_15,56.6,18.3,0,71.1,199,66.3,92.7,2757,Cloudy,None
2022-04-02,Indiranagar,Road_12,53.8,28.6,1,61.6,160,73.8,78.2,1389,Cloudy,Major
2023-08-09,Marathahalli,Road_4,93.3,8.0,0,79.7,76,34.6,83.2,3753,Rain,Minor
2022-10-29,Brigade Road,Road_16,77.9,12.6,0,73.5,83,57.5,79.0,1851,Rain,Major
2023-03-14,Whitefield,Road_5,60.2,16.2,0,68.8,75,33.6,70.2,3967,Clear,Major
2024-06-21,Brigade Road,Road_2,71.0,19.7,2,87.9,85,48.4,86.3,1305,Clear,Minor
2022-11-07,Electronic City,Road_4,56.2,28.3,0,50.0,215,56.0,94.9,1487,Haze,None
2022-11-13,Koramangala,Road_1,79.2,11.8,2,89.8,82,51.1,69.4,1626,Clear,None
2022-02-25,Brigade Road,Road_15,79.3,22.6,2,94.9,154,65.7,80.1,2537,Haze,Minor
2024-05-05,Electronic City,Road_7,83.5,12.5,1,82.5,210,48.8,85.4,2298,Haze,None
2024-05-09,Brigade Road,Road_6,63.7,20.4,1,69.0,152,63.4,80.0,2443,Rain,Minor
2023-05-18,Koramangala,Road_9,81.9,19.1,1,84.0,112,55.2,79.5,676,Rain,Major
2022-06-21,Koramangala,Road_12,66.9,19.2,1,71.3,184,35.4,67.9,1553,Haze,Major
2023-03-23,Koramangala,Road_10,92.1,13.4,3,100.0,162,41.2,69.5,3262,Haze,Minor
2024-02-09,Koramangala,Road_4,63.8,19.4,0,74.2,237,46.1,90.6,3748,Cloudy,None
2023-06-04,Koramangala,Road_16,97.0,8.5,1,93.9,144,42.0,62.7,4674,Clear,None
2022-06-04,Brigade Road,Road_13,67.7,19.5,3,70.1,117,45.1,88.2,1534,Cloudy,Minor
2023-10-25,Koramangala,Road_10,72.0,30.0,0,81.8,244,54.8,72.0,2830,Clear,Minor
2023-10-27,Whitefield,Road_13,64.4,21.4,1,80.1,176,49.3,76.1,3738,Haze,None
2022-12-27,Marathahalli,Road_4,61.0,27.2,2,87.1,82,50.0,64.9,4442,Clear,Minor
2024-08-06,Brigade Road,Road_15,76.2,19.8,0,81.3,139,50.4,75.1,2673,Rain,Major
2023-11-26,Electronic City,Road_8,84.1,14.4,2,87.5,50,65.0,73.9,2809,Cloudy,Major
2023-01-11,Indiranagar,Road_10,85.0,17.2,1,86.2,116,32.0,79.1,4443,Haze,Minor
2023-04-10,Indiranagar,Road_13,75.2,13.7,0,76.6,213,69.0,69.5,4344,Cloudy,Major
2023-04-21,Marathahalli,Road_3,64.9,24.6,0,89.0,92,33.5,76.1,1534,Cloudy,None
2022-06-29,Marathahalli,Road_3,67.6,21.5,0,72.4,139,56.1,91.2,2252,Cloudy,None
2022-01-13,Indiranagar,Road_6,57.0,30.0,0,62.8,221,74.0,83.5,2337,Haze,Minor
2022-12-14,Marathahalli,Road_12,58.3,20.6,0,59.6,227,74.9,75.1,3450,Rain,None
2022-02-16,Koramangala,Road_11,62.0,18.0,0,54.6,130,74.1,83.4,4028,Rain,None
2023-08-04,Whitefield,Road_7,61.6,25.3,0,63.6,221,69.3,63.2,1547,Clear,Minor
2022-12-08,Electronic City,Road_14,65.1,15.5,0,74.9,85,67.5,62.0,2461,Haze,Major
2024-05-04,Marathahalli,Road_1,58.4,27.1,1,66.9,57,70.4,92.8,3494,Clear,Major
2022-12-27,Electronic City,Road_5,65.4,21.9,0,71.7,221,52.6,74.8,4987,Haze,None
2023-04-14,Whitefield,Road_7,77.8,18.0,1,84.4,232,50.0,72.0,1220,Rain,Major
2023-07-30,Brigade Road,Road_10,88.3,11.3,2,85.3,129,58.5,74.5,2343,Rain,Minor
2023-11-24,Brigade Road,Road_8,66.5,17.3,0,71.0,60,40.8,82.1,2946,Cloudy,Minor
2023-03-06,Indiranagar,Road_1,72.4,25.4,1,68.6,244,32.3,88.6,3147,Clear,Major
2022-06-17,Koramangala,Road_16,96.9,8.0,1,100.0,174,50.8,89.5,1563,Rain,Major
2022-03-21,Koramangala,Road_7,72.4,17.4,0,96.4,103,30.5,94.0,705,Rain,Major
2023-07-13,Indiranagar,Road_12,87.7,21.5,1,78.9,92,74.8,80.7,2193,Haze,Minor
2024-05-28,Brigade Road,Road_6,53.2,24.9,1,59.5,157,49.1,61.8,2215,Rain,None
2022-07-13,Brigade Road,Road_5,80.5,20.2,3,87.4,237,45.1,80.3,4340,Clear,Minor
2022-11-26,Brigade Road,Road_6,67.8,29.2,0,72.8,177,33.4,77.8,650,Clear,Major
2023-06-17,MG Road,Road_4,84.9,17.8,0,80.7,183,59.6,89.3,4874,Rain,Major
2023-08-20,Indiranagar,Road_8,82.5,15.0,1,76.5,74,42.9,90.5,3920,Clear,Major
2022-03-19,Silk Board,Road_12,68.8,20.9,1,68.3,207,68.0,62.0,2789,Rain,None
2023-02-11,Whitefield,Road_16,74.2,22.2,1,76.2,147,49.5,83.7,3300,Rain,Major
2022-07-29,Koramangala,Road_1,64.2,24.4,2,88.4,70,62.0,83.8,4370,Clear,Major
2022-04-26,MG Road,Road_15,71.6,25.9,0,79.8,123,52.7,75.8,4446,Cloudy,Major
2024-02-11,MG Road,Road_15,68.7,14.5,1,72.0,116,41.6,63.7,3354,Clear,Major
2022-05-13,Indiranagar,Road_6,69.7,16.9,1,78.3,88,57.7,88.0,4821,Clear,Major
2024-02-11,Whitefield,Road_2,88.5,11.7,1,90.4,235,64.2,65.2,1836,Cloudy,Major
2022-06-09,Silk Board,Road_12,74.0,21.8,3,70.0,167,43.4,93.7,1232,Haze,None
2022-08-06,Koramangala,Road_6,79.7,11.1,2,79.6,129,53.0,80.4,3475,Clear,Major
2024-03-03,Whitefield,Road_15,71.7,19.9,2,78.1,236,49.0,89.2,4683,Rain,Minor
2024-02-01,Electronic City,Road_15,76.2,16.7,1,74.7,177,57.6,79.6,552,Cloudy,Major
2023-05-15,Koramangala,Road_5,95.2,13.4,2,92.2,58,66.0,71.8,2288,Clear,None
2024-07-03,Whitefield,Road_16,70.0,22.4,0,93.5,190,39.4,80.5,1745,Haze,Major
2022-08-27,Brigade Road,Road_10,60.4,20.5,0,68.6,149,52.6,77.0,4636,Haze,Minor
2022-05-18,Electronic City,Road_4,54.1,25.6,0,57.1,235,69.9,70.1,3481,Clear,None
2022-01-14,Koramangala,Road_7,90.1,17.7,0,89.3,99,42.7,68.9,3347,Rain,Minor
2023-03-01,Whitefield,Road_4,73.6,23.2,1,75.5,95,40.0,89.1,4692,Cloudy,None
2023-12-24,Koramangala,Road_11,59.1,26.1,0,60.9,170,33.0,86.2,3251,Haze,None
2022-06-16,Brigade Road,Road_1,76.5,13.5,2,75.8,182,45.7,63.5,1576,Rain,None
2022-03-04,Marathahalli,Road_9,64.5,18.2,0,56.9,152,46.5,66.7,2542,Clear,Minor
2023-04-04,MG Road,Road_15,68.7,12.8,1,80.5,202,43.8,68.6,2299,Rain,Major
2024-07-26,Electronic City,Road_3,71.8,17.5,0,72.7,67,32.5,89.1,2269,Cloudy,None
2023-12-05,Silk Board,Road_9,77.2,22.4,1,83.7,114,64.4,77.0,3041,Rain,Minor
2022-09-07,Silk Board,Road_12,96.8,20.0,1,100.0,115,68.5,83.8,3071,Rain,Major
2023-02-26,Marathahalli,Road_2,80.2,24.6,4,82.7,244,34.1,61.6,2567,Cloudy,None
2023-10-04,Silk Board,Road_9,56.9,23.4,0,52.7,157,65.0,67.0,4006,Cloudy,Major
2024-07-10,Koramangala,Road_5,65.9,23.3,0,77.4,78,58.4,66.3,1293,Haze,None
2022-02-23,Silk Board,Road_7,68.7,18.6,0,71.6,208,37.4,87.9,1032,Haze,Minor
2022-06-24,Koramangala,Road_3,80.2,23.0,2,82.1,182,35.0,83.3,1285,Cloudy,Minor
2023-08-18,Electronic City,Road_3,57.3,23.5,0,67.7,92,67.9,71.5,652,Haze,Major
2022-11-30,MG Road,Road_1,63.9,22.9,0,71.8,200,39.3,82.9,1282,Cloudy,Minor
2023-12-23,Whitefield,Road_2,68.4,19.7,2,82.2,210,72.3,70.6,2839,Cloudy,Minor
2024-06-09,Silk Board,Road_8,72.5,23.3,2,66.8,146,65.7,89.7,4642,Clear,Major
2022-06-23,Indiranagar,Road_2,82.9,26.6,1,79.8,209,42.9,92.1,3678,Cloudy,Minor
2022-01-21,Whitefield,Road_14,66.8,20.9,0,69.9,157,69.8,82.6,3745,Rain,Minor
2024-07-10,Koramangala,Road_4,87.3,16.4,1,86.4,224,71.9,84.3,2804,Rain,None
2022-05-24,Electronic City,Road_6,80.3,15.6,1,87.0,144,45.3,60.6,2471,Clear,Minor
2024-05-18,Silk Board,Road_15,43.5,26.5,0,59.2,104,54.5,78.7,3833,Clear,Major
2024-03-25,Indiranagar,Road_12,79.5,18.4,1,76.9,137,70.9,64.6,2941,Cloudy,None
2023-07-01,Indiranagar,Road_5,79.8,22.9,0,96.4,110,53.5,67.0,1154,Clear,None
2023-10-04,Marathahalli,Road_15,62.0,23.7,0,66.5,246,65.7,78.5,536,Haze,Minor
2024-07-18,Silk Board,Road_8,48.5,27.2,0,50.0,140,46.9,66.6,3636,Cloudy,Major
2022-11-06,Silk Board,Road_14,57.3,21.8,0,76.0,231,69.5,65.0,852,Cloudy,Minor
2023-05-29,Whitefield,Road_11,92.3,11.5,1,99.4,119,51.9,84.5,1510,Rain,Major
2022-02-03,Koramangala,Road_12,95.0,18.4,2,96.2,156,74.9,68.5,4096,Rain,None
2022-07-05,Electronic City,Road_12,49.5,25.0,0,50.0,211,62.4,60.0,752,Rain,Minor
2022-10-21,Koramangala,Road_1,61.2,29.0,0,59.1,226,46.2,66.8,1150,Clear,Minor
2023-12-03,Whitefield,Road_15,65.5,21.7,2,78.3,142,36.3,64.4,508,Cloudy,Major
2023-08-14,Electronic City,Road_9,67.5,24.0,0,63.7,194,55.6,66.1,3618,Cloudy,Minor
2022-06-08,Whitefield,Road_15,70.4,17.6,1,65.9,211,71.3,70.0,1805,Clear,Minor
2022-10-28,Electronic City,Road_14,72.3,17.2,1,87.0,248,34.0,94.4,2231,Clear,None
2022-12-01,Marathahalli,Road_4,74.8,13.9,0,91.6,190,40.6,84.6,4883,Cloudy,None
2023-05-20,Koramangala,Road_4,73.0,15.9,0,66.7,198,43.9,86.1,3046,Cloudy,Major
2023-08-17,Koramangala,Road_4,78.8,20.7,2,73.6,139,55.8,79.4,2741,Rain,Minor
2022-08-09,Whitefield,Road_13,77.9,14.5,2,92.6,243,36.0,69.3,766,Rain,None
2023-07-21,Whitefield,Road_16,59.1,29.6,0,64.1,115,47.9,72.5,2869,Cloudy,Major
2023-12-19,Brigade Road,Road_15,93.1,19.0,3,99.5,137,49.5,70.0,3501,Cloudy,Minor
2022-07-12,Whitefield,Road_16,55.0,30.4,0,55.4,150,59.1,93.4,1155,Rain,None
2022-05-06,Koramangala,Road_16,77.7,18.8,1,76.3,191,51.4,75.0,1912,Rain,Minor
2022-03-06,MG Road,Road_8,50.8,24.8,0,53.8,180,64.6,87.1,4342,Cloudy,Minor
2024-07-05,Electronic City,Road_13,89.8,18.5,2,94.2,244,72.1,81.2,3473,Cloudy,Minor
2023-05-24,Koramangala,Road_16,99.0,8.0,0,92.4,239,36.6,79.2,1435,Rain,None
2024-05-06,Silk Board,Road_7,69.8,20.8,4,80.2,172,50.7,93.2,2822,Haze,None
2022-05-01,Koramangala,Road_6,73.2,20.9,1,76.8,231,71.3,81.6,2136,Haze,Minor
2023-05-28,Indiranagar,Road_16,60.0,18.6,1,66.9,213,74.2,91.1,1758,Rain,Major
2022-12-14,Koramangala,Road_11,82.6,16.2,0,100.0,130,51.8,78.5,693,Haze,Major
2023-08-24,Silk Board,Road_3,62.5,24.9,0,54.1,227,35.0,76.6,772,Cloudy,Minor
2023-02-02,Electronic City,Road_12,86.3,15.1,0,84.5,213,38.6,69.4,1466,Rain,Major
2022-05-26,Electronic City,Road_3,59.1,24.3,0,61.9,227,50.1,83.6,645,Cloudy,Minor
2022-01-19,Indiranagar,Road_5,68.1,19.8,0,66.1,173,37.7,93.7,3727,Cloudy,Major
2022-07-11,Whitefield,Road_15,55.4,25.7,3,58.2,104,41.3,71.8,3861,Cloudy,None
2023-04-10,Electronic City,Road_7,74.7,19.4,0,84.3,204,46.5,76.5,4135,Rain,Minor
2024-01-29,Koramangala,Road_11,66.9,13.7,1,76.6,198,53.7,85.1,1476,Clear,None
2024-04-09,Brigade Road,Road_11,87.3,16.0,0,75.9,76,41.6,86.7,2334,Haze,Minor
2024-07-02,Brigade Road,Road_12,70.3,21.5,0,85.2,109,63.1,87.5,2068,Haze,Major
2022-04-28,Electronic City,Road_1,65.3,31.2,1,78.1,100,48.6,89.9,4203,Haze,None
2024-01-25,Brigade Road,Road_8,69.5,21.5,1,76.2,90,44.8,66.2,1448,Cloudy,Major
2022-01-24,Brigade Road,Road_7,61.2,23.8,0,68.4,98,31.2,84.8,682,Haze,Major
2024-06-24,Koramangala,Road_14,83.6,15.9,0,70.5,64,53.2,88.5,3477,Rain,Minor
2023-05-04,Silk Board,Road_1,78.8,21.0,1,90.1,147,40.6,69.4,3462,Cloudy,Major
2023-12-22,Whitefield,Road_15,72.4,16.7,0,78.3,55,53.2,84.5,1361,Cloudy,Minor
2022-06-24,Indiranagar,Road_3,69.6,14.2,3,69.6,234,36.8,79.7,4017,Clear,Minor
2024-01-31,Electronic City,Road_4,79.2,18.3,2,92.5,75,38.4,79.2,1979,Rain,Minor
2022-07-21,Brigade Road,Road_15,75.3,13.5,1,86.6,67,69.9,86.7,4641,Haze,Minor
2022-10-30,Indiranagar,Road_9,70.0,22.2,5,83.9,236,43.4,88.8,1069,Rain,Minor
2022-02-19,Indiranagar,Road_14,58.1,28.3,0,62.3,192,61.0,77.1,3145,Rain,Minor
2022-01-07,Silk Board,Road_4,64.8,24.5,0,67.4,50,57.8,68.0,1722,Clear,Major
2022-02-24,Whitefield,Road_13,83.6,11.2,2,95.2,226,54.1,82.2,2201,Cloudy,Major
2023-07-16,Indiranagar,Road_3,87.5,15.5,0,91.9,170,32.3,91.5,4275,Clear,Major
2024-06-29,Silk Board,Road_13,68.9,14.2,0,65.1,236,48.9,65.7,4463,Clear,None
2022-10-22,Marathahalli,Road_4,86.3,15.1,2,96.9,210,50.0,73.5,1185,Clear,Major
2023-06-01,Electronic City,Road_3,79.7,17.1,1,77.3,247,59.0,83.8,3565,Haze,Minor
2023-03-06,Koramangala,Road_6,78.3,17.0,2,83.3,219,42.4,66.0,4024,Cloudy,None
2023-01-27,MG Road,Road_2,46.8,34.3,0,50.0,108,61.7,67.4,4085,Clear,Major
2023-08-25,Koramangala,Road_6,66.2,24.9,0,57.8,119,33.4,62.9,4736,Rain,Minor
2022-01-08,Whitefield,Road_13,39.8,24.7,0,53.0,225,30.7,65.3,1916,Haze,None
2022-05-21,Silk Board,Road_4,58.2,20.2,0,61.9,140,56.2,79.2,4896,Clear,Minor
2024-05-11,Koramangala,Road_12,77.9,21.1,3,79.8,102,58.6,62.7,3796,Rain,Major
2023-05-21,Silk Board,Road_2,67.2,23.8,2,50.8,77,68.3,65.2,3483,Rain,Minor
2024-06-21,Marathahalli,Road_8,56.9,16.5,0,55.5,94,34.4,67.0,3725,Cloudy,None
2023-09-23,Indiranagar,Road_14,72.1,22.8,3,68.3,105,74.5,80.9,3093,Cloudy,Major
2023-04-18,Marathahalli,Road_6,71.3,16.1,0,91.5,176,52.4,78.3,3570,Haze,None
2024-06-13,Brigade Road,Road_3,65.4,32.7,0,71.0,85,60.0,68.8,2788,Clear,None
2024-06-26,Electronic City,Road_9,99.0,20.4,1,100.0,78,64.4,74.7,2450,Rain,Minor
2024-02-02,Whitefield,Road_9,87.4,16.0,1,93.2,146,67.7,71.1,3038,Cloudy,Major
2024-08-17,Silk Board,Road_10,85.9,8.1,2,100.0,104,43.0,92.9,760,Cloudy,Minor
2022-06-22,MG Road,Road_5,84.0,17.5,1,90.5,209,55.0,89.3,995,Rain,Minor
2022-03-12,MG Road,Road_9,64.9,15.9,1,68.2,95,47.9,91.9,1845,Clear,None
2024-04-10,MG Road,Road_6,65.8,17.2,0,57.8,168,41.5,61.0,4870,Clear,Minor
2024-05-08,Brigade Road,Road_16,60.5,20.8,0,74.4,218,38.7,63.2,1014,Cloudy,None
2023-05-10,Indiranagar,Road_16,79.4,19.2,2,87.5,201,49.5,80.9,3113,Clear,Minor
2023-04-19,Brigade Road,Road_4,60.8,20.7,1,54.3,144,48.3,66.9,2312,Clear,Major
2022-09-24,MG Road,Road_11,47.7,26.5,0,56.8,223,46.3,71.0,4737,Haze,None
2023-11-29,Marathahalli,Road_1,68.2,34.0,0,73.5,194,37.5,73.0,826,Rain,Minor
2024-07-31,Silk Board,Road_11,99.0,10.6,1,100.0,112,33.1,76.7,2192,Clear,None
2023-03-05,Marathahalli,Road_15,60.4,30.2,1,65.8,85,45.8,62.5,2643,Rain,Major
2022-09-02,Silk Board,Road_15,67.8,21.8,1,86.0,199,72.2,94.3,3374,Cloudy,None
2024-04-05,Silk Board,Road_4,70.1,24.3,0,75.4,98,51.5,61.3,893,Cloudy,Minor
2024-08-16,Marathahalli,Road_10,55.7,21.6,0,63.0,180,61.1,64.7,1204,Clear,None
2023-04-17,Electronic City,Road_2,70.9,18.2,0,72.9,60,57.3,70.2,791,Haze,Major
2023-03-04,Marathahalli,Road_14,70.2,26.9,1,64.8,207,67.6,86.0,2886,Clear,Major
2023-05-16,Brigade Road,Road_5,87.4,11.4,1,84.4,234,58.8,74.3,863,Haze,Major
2024-06-07,Brigade Road,Road_1,71.8,19.7,1,69.1,119,58.5,63.7,3357,Rain,None
2022-12-24,Indiranagar,Road_1,81.7,23.5,1,80.9,69,74.9,85.2,736,Cloudy,None
2024-07-04,Brigade Road,Road_8,85.2,22.9,3,91.3,68,55.3,67.5,2305,Rain,Major
2024-01-28,Silk Board,Road_8,77.8,20.8,2,97.4,220,71.6,61.1,844,Rain,None
2023-01-06,Koramangala,Road_4,68.2,19.6,0,84.6,219,34.8,80.5,4007,Rain,Major
2023-07-07,Marathahalli,Road_10,69.0,24.9,2,77.7,236,37.4,68.7,1220,Cloudy,None
2023-01-20,Indiranagar,Road_3,86.9,14.6,1,89.7,246,71.6,62.3,4686,Rain,None
2024-03-03,Whitefield,Road_16,77.7,14.9,1,74.4,240,39.3,88.2,4013,Rain,Minor
2022-11-25,Koramangala,Road_10,77.3,19.4,0,85.3,87,52.8,80.8,4070,Clear,None
2023-10-13,Koramangala,Road_16,44.0,31.2,0,54.1,247,68.8,75.4,4540,Rain,Minor
2023-01-27,Brigade Road,Road_3,75.3,15.1,0,97.5,103,46.7,78.0,870,Clear,Major
2023-10-30,MG Road,Road_10,53.6,25.2,0,65.3,214,50.0,93.5,4158,Clear,Major
2022-05-27,Whitefield,Road_3,87.6,18.4,0,98.2,165,58.4,89.4,2684,Clear,Major
2023-04-25,Marathahalli,Road_2,76.8,22.0,1,75.3,117,68.9,70.3,4681,Rain,Major
2022-03-06,Silk Board,Road_15,85.4,13.9,3,89.3,150,67.9,60.5,3637,Clear,Minor
2022-01-01,Koramangala,Road_13,71.6,15.4,1,73.7,235,32.6,90.4,2687,Cloudy,Major
2024-03-10,Marathahalli,Road_7,80.1,24.5,2,87.1,196,67.0,78.8,1865,Haze,None
2024-03-09,Indiranagar,Road_15,60.2,21.9,1,58.0,148,46.6,81.1,1858,Rain,Major
2023-04-29,Silk Board,Road_13,78.0,16.2,0,65.4,230,36.4,82.8,2881,Haze,None
2023-04-02,Koramangala,Road_6,63.5,21.7,0,80.0,221,71.4,79.6,4729,Haze,None
2022-02-26,Marathahalli,Road_6,71.0,9.4,1,91.1,223,48.1,88.8,1452,Haze,Major
2024-01-23,Whitefield,Road_1,66.7,17.7,1,87.4,205,46.9,78.3,3794,Cloudy,Minor
2022-04-03,Silk Board,Road_2,72.5,17.9,2,87.5,193,68.7,94.2,2203,Clear,None
2022-01-29,Koramangala,Road_8,65.2,17.8,0,74.7,122,48.5,82.8,709,Clear,Major
2023-06-30,Whitefield,Road_5,59.6,26.1,1,63.5,139,49.0,70.9,3162,Haze,None
2022-07-18,Brigade Road,Road_9,78.0,15.6,0,82.8,118,41.7,83.9,1743,Cloudy,Major
2022-08-01,Whitefield,Road_3,64.6,25.7,0,69.7,172,64.0,62.2,4857,Rain,Major
2024-04-08,Brigade Road,Road_8,74.3,18.8,0,78.9,103,37.2,76.5,1871,Cloudy,None
2022-11-13,Brigade Road,Road_8,71.5,19.9,1,71.1,140,68.8,73.5,3690,Haze,Major
2022-09-30,Koramangala,Road_16,67.9,23.1,1,83.1,65,39.5,93.8,2854,Haze,Minor
2022-02-01,Whitefield,Road_5,52.2,23.7,0,60.0,218,44.1,85.1,4904,Rain,Major
2023-12-24,Koramangala,Road_8,87.7,22.6,1,93.8,74,54.2,69.3,2314,Rain,Minor
2023-06-19,Silk Board,Road_5,69.5,21.2,0,72.6,99,57.5,70.1,4585,Cloudy,None
2022-04-05,Koramangala,Road_9,69.6,31.7,0,80.8,240,63.5,71.1,1182,Rain,Minor
2024-05-11,Koramangala,Road_15,76.1,18.6,1,100.0,154,46.0,90.6,3569,Haze,None
2022-12-13,Koramangala,Road_12,89.9,11.4,1,98.3,151,53.9,86.9,4437,Clear,Minor
2023-05-06,Whitefield,Road_2,92.4,16.1,2,100.0,200,41.8,75.3,4119,Cloudy,Minor
2024-08-01,Brigade Road,Road_13,64.9,25.5,0,56.8,224,32.5,91.1,2870,Rain,None
2022-05-20,Indiranagar,Road_4,61.8,31.6,1,76.6,83,58.8,69.9,2000,Rain,Minor
2023-09-15,Indiranagar,Road_14,52.7,22.0,0,63.7,171,64.6,76.8,2544,Clear,Major
2023-02-27,Electronic City,Road_15,80.8,14.5,0,85.8,213,65.4,60.5,2359,Haze,Major
2023-05-24,Marathahalli,Road_9,68.0,25.5,0,75.0,134,68.1,84.1,3277,Haze,Major
2022-11-23,Brigade Road,Road_6,79.5,17.4,3,86.1,249,43.6,72.1,4684,Clear,Major
2023-06-09,Whitefield,Road_16,74.6,16.9,2,69.9,183,34.6,71.9,1184,Cloudy,None
2023-03-31,Koramangala,Road_7,72.8,20.7,2,91.7,139,32.1,75.6,4854,Clear,None
2023-08-06,Electronic City,Road_15,69.7,14.1,1,78.4,145,30.5,67.7,3486,Haze,None
2022-04-05,Electronic City,Road_10,65.4,17.4,1,83.4,177,35.3,72.7,4483,Clear,Major
2023-06-18,Marathahalli,Road_2,60.3,23.7,2,50.6,195,33.2,74.0,3468,Haze,None
2022-10-16,Koramangala,Road_4,72.6,18.9,2,73.8,139,33.4,68.4,3984,Clear,Minor
2023-05-27,Electronic City,Road_5,66.1,16.7,1,80.3,179,32.3,86.8,1200,Clear,None
2024-03-24,MG Road,Road_4,68.4,22.5,0,66.0,83,62.7,74.9,1013,Cloudy,Major
2023-01-06,Koramangala,Road_14,59.8,22.3,0,81.6,152,54.8,65.0,2277,Haze,Minor
2022-09-13,Brigade Road,Road_1,65.6,21.8,0,72.3,142,59.9,65.1,3241,Haze,None
2022-05-06,Silk Board,Road_14,60.0,27.5,0,70.7,243,59.8,71.5,1100,Haze,Major
2024-05-24,Brigade Road,Road_15,81.0,17.2,0,83.9,83,73.2,65.2,2598,Haze,None
2022-08-02,Koramangala,Road_11,63.8,21.2,1,64.3,131,65.2,85.3,1800,Cloudy,None
2022-12-20,Marathahalli,Road_14,54.5,24.4,0,64.2,62,44.4,66.8,4897,Cloudy,Major
2023-11-30,Silk Board,Road_13,61.8,21.8,0,62.6,56,36.0,69.9,3279,Cloudy,None
2022-12-15,Koramangala,Road_12,93.3,12.2,2,93.7,110,34.4,61.3,865,Haze,None
2022-02-21,Whitefield,Road_11,41.8,26.3,0,50.0,249,56.7,75.4,3492,Cloudy,Minor
2024-06-12,Indiranagar,Road_6,63.4,23.8,0,55.8,153,57.6,71.1,3950,Cloudy,Minor
2023-01-26,MG Road,Road_13,78.9,20.8,1,74.9,81,56.2,70.9,955,Rain,Minor
2022-04-19,Whitefield,Road_15,76.3,19.7,0,87.0,99,66.5,77.8,2567,Cloudy,Major
2023-09-12,Whitefield,Road_6,82.2,26.9,0,90.7,167,50.7,60.9,2372,Clear,Minor
2023-11-20,Marathahalli,Road_3,65.8,29.9,0,58.7,226,42.2,82.0,3591,Cloudy,None
2022-12-06,MG Road,Road_9,76.9,17.4,0,79.8,193,60.4,88.9,3488,Clear,None
2023-03-23,Indiranagar,Road_6,54.4,25.5,1,61.0,162,55.3,78.0,3518,Clear,Major
2024-07-04,Indiranagar,Road_14,79.0,17.0,4,78.3,78,55.6,78.7,3598,Clear,Minor
2022-11-25,Indiranagar,Road_6,59.7,23.4,0,57.7,146,62.4,90.2,4178,Rain,Major
2022-10-12,Koramangala,Road_14,79.8,15.9,0,84.1,182,58.5,81.0,3421,Cloudy,Major
2023-10-21,Silk Board,Road_4,62.8,25.0,2,58.9,64,74.0,93.3,2577,Clear,None
2022-10-12,MG Road,Road_5,56.6,27.2,0,58.6,64,33.9,69.8,4841,Cloudy,Major
2022-10-23,Electronic City,Road_13,82.6,23.0,0,77.3,165,39.7,85.3,4625,Haze,Major
2023-03-13,Silk Board,Road_11,60.1,19.7,0,61.3,115,67.8,90.5,2317,Haze,None
2024-06-11,Brigade Road,Road_11,44.4,31.1,0,50.0,136,67.9,89.4,1639,Rain,Minor
2022-12-04,Brigade Road,Road_13,91.0,11.4,3,90.7,178,60.6,91.9,1240,Cloudy,None
2022-10-08,MG Road,Road_13,59.2,23.9,1,50.0,145,34.4,78.5,4485,Clear,Minor
2023-10-03,Silk Board,Road_16,73.0,25.0,1,86.7,74,69.6,85.2,1060,Haze,None
2023-02-05,MG Road,Road_12,60.6,18.2,0,70.2,190,31.0,75.4,1193,Rain,None
2022-04-03,Koramangala,Road_5,68.5,17.4,2,68.8,146,43.0,76.2,2253,Clear,None
2023-03-19,Electronic City,Road_4,82.9,16.0,1,83.9,230,33.8,72.9,1158,Haze,Major
2024-07-13,Koramangala,Road_16,73.1,22.6,0,85.4,181,63.1,62.6,4305,Rain,None
2023-01-16,Indiranagar,Road_5,81.8,12.7,1,66.4,175,34.4,85.6,1081,Haze,Minor
2022-06-12,Electronic City,Road_9,80.5,19.0,1,73.5,83,51.2,70.1,4492,Rain,Major
2024-06-16,Silk Board,Road_1,55.6,30.8,0,63.6,91,36.2,61.9,540,Cloudy,None
2024-03-13,Indiranagar,Road_1,64.9,18.9,1,59.5,232,62.4,71.2,1949,Cloudy,None
2024-01-24,Indiranagar,Road_9,49.3,20.7,0,62.6,177,61.0,85.9,4783,Rain,None
2023-05-10,Koramangala,Road_10,91.6,9.3,1,100.0,55,71.0,77.4,4725,Rain,Minor
2023-04-04,MG Road,Road_10,82.1,18.1,1,84.9,228,50.0,60.6,4192,Clear,None
2024-06-21,Brigade Road,Road_9,58.5,22.6,0,66.3,102,60.9,63.8,851,Cloudy,Major
2022-10-08,Silk Board,Road_1,76.7,15.4,1,86.1,139,44.0,81.8,2678,Haze,Major
2022-05-04,Electronic City,Road_15,66.5,18.8,2,79.2,98,61.9,68.1,4649,Clear,None
2022-07-12,Silk Board,Road_5,77.8,18.5,0,74.0,193,54.1,91.8,3650,Haze,None
2023-03-09,Silk Board,Road_16,60.4,31.8,1,65.8,162,33.2,67.5,3230,Cloudy,None
2023-09-06,MG Road,Road_3,96.0,8.0,2,90.0,233,47.2,86.6,4451,Haze,Minor
2023-06-13,Indiranagar,Road_4,99.0,8.0,1,99.8,80,52.0,71.6,2409,Clear,None
2022-09-10,Electronic City,Road_10,75.3,20.1,2,69.4,130,36.3,62.6,3440,Cloudy,None
2024-01-19,Silk Board,Road_14,73.5,28.9,0,79.9,164,35.0,61.8,1851,Rain,None
2023-11-09,Indiranagar,Road_10,87.8,8.0,2,89.2,104,67.9,80.0,1131,Cloudy,Minor
2023-06-26,Silk Board,Road_5,68.7,17.0,0,78.1,215,45.0,64.0,1610,Rain,Minor
2022-07-23,Indiranagar,Road_15,67.4,22.9,0,66.0,144,58.8,81.7,706,Clear,Minor
2024-07-10,Electronic City,Road_5,49.5,33.3,0,55.3,150,46.7,64.6,2733,Clear,None
2023-11-07,Marathahalli,Road_9,70.2,11.0,0,81.8,243,43.0,83.5,3776,Clear,Minor
2022-07-31,Indiranagar,Road_9,80.3,15.4,0,95.5,111,35.5,85.5,2246,Haze,Major
2022-12-14,Electronic City,Road_12,75.9,26.6,0,79.8,116,58.2,60.7,4707,Clear,Minor
2023-04-27,Whitefield,Road_4,72.9,25.2,2,72.9,166,69.0,93.6,530,Cloudy,Minor
2023-10-15,Indiranagar,Road_6,84.7,14.6,3,82.9,165,43.6,90.7,3139,Rain,Major
2023-04-30,Silk Board,Road_10,58.3,22.3,0,56.0,244,49.5,80.3,1498,Clear,Minor
2024-02-12,MG Road,Road_5,69.6,20.2,0,72.2,91,58.0,78.1,3909,Haze,Minor
2022-12-02,Indiranagar,Road_11,60.1,22.5,0,73.0,57,60.7,92.5,4319,Clear,Minor
2024-06-23,Electronic City,Road_10,80.1,19.3,1,79.0,141,44.9,68.2,4889,Clear,None
2024-08-13,Brigade Road,Road_8,99.0,8.0,5,100.0,115,67.3,65.7,542,Haze,None
2023-10-23,Koramangala,Road_3,63.0,24.1,2,76.4,191,70.8,84.4,608,Clear,Minor
2024-03-16,Electronic City,Road_1,83.4,14.9,2,69.4,74,33.2,77.4,2783,Cloudy,Minor
2023-07-11,Koramangala,Road_1,67.4,22.4,0,84.1,179,31.5,62.7,2616,Clear,Major
2024-01-29,Silk Board,Road_2,49.2,26.6,0,63.9,208,46.5,77.2,4469,Rain,Major
2024-01-31,Marathahalli,Road_6,64.7,23.9,2,57.0,58,73.7,92.7,4090,Haze,Minor
2022-05-01,Electronic City,Road_12,74.5,20.2,1,76.0,111,72.0,88.4,3415,Haze,Minor
2022-01-11,Electronic City,Road_7,85.3,10.4,1,90.9,131,51.2,76.0,1271,Cloudy,Major
2023-07-04,MG Road,Road_16,58.9,27.0,0,72.3,101,34.4,65.6,4051,Clear,Minor
2022-03-04,Indiranagar,Road_16,69.0,21.6,1,76.8,131,44.8,77.7,3254,Rain,Major
2022-08-26,Whitefield,Road_15,60.2,27.0,0,50.0,87,44.7,70.7,1861,Clear,None
2024-03-31,Brigade Road,Road_7,54.1,19.9,0,60.4,54,40.5,83.6,3553,Clear,Minor
2022-09-05,Indiranagar,Road_8,74.0,17.5,1,85.3,235,35.2,77.5,1327,Clear,Minor
2022-12-10,Koramangala,Road_3,93.9,17.4,1,97.4,126,30.1,93.5,4729,Cloudy,Minor
2022-08-18,Silk Board,Road_9,90.2,8.6,2,88.7,57,65.2,76.2,4782,Haze,None
2024-07-12,MG Road,Road_8,61.5,19.3,1,72.9,104,64.0,73.1,675,Cloudy,Minor
2023-01-07,Silk Board,Road_4,46.4,30.1,0,50.0,108,36.9,81.3,2613,Rain,Minor
2022-12-03,Indiranagar,Road_15,85.4,14.9,0,97.7,96,64.5,68.1,3331,Rain,None
2022-08-23,Marathahalli,Road_15,77.9,20.5,1,79.5,243,53.6,68.6,4605,Haze,Minor
2024-05-04,Marathahalli,Road_6,64.0,20.3,1,67.2,59,34.9,82.2,1919,Rain,None
2022-07-24,Silk Board,Road_15,68.1,19.9,0,72.4,108,40.8,83.2,1949,Clear,Minor
2024-06-28,Silk Board,Road_6,71.4,26.5,0,81.9,162,73.4,94.4,3414,Clear,None
2023-09-07,MG Road,Road_4,80.8,15.1,2,87.3,99,49.0,94.8,3647,Haze,Minor
2022-04-27,Marathahalli,Road_7,67.6,19.5,2,82.0,125,43.6,64.9,2644,Haze,None
2024-04-29,Electronic City,Road_12,71.2,18.6,1,81.0,65,67.6,78.5,3437,Rain,None
2024-07-24,Marathahalli,Road_7,77.9,23.0,3,78.2,239,57.6,86.6,3642,Clear,None
2022-03-27,Silk Board,Road_5,83.2,15.1,3,86.5,73,35.2,63.6,1217,Rain,Major
2023-05-28,Brigade Road,Road_7,68.2,23.6,0,83.9,120,32.6,89.8,3064,Rain,None
2023-02-13,Koramangala,Road_10,62.3,30.0,0,72.7,80,70.8,86.6,646,Haze,None
2022-03-09,Silk Board,Road_7,58.0,28.9,0,58.5,116,53.7,76.8,1672,Haze,None
2022-08-30,Brigade Road,Road_3,93.0,10.1,5,100.0,167,43.4,71.6,4191,Rain,Major
2023-12-25,Koramangala,Road_8,93.1,13.1,1,100.0,156,40.4,94.4,3090,Cloudy,Minor
2024-04-29,Brigade Road,Road_12,61.4,27.3,1,82.3,119,72.8,67.1,1437,Clear,Minor
2023-07-15,MG Road,Road_12,47.3,25.6,2,50.0,98,42.9,65.0,2797,Cloudy,None
2024-01-07,MG Road,Road_1,66.1,18.6,1,62.7,177,42.2,81.5,3783,Clear,Major
2023-07-17,Marathahalli,Road_14,71.1,16.2,1,84.3,205,71.6,83.9,3731,Haze,Major
2024-08-07,MG Road,Road_12,73.8,30.0,1,76.4,185,36.2,77.1,3857,Cloudy,None
2023-08-16,Marathahalli,Road_6,71.1,19.9,1,82.2,229,46.6,71.7,4695,Cloudy,None
2022-08-19,MG Road,Road_5,65.0,20.9,0,80.9,117,66.4,63.5,1523,Clear,Minor
2023-10-25,Koramangala,Road_16,81.7,10.2,1,88.2,101,46.8,74.0,3486,Rain,None
2022-03-28,Electronic City,Road_13,87.8,16.8,2,96.7,171,58.0,63.0,1580,Cloudy,Major
2024-02-07,Indiranagar,Road_14,58.2,26.8,0,76.3,69,47.4,69.1,3484,Rain,None
2023-11-05,Marathahalli,Road_2,76.5,18.8,2,86.8,249,35.5,94.7,606,Cloudy,Major
2023-01-23,Whitefield,Road_14,71.9,22.4,0,72.6,127,52.8,67.2,2825,Cloudy,None
2023-11-26,MG Road,Road_12,92.7,13.0,2,99.5,137,45.9,66.8,1469,Clear,Major
2022-04-03,Brigade Road,Road_8,80.7,21.5,2,83.6,179,69.3,85.4,2381,Haze,Major
2023-08-16,Koramangala,Road_5,66.4,29.3,1,91.3,143,68.7,87.6,567,Haze,Major
2022-06-04,Silk Board,Road_14,62.2,21.9,0,79.1,213,38.8,68.3,2112,Cloudy,Major
2023-06-21,Indiranagar,Road_13,67.6,24.6,1,67.6,114,65.5,61.9,3543,Rain,None
2022-08-25,Indiranagar,Road_2,79.0,19.9,0,74.4,157,35.2,84.9,4831,Rain,None
2023-03-31,Electronic City,Road_11,73.5,20.2,0,80.5,82,60.3,76.0,3822,Clear,Minor
2024-08-09,Marathahalli,Road_6,68.9,17.7,2,63.6,138,51.5,80.8,1836,Haze,Minor
2023-06-26,Whitefield,Road_11,75.9,16.0,3,92.5,82,66.6,89.2,1708,Cloudy,Major
2023-06-21,Electronic City,Road_13,61.8,24.4,0,63.3,121,68.0,88.1,3391,Cloudy,Minor
2022-10-18,Whitefield,Road_13,64.1,15.9,0,82.9,170,64.3,74.5,658,Cloudy,Major
2023-11-15,Brigade Road,Road_2,52.2,22.1,0,57.5,221,62.8,73.3,4537,Haze,Major
2022-02-18,Electronic City,Road_11,57.6,20.7,0,74.5,210,31.8,79.8,536,Cloudy,Major
2022-10-22,Koramangala,Road_8,80.1,12.1,2,83.9,50,38.0,87.6,3242,Clear,None
2022-10-14,Koramangala,Road_7,77.5,22.4,3,78.2,200,38.5,60.4,886,Haze,Minor
2024-05-28,Indiranagar,Road_13,83.2,12.9,2,91.4,148,70.4,60.5,1295,Clear,Major
2024-04-21,Whitefield,Road_8,64.4,24.1,0,62.1,203,56.1,89.7,1617,Clear,Major
2022-11-23,Whitefield,Road_6,84.5,13.6,2,89.6,69,74.4,75.8,2452,Haze,Major
2024-04-21,Silk Board,Road_9,61.1,29.5,0,75.9,172,38.2,61.7,2782,Haze,Minor
2023-10-25,Brigade Road,Road_16,72.5,18.2,3,76.7,123,33.2,71.9,1101,Haze,None
2024-06-30,MG Road,Road_11,65.2,26.1,0,75.0,215,74.9,94.0,516,Haze,None
2024-01-29,Koramangala,Road_1,57.2,27.4,0,62.9,144,40.1,91.8,2494,Cloudy,None
2024-07-24,Brigade Road,Road_13,87.6,18.3,0,100.0,203,63.4,70.6,3043,Cloudy,Major
2023-06-23,Electronic City,Road_4,56.0,21.0,0,51.0,139,51.0,63.1,1748,Cloudy,Minor
2023-12-22,Indiranagar,Road_6,72.4,12.6,0,82.8,234,44.7,91.5,4441,Rain,Major
2022-06-12,Whitefield,Road_6,83.2,20.1,3,84.6,70,58.9,88.5,1550,Haze,Major
2022-05-10,Indiranagar,Road_2,74.6,21.0,0,75.1,142,46.1,80.5,2742,Cloudy,Minor
2023-11-16,MG Road,Road_8,69.6,20.1,0,76.0,130,62.5,87.3,2299,Rain,None
2022-02-04,Silk Board,Road_1,80.9,9.9,1,91.9,149,44.8,61.6,798,Haze,Minor
2022-06-25,Silk Board,Road_1,77.6,25.4,1,81.1,244,31.2,78.0,4507,Haze,Minor
2022-07-04,MG Road,Road_1,52.8,24.7,0,67.0,231,42.7,81.2,2033,Rain,Minor
2024-07-31,Silk Board,Road_1,46.8,30.3,0,61.9,97,33.2,86.1,1387,Rain,Major
2024-02-28,Whitefield,Road_13,55.9,23.7,0,61.2,93,59.9,91.8,2607,Haze,Minor
2022-05-25,Brigade Road,Road_15,65.6,16.6,0,50.0,137,65.3,79.3,3478,Haze,Major
2023-09-04,Electronic City,Road_6,75.8,22.2,4,73.8,149,50.1,73.0,1680,Haze,Major
2024-08-16,Marathahalli,Road_13,64.6,19.5,0,75.7,90,61.2,81.2,4857,Cloudy,None
2024-05-30,Koramangala,Road_13,79.8,12.5,2,94.5,244,40.5,71.0,2361,Haze,Minor
2023-06-13,Silk Board,Road_16,70.6,22.5,1,80.2,171,46.1,70.3,2476,Haze,Minor
2023-05-02,Brigade Road,Road_14,91.2,20.9,3,95.5,113,70.1,76.6,1847,Haze,Minor
2022-02-04,Marathahalli,Road_15,66.2,26.4,2,71.2,239,54.9,87.7,4760,Rain,None
2023-08-28,MG Road,Road_2,60.3,15.5,1,69.1,116,69.2,78.1,4721,Rain,Minor
2023-10-25,Whitefield,Road_13,76.2,12.9,2,81.8,162,40.5,67.0,2274,Clear,Minor
2023-09-28,Koramangala,Road_6,71.9,17.9,3,67.1,171,42.6,84.0,3410,Rain,None
2022-05-14,Koramangala,Road_13,61.5,29.1,1,67.5,166,66.3,92.4,4680,Cloudy,Major
2024-02-24,Indiranagar,Road_7,96.1,10.7,0,80.7,68,31.1,67.6,3012,Cloudy,Major
2022-03-05,Koramangala,Road_10,72.9,17.7,1,85.0,158,33.6,90.7,4541,Clear,Major
2023-06-17,MG Road,Road_3,99.0,8.0,3,100.0,161,40.9,60.7,4790,Rain,None
2022-07-05,Electronic City,Road_7,75.2,16.0,1,73.0,53,55.7,74.6,4404,Haze,None
2022-12-13,Koramangala,Road_16,56.8,24.8,0,63.3,147,43.5,94.2,3187,Haze,Minor
2024-07-25,Silk Board,Road_11,81.7,19.6,4,86.9,204,65.5,85.1,2368,Haze,Major
2023-03-17,Marathahalli,Road_16,77.0,16.9,1,90.8,161,69.0,75.1,3361,Haze,Minor
2024-07-30,Whitefield,Road_4,82.3,9.6,1,86.5,138,70.3,92.6,4775,Rain,Major
2022-07-20,Koramangala,Road_13,76.4,19.6,1,78.9,235,60.5,92.3,599,Clear,None
2023-03-15,MG Road,Road_2,65.7,14.0,1,69.6,98,60.3,73.3,2762,Clear,Minor
2022-02-12,Marathahalli,Road_10,58.0,26.2,2,71.8,50,48.7,79.2,4071,Rain,Major
2023-10-25,Electronic City,Road_14,76.4,14.2,1,80.5,136,30.9,76.8,2039,Haze,None
2022-10-06,Koramangala,Road_11,92.7,18.9,1,96.0,191,72.6,74.6,2863,Haze,Minor
2023-01-28,Silk Board,Road_9,81.9,13.2,1,96.6,191,34.5,74.1,1522,Clear,Minor
2023-07-23,Koramangala,Road_5,83.8,14.2,2,79.1,219,32.8,80.9,4875,Haze,Minor
2023-09-18,MG Road,Road_3,62.6,20.1,0,55.6,187,68.4,88.5,852,Rain,Major
2024-04-22,Electronic City,Road_3,71.9,22.8,2,79.5,70,67.7,74.4,3085,Rain,None
2024-04-21,Brigade Road,Road_13,91.2,10.9,2,100.0,136,60.9,61.0,2613,Haze,Minor
2023-09-18,Indiranagar,Road_5,65.1,18.8,1,67.4,63,40.0,85.3,1849,Clear,Major
2023-09-24,Electronic City,Road_11,83.6,24.6,0,81.5,219,54.8,86.3,4476,Haze,Minor
2023-04-21,Electronic City,Road_8,63.1,16.1,1,71.2,244,43.3,89.3,3645,Haze,None
2024-08-08,Marathahalli,Road_13,81.3,18.7,1,85.7,241,64.0,89.1,2913,Rain,None
2024-01-16,Silk Board,Road_2,46.5,27.6,0,79.7,234,37.3,60.0,1324,Cloudy,Major
2024-07-12,Indiranagar,Road_4,57.5,23.1,0,50.0,72,40.4,78.9,614,Haze,None
2023-07-27,Brigade Road,Road_16,56.5,21.4,0,80.7,206,69.7,78.4,4847,Cloudy,Minor
2024-02-06,Electronic City,Road_5,84.0,8.7,1,94.8,245,53.4,61.8,4330,Clear,None
2022-12-02,Electronic City,Road_5,44.2,28.5,0,50.0,85,43.2,61.0,4107,Rain,Major
2022-05-15,Whitefield,Road_9,70.8,22.5,0,76.8,219,74.6,91.0,3751,Rain,None
2022-04-25,Brigade Road,Road_3,85.3,16.2,3,84.5,159,61.3,77.8,1945,Clear,Minor
2022-06-05,Koramangala,Road_6,73.8,14.8,0,73.9,86,50.4,71.2,3181,Clear,None
2023-05-17,Marathahalli,Road_9,54.5,28.9,0,51.1,125,69.3,92.9,4971,Haze,Minor
2022-09-24,MG Road,Road_16,68.0,16.8,2,67.2,199,71.5,78.4,2868,Clear,None
2022-01-13,Silk Board,Road_7,57.1,31.3,1,65.0,202,43.4,83.7,3902,Haze,None
2023-07-24,MG Road,Road_16,65.6,23.7,2,79.4,69,49.1,93.7,2692,Haze,Minor
2024-04-04,Brigade Road,Road_10,72.1,21.2,0,76.9,73,71.8,94.2,1648,Rain,None
2022-10-23,Silk Board,Road_3,60.1,21.7,0,66.3,64,49.0,60.8,1819,Rain,Major
2024-06-24,Marathahalli,Road_4,61.4,33.5,0,67.1,176,69.1,89.8,2255,Clear,Minor
2024-04-13,Marathahalli,Road_3,70.4,19.1,0,72.2,217,33.9,80.9,1000,Cloudy,None
2023-07-18,Indiranagar,Road_7,58.3,26.0,0,67.2,129,61.8,82.4,994,Cloudy,Minor
2024-03-29,Whitefield,Road_14,92.1,14.7,1,89.4,229,56.1,92.7,1751,Haze,Minor
2022-03-07,Silk Board,Road_1,56.0,20.5,0,54.8,243,48.9,76.9,3251,Haze,Major
2023-09-27,Koramangala,Road_11,82.5,11.3,1,96.7,132,65.0,73.6,4779,Rain,Major
2024-03-28,MG Road,Road_10,64.8,24.2,0,77.4,93,66.7,90.0,2987,Clear,Major
2024-01-30,Whitefield,Road_6,68.8,19.0,1,75.1,190,58.9,77.3,1822,Haze,Minor
2023-01-25,Indiranagar,Road_11,72.5,26.0,0,69.1,97,72.5,88.9,4664,Rain,Minor
2022-02-07,Electronic City,Road_13,48.1,32.4,0,53.6,166,72.3,76.4,3750,Rain,Minor
2022-09-26,Indiranagar,Road_9,52.6,27.1,0,50.0,226,56.7,91.1,1768,Haze,Minor
2023-10-24,Electronic City,Road_14,94.1,8.8,2,100.0,207,43.4,64.4,1874,Clear,Major
2023-05-22,Indiranagar,Road_14,67.3,14.9,1,70.5,196,54.6,69.8,2496,Rain,Minor
2023-11-06,Marathahalli,Road_8,35.0,30.6,0,50.0,113,45.6,84.3,4021,Rain,Minor
2024-03-06,Electronic City,Road_6,53.6,19.4,0,60.0,83,69.1,86.7,4219,Clear,Major
2024-08-01,Marathahalli,Road_9,71.3,12.8,1,70.7,88,49.4,87.9,4737,Rain,Major
2023-12-27,Electronic City,Road_11,87.1,16.5,0,95.8,56,50.8,87.0,2347,Cloudy,Major
2022-01-22,MG Road,Road_9,67.0,21.9,0,79.1,115,62.5,68.5,3070,Haze,None
2022-03-10,Koramangala,Road_16,83.8,19.3,1,89.1,98,65.5,85.8,4341,Rain,Minor
2022-02-25,Marathahalli,Road_12,50.0,24.5,1,60.2,218,33.3,79.4,3502,Clear,Major
2023-12-02,Electronic City,Road_13,66.6,19.4,1,59.5,192,34.1,79.2,4811,Cloudy,Major
2023-12-24,Whitefield,Road_11,45.7,37.2,0,63.3,76,55.1,73.4,1591,Rain,Minor
2024-08-09,MG Road,Road_11,68.3,13.3,1,70.4,132,71.1,67.7,3647,Rain,Minor
2023-03-03,Indiranagar,Road_8,64.3,22.3,0,63.4,172,68.8,83.8,2089,Rain,Major
2023-04-05,Electronic City,Road_4,77.6,18.6,1,76.4,162,56.5,64.5,2426,Clear,None
2024-04-27,Indiranagar,Road_11,45.7,25.6,0,52.7,242,43.9,93.5,3174,Haze,None
2022-08-01,Silk Board,Road_8,65.8,19.2,0,60.2,94,56.2,83.5,4778,Rain,None
2024-07-19,Koramangala,Road_15,61.2,24.4,1,50.0,176,32.3,62.5,1654,Haze,Major
2023-12-03,Whitefield,Road_15,64.0,16.7,0,82.1,201,41.3,79.0,4841,Haze,None
2022-07-27,Brigade Road,Road_15,66.1,23.8,1,69.1,195,50.5,94.5,4115,Haze,Minor
2024-03-30,Silk Board,Road_6,62.5,26.7,1,63.0,163,34.0,60.3,1454,Rain,Major
2023-02-15,Silk Board,Road_3,75.2,21.7,3,98.7,129,64.7,75.1,2700,Clear,Major
2022-05-20,Koramangala,Road_10,79.4,19.5,1,85.9,131,56.5,92.8,1661,Clear,Minor
2023-10-17,Brigade Road,Road_10,66.5,23.7,0,59.0,225,37.7,78.5,972,Rain,Minor
2022-07-23,Whitefield,Road_8,68.1,21.3,2,75.4,199,63.4,76.9,1004,Haze,None
2023-07-16,Koramangala,Road_14,66.1,16.7,2,70.8,161,50.5,71.5,4654,Clear,None
2024-04-15,Brigade Road,Road_5,55.7,22.6,0,52.3,207,53.5,94.2,1256,Haze,Major
2023-08-03,Brigade Road,Road_13,86.3,16.2,0,84.0,226,47.5,68.4,4184,Cloudy,Minor
2023-12-29,Whitefield,Road_7,66.3,19.3,0,56.7,216,58.2,65.2,4236,Rain,None
2023-08-14,Whitefield,Road_13,71.8,19.4,0,83.4,224,55.2,70.4,4199,Haze,None
2023-12-01,Silk Board,Road_1,72.0,20.5,1,76.7,126,48.2,61.0,541,Clear,Major
2023-07-23,Indiranagar,Road_2,72.7,17.8,1,68.4,183,39.3,85.4,4270,Haze,Major
2024-03-28,Silk Board,Road_13,71.7,12.4,1,58.7,139,59.2,83.2,2641,Haze,None
2023-05-28,Electronic City,Road_13,86.0,13.2,2,89.3,77,61.2,65.7,3059,Rain,Major
2022-04-09,Indiranagar,Road_16,51.2,22.9,0,60.5,183,43.6,67.8,2503,Haze,Major
2023-11-17,Silk Board,Road_10,68.4,22.1,2,52.5,102,57.4,69.3,2987,Rain,Minor
2023-02-03,Indiranagar,Road_2,83.0,10.2,2,89.8,213,60.2,81.1,2115,Cloudy,None
2023-04-11,Brigade Road,Road_10,62.7,15.3,1,51.8,81,60.8,83.9,4839,Haze,Minor
2022-08-12,Indiranagar,Road_2,74.5,24.5,1,90.0,121,70.5,63.7,1851,Rain,Major
2023-04-24,Indiranagar,Road_8,58.5,18.3,1,61.1,144,49.6,67.6,3755,Clear,None
2023-05-21,MG Road,Road_14,85.8,13.9,3,93.6,93,69.7,66.7,3448,Cloudy,None
2024-08-10,Brigade Road,Road_16,77.3,14.2,2,91.2,115,59.1,77.3,4597,Cloudy,Major
2024-01-17,Brigade Road,Road_5,71.4,19.2,1,89.4,183,58.0,94.2,4656,Rain,Major
2023-11-26,Marathahalli,Road_6,90.3,14.5,3,89.9,110,31.9,89.3,2853,Haze,Major
2022-07-08,Indiranagar,Road_11,68.4,19.3,0,81.2,166,73.2,89.2,1682,Rain,Minor
2023-07-16,Marathahalli,Road_10,69.7,28.1,0,81.8,125,32.4,82.6,4875,Clear,None
2022-01-20,Marathahalli,Road_5,59.4,26.2,0,57.5,189,52.6,67.1,4955,Rain,Minor
2023-06-09,Koramangala,Road_5,72.4,24.7,1,78.0,229,72.9,88.1,1506,Clear,None
2022-07-26,Koramangala,Road_8,99.0,14.0,1,98.9,125,71.9,75.7,1154,Clear,Minor
2023-08-17,Electronic City,Road_3,82.6,18.9,1,81.1,87,66.3,64.5,2566,Clear,Major
2024-07-06,Indiranagar,Road_9,76.9,13.5,2,90.7,123,36.2,60.2,4372,Rain,Major
2023-12-30,Marathahalli,Road_13,86.2,16.0,0,94.6,187,55.9,75.8,1430,Haze,None
2022-04-03,MG Road,Road_5,79.5,12.1,1,98.1,118,40.2,71.2,2412,Haze,None
2022-04-19,Electronic City,Road_6,72.2,18.5,1,84.1,163,49.5,74.2,3130,Haze,Major
2022-11-01,Koramangala,Road_5,86.4,13.6,2,72.7,167,47.0,76.1,1864,Cloudy,None
2023-05-07,Marathahalli,Road_15,87.2,18.6,2,100.0,122,43.1,67.0,4959,Cloudy,Major
2024-02-29,Marathahalli,Road_7,99.0,8.0,2,100.0,188,55.2,92.8,2079,Haze,None
2022-12-11,Indiranagar,Road_5,66.4,21.0,0,74.4,102,64.5,83.4,3265,Rain,None
2023-06-14,Electronic City,Road_8,87.1,22.7,2,100.0,84,41.8,64.4,2004,Cloudy,Major
2023-07-20,Silk Board,Road_12,80.7,19.9,2,88.1,111,45.2,73.7,2416,Rain,Minor
2022-09-22,Koramangala,Road_5,97.5,10.1,2,100.0,223,45.1,62.1,2749,Clear,Major
2022-08-12,Silk Board,Road_7,65.8,20.0,2,59.5,204,40.9,95.0,4475,Cloudy,Major
2024-08-11,Brigade Road,Road_15,81.7,19.6,1,84.1,112,46.1,82.0,3593,Haze,None
2023-07-30,Electronic City,Road_6,66.5,21.0,2,65.2,226,58.1,77.1,763,Haze,Minor
2022-12-19,Marathahalli,Road_4,87.5,10.6,0,88.0,215,46.1,74.9,3265,Rain,Major
2023-03-25,Koramangala,Road_16,74.0,21.2,0,74.8,235,31.9,75.1,701,Clear,None
2023-07-24,MG Road,Road_12,65.7,22.7,0,77.7,167,44.0,73.4,1975,Haze,Major
2022-07-19,Koramangala,Road_8,63.1,24.4,0,63.8,227,39.2,77.2,4061,Haze,None
2024-04-27,MG Road,Road_7,73.2,24.0,1,85.5,66,64.8,75.6,2021,Cloudy,None
2023-07-17,Whitefield,Road_8,64.6,26.1,0,70.5,89,50.0,70.8,1070,Cloudy,Major
2023-11-09,Koramangala,Road_4,69.5,23.7,5,77.6,76,31.9,90.3,4526,Clear,Major
2022-11-10,Silk Board,Road_13,79.0,19.2,2,89.3,99,54.8,78.7,4360,Clear,Minor
2024-03-02,Marathahalli,Road_13,88.7,8.6,1,93.3,121,57.5,94.7,4334,Cloudy,Major
2022-04-18,MG Road,Road_13,85.7,17.4,0,100.0,179,59.3,70.2,3306,Rain,Major
2024-02-29,Silk Board,Road_15,70.3,15.9,0,65.5,210,36.4,93.5,4004,Cloudy,Minor
2022-07-13,Electronic City,Road_8,80.7,13.6,4,88.1,175,57.8,94.4,2861,Clear,Minor
2023-02-20,Electronic City,Road_5,90.1,13.9,0,95.3,61,71.9,78.9,4946,Rain,Major
2022-04-17,Electronic City,Road_6,71.4,20.7,1,85.5,188,32.5,68.8,1998,Clear,None
2023-05-24,Indiranagar,Road_4,80.6,20.0,0,82.8,111,64.4,87.2,849,Rain,None
2022-09-20,Brigade Road,Road_16,44.3,31.8,0,50.0,132,59.8,61.0,1534,Clear,Major
2022-11-08,Electronic City,Road_5,69.9,29.3,0,86.7,146,59.8,69.9,3682,Cloudy,None
2024-05-16,Indiranagar,Road_1,65.0,19.1,1,86.0,219,46.1,90.0,1039,Cloudy,None
2022-03-04,Electronic City,Road_15,61.9,24.6,0,50.0,183,48.2,80.6,851,Rain,None
2023-02-23,Silk Board,Road_1,79.1,14.1,0,90.6,144,74.7,70.7,4935,Haze,Minor
2023-08-19,Silk Board,Road_1,57.2,23.9,0,61.2,227,46.0,79.7,3342,Clear,None
2023-01-08,Koramangala,Road_2,75.1,23.1,1,72.7,216,32.0,67.7,3127,Rain,Minor
2022-07-19,MG Road,Road_7,73.5,21.9,0,81.9,187,31.7,62.1,2469,Rain,Major
2022-11-22,Indiranagar,Road_3,69.1,22.7,0,60.5,108,70.0,88.8,4514,Rain,Minor
2022-04-10,Koramangala,Road_4,70.6,25.5,0,65.2,134,32.0,74.2,3620,Haze,Major
2022-10-21,Silk Board,Road_2,76.6,16.9,4,84.5,226,72.4,85.6,1416,Haze,None
2024-02-23,Koramangala,Road_10,80.1,27.1,1,83.3,54,72.0,93.6,3484,Clear,None
2022-08-04,Whitefield,Road_8,67.7,20.4,0,70.0,151,55.4,68.7,3765,Rain,None
2024-04-05,Brigade Road,Road_2,71.7,26.0,2,85.9,66,40.7,63.4,4098,Clear,Minor
2023-04-10,Silk Board,Road_5,63.4,17.4,1,69.3,187,31.6,73.7,2607,Rain,None
2022-01-18,Koramangala,Road_5,74.1,18.6,0,73.1,94,42.9,64.0,971,Rain,Major
2022-09-22,MG Road,Road_6,69.4,21.7,1,81.9,138,73.9,83.4,4959,Cloudy,None
2022-08-30,Indiranagar,Road_12,80.2,10.6,0,84.6,140,55.0,85.8,2482,Haze,None
2024-02-20,Brigade Road,Road_16,72.7,19.0,0,81.1,60,59.6,68.9,1203,Clear,Minor
2023-01-03,Indiranagar,Road_12,91.1,8.2,0,80.1,107,48.5,89.1,765,Cloudy,Major
2023-05-19,Whitefield,Road_13,85.3,23.1,0,82.9,51,68.3,69.6,4377,Clear,Major
2023-07-17,Whitefield,Road_5,49.8,28.4,1,50.7,174,58.8,87.8,4901,Rain,Major
2024-07-23,MG Road,Road_5,60.5,19.6,0,60.5,120,36.5,75.3,930,Clear,None
2022-07-23,Brigade Road,Road_1,84.8,11.7,1,99.2,125,70.1,62.7,1515,Cloudy,Major
2023-07-08,MG Road,Road_16,61.2,24.7,0,58.7,118,64.0,88.3,1508,Haze,None
2023-06-18,Whitefield,Road_11,55.0,25.7,0,63.6,211,36.9,91.9,1480,Cloudy,Minor
2023-01-09,Indiranagar,Road_10,79.0,16.9,1,83.8,207,36.8,94.7,3070,Clear,Major
2023-06-30,Indiranagar,Road_9,83.2,20.9,0,89.1,189,37.6,85.0,2634,Cloudy,Minor
2024-01-11,Brigade Road,Road_5,64.5,25.5,1,60.5,153,74.4,62.9,3337,Cloudy,Major
2023-06-23,Indiranagar,Road_7,75.2,23.9,1,81.7,177,54.5,86.8,1450,Haze,Minor
2022-01-11,Electronic City,Road_6,81.6,11.6,0,86.0,57,68.5,69.9,1345,Haze,None
2022-02-13,Whitefield,Road_12,77.1,16.8,1,77.6,73,32.3,91.8,3501,Rain,None
2022-06-14,Electronic City,Road_6,73.3,21.8,0,73.9,150,34.6,64.5,3779,Clear,None
2022-07-14,Whitefield,Road_8,73.0,18.3,1,81.6,94,56.8,86.6,4898,Rain,None
2024-07-30,Electronic City,Road_14,63.3,26.9,1,65.0,203,56.5,70.7,2963,Clear,Minor
2023-02-27,Silk Board,Road_1,79.5,16.0,1,79.9,214,53.8,78.9,646,Haze,None
2022-11-12,Silk Board,Road_13,71.8,12.9,2,75.1,147,66.9,61.2,1936,Haze,Major
2023-10-07,Whitefield,Road_5,81.2,16.7,0,86.4,188,43.8,71.3,1560,Cloudy,None
2022-01-05,Silk Board,Road_11,69.8,27.0,0,69.0,182,38.6,92.4,3291,Haze,None
2022-07-22,MG Road,Road_12,48.3,29.0,0,60.6,185,57.5,93.7,4517,Clear,None
2023-08-26,MG Road,Road_10,68.0,21.7,1,65.9,63,70.2,75.0,3462,Clear,Minor
2024-03-24,Silk Board,Road_14,76.0,19.6,2,72.5,161,32.8,87.9,4207,Rain,None
2024-04-10,Electronic City,Road_15,79.5,20.0,0,83.2,164,70.6,71.4,4610,Clear,Major
2023-11-12,MG Road,Road_6,66.0,19.7,0,71.2,212,46.6,94.3,3646,Rain,Major
2022-07-09,MG Road,Road_1,51.2,23.8,0,62.1,240,56.6,89.2,960,Rain,Major
2024-07-23,Electronic City,Road_10,56.8,16.4,0,50.0,173,33.8,66.0,4923,Haze,None
2024-05-25,MG Road,Road_14,96.1,9.2,0,97.0,117,31.9,92.5,4873,Rain,None
2023-09-22,Silk Board,Road_1,58.4,27.8,2,60.3,84,49.6,69.8,3184,Cloudy,Minor
2022-08-19,Koramangala,Road_9,88.1,14.0,2,79.2,212,73.8,83.6,1114,Clear,Minor
2023-12-24,Whitefield,Road_11,70.0,20.1,0,75.4,249,71.0,63.0,4998,Cloudy,Minor
2023-01-30,Electronic City,Road_5,46.6,24.0,0,50.0,243,72.1,70.2,4836,Cloudy,Minor
2024-05-04,Whitefield,Road_10,95.8,8.0,0,79.6,245,64.4,61.5,2236,Rain,Minor
2024-01-20,Brigade Road,Road_9,74.1,14.3,1,69.1,165,74.5,77.7,1313,Clear,None
2023-04-22,Indiranagar,Road_8,57.6,26.4,0,61.3,68,43.9,74.2,3720,Clear,Major
2022-02-01,Koramangala,Road_8,51.2,27.8,0,53.5,122,43.8,64.9,1380,Clear,None
2022-03-07,MG Road,Road_16,66.5,24.3,1,68.6,54,49.1,82.0,4683,Rain,Minor
2024-05-25,Whitefield,Road_9,63.4,34.6,1,76.7,191,40.4,66.7,1943,Cloudy,Major
2023-12-27,Silk Board,Road_16,60.9,23.7,0,56.2,238,33.0,79.7,2479,Haze,Major
2023-02-19,Silk Board,Road_7,68.8,22.5,2,90.6,177,31.0,75.6,557,Cloudy,Minor
2023-08-23,Indiranagar,Road_1,75.3,10.5,0,78.1,123,62.6,73.7,4498,Haze,Minor
2023-10-28,Marathahalli,Road_8,89.6,13.2,3,90.0,65,32.8,80.0,4212,Clear,Minor
2022-09-13,MG Road,Road_7,75.4,18.1,1,74.7,105,72.0,91.3,2649,Cloudy,Major
2022-06-27,Koramangala,Road_2,62.8,24.0,0,57.2,169,31.4,87.6,2071,Cloudy,Major
2024-07-21,Brigade Road,Road_7,81.0,14.7,2,86.9,112,38.7,90.2,1023,Haze,None
2024-07-02,MG Road,Road_10,70.1,17.1,1,56.6,208,60.5,74.7,819,Haze,Minor
2022-05-18,Indiranagar,Road_8,81.4,17.9,2,72.9,236,44.0,66.0,1530,Cloudy,None
2024-04-10,Indiranagar,Road_4,60.7,26.0,0,59.0,100,65.2,84.7,4103,Clear,Major
2023-05-13,Whitefield,Road_14,80.6,11.3,1,84.2,56,34.2,86.9,2133,Clear,None
2023-03-24,Marathahalli,Road_3,35.7,29.1,0,54.1,51,51.9,80.8,1556,Clear,Major
2022-03-18,Electronic City,Road_6,89.7,11.9,4,89.4,179,61.3,80.6,1175,Cloudy,Major
2023-08-27,Silk Board,Road_5,63.0,16.7,1,67.3,181,60.0,78.3,4594,Clear,Major
2023-12-09,Koramangala,Road_13,80.0,12.7,1,83.2,181,61.4,65.1,2074,Haze,None
2022-05-10,MG Road,Road_15,80.5,16.9,0,90.5,232,70.8,80.1,3592,Rain,None
2023-06-26,Whitefield,Road_4,80.7,19.9,2,78.3,83,60.7,84.1,1141,Clear,Minor
2023-07-18,Brigade Road,Road_3,73.0,17.3,0,81.4,246,72.7,61.4,4632,Clear,None
2023-03-14,Electronic City,Road_12,76.7,19.4,0,91.2,50,52.9,94.6,3948,Cloudy,Major
2023-11-05,Brigade Road,Road_16,63.2,18.0,1,57.2,195,54.0,92.3,2275,Clear,Major
2022-04-25,Silk Board,Road_12,55.4,26.7,0,52.2,98,47.9,67.7,2835,Haze,None
2023-12-04,Indiranagar,Road_9,63.6,17.4,0,66.4,120,60.5,84.8,3246,Cloudy,None
2023-07-12,Indiranagar,Road_8,72.4,22.4,0,58.2,207,68.1,89.2,3798,Cloudy,Minor
2024-03-31,Marathahalli,Road_11,70.6,20.2,1,87.7,68,41.4,62.9,4531,Clear,None
2023-10-17,Indiranagar,Road_14,84.1,14.8,1,91.1,124,52.1,82.9,2508,Rain,None
2023-11-06,Marathahalli,Road_5,67.6,24.6,0,76.7,74,69.4,75.6,1213,Haze,Minor
2022-06-13,MG Road,Road_6,60.8,21.8,0,67.4,195,30.4,90.2,1250,Haze,None
2022-01-04,Electronic City,Road_3,66.1,17.3,0,77.0,227,71.9,82.0,1657,Cloudy,Minor
2023-08-15,Silk Board,Road_13,82.7,8.9,0,81.1,204,31.3,75.4,1855,Clear,Minor
2022-11-13,MG Road,Road_1,64.0,24.3,1,72.2,228,30.4,65.5,1657,Cloudy,None
2023-10-22,Indiranagar,Road_11,99.0,11.6,2,95.0,208,50.8,93.9,3517,Clear,Minor
2022-11-16,Electronic City,Road_10,48.9,26.8,0,59.5,164,48.3,70.2,1839,Clear,Minor
2022-10-17,MG Road,Road_5,53.8,26.6,0,57.7,233,34.9,73.3,2925,Haze,Major
2024-07-21,Indiranagar,Road_12,40.1,35.0,0,57.1,232,60.0,87.2,975,Clear,Minor
2023-04-14,Brigade Road,Road_12,61.8,25.7,1,81.2,71,43.4,77.2,1570,Cloudy,Minor
2022-07-11,Koramangala,Road_1,75.2,25.1,0,69.1,120,67.2,78.1,1702,Haze,Major
2022-12-16,Brigade Road,Road_5,77.9,13.5,0,94.1,102,58.0,65.0,2174,Haze,Major
2023-05-24,Brigade Road,Road_6,82.2,10.2,0,91.1,225,71.5,76.8,1792,Haze,Minor
2022-05-22,Electronic City,Road_13,54.3,31.4,1,50.0,206,69.1,91.4,1001,Clear,Major
2022-08-18,Koramangala,Road_11,50.3,24.8,0,50.0,182,47.8,64.1,592,Haze,Major
2024-08-04,Koramangala,Road_4,79.1,16.6,1,83.6,236,35.6,83.1,4782,Rain,Minor
2022-04-28,Electronic City,Road_11,85.1,14.1,0,100.0,186,58.1,61.3,1119,Clear,Major
2023-01-12,Electronic City,Road_11,57.4,22.4,0,59.9,89,52.8,93.8,705,Haze,Major
2024-02-20,Koramangala,Road_10,67.3,15.0,1,71.2,244,50.2,88.9,4575,Cloudy,Major
2024-07-28,Brigade Road,Road_12,81.5,11.6,0,96.7,189,46.5,93.0,4145,Rain,Minor
2023-03-21,Koramangala,Road_2,64.8,15.6,0,76.7,87,70.1,91.6,4844,Rain,Major
2023-01-25,Whitefield,Road_6,77.5,18.4,2,100.0,204,62.0,71.4,4344,Rain,Minor
2023-02-20,Electronic City,Road_5,76.1,18.5,1,73.6,96,55.5,91.6,4678,Haze,Minor
2022-01-13,Whitefield,Road_6,64.4,17.5,0,71.7,212,31.8,63.0,2853,Haze,None
2022-08-01,MG Road,Road_2,40.9,35.3,0,50.0,215,48.3,92.1,1475,Rain,Minor
2022-06-09,Silk Board,Road_15,64.1,22.3,2,68.4,156,60.2,74.2,3953,Cloudy,None
2022-09-27,Indiranagar,Road_5,69.8,16.6,2,69.8,166,73.4,84.7,2290,Cloudy,Major
2024-04-28,Electronic City,Road_9,93.2,8.0,3,100.0,175,33.4,62.0,4617,Clear,Major
2022-05-09,Whitefield,Road_7,70.8,25.1,1,65.7,144,44.4,66.6,3118,Clear,Minor
2023-09-22,Marathahalli,Road_13,68.6,17.6,2,87.4,106,73.0,79.7,3677,Rain,Minor
2022-06-24,Electronic City,Road_4,69.0,16.7,0,69.0,229,36.6,84.3,2979,Rain,Major
2022-09-12,Silk Board,Road_14,80.0,13.2,1,90.9,126,41.9,80.3,4576,Clear,Major
2024-03-05,Electronic City,Road_2,71.9,19.8,2,68.4,71,62.9,84.4,883,Cloudy,Minor
2024-02-04,Koramangala,Road_14,79.3,15.8,1,82.9,214,43.3,74.8,3945,Cloudy,None
2022-05-10,MG Road,Road_13,59.9,26.3,0,76.8,117,39.6,84.4,4323,Cloudy,Minor
2022-05-16,Whitefield,Road_16,76.9,21.1,0,71.7,204,32.0,82.0,912,Cloudy,None
2024-04-04,Koramangala,Road_6,83.7,11.5,2,73.6,170,38.6,86.9,972,Haze,Minor
2022-03-18,Brigade Road,Road_7,93.3,16.9,5,94.0,80,38.7,80.6,3381,Rain,Major
2022-12-07,MG Road,Road_6,59.4,22.1,0,75.2,66,43.7,86.4,4957,Clear,Minor
2023-05-24,Silk Board,Road_13,54.9,14.2,0,72.8,172,58.3,66.9,1026,Clear,None
2023-09-04,Silk Board,Road_11,76.0,13.5,2,82.9,91,37.8,81.6,1804,Rain,None
2023-03-04,Electronic City,Road_1,67.0,19.5,1,77.7,213,47.6,66.4,2423,Haze,Minor
2023-03-27,MG Road,Road_6,57.5,17.3,0,64.6,142,42.6,71.6,4664,Clear,None
2023-01-04,Silk Board,Road_4,79.6,20.3,1,92.1,143,58.7,61.9,732,Clear,Minor
2023-10-14,MG Road,Road_2,45.3,17.9,0,61.0,91,53.9,65.8,616,Cloudy,Major
2022-12-31,Electronic City,Road_9,73.7,26.5,2,80.8,207,72.0,88.5,2468,Clear,None
2023-12-14,Whitefield,Road_2,80.9,14.8,1,87.4,89,54.8,65.1,4495,Haze,Major
2023-03-21,Marathahalli,Road_4,60.0,26.0,0,63.8,149,47.4,68.3,1338,Cloudy,Minor
2023-08-23,MG Road,Road_13,73.5,19.4,5,69.3,222,73.4,75.2,1611,Rain,None
2023-11-05,Brigade Road,Road_4,66.2,21.4,0,67.0,182,62.5,67.1,3450,Clear,Major
2023-08-03,Indiranagar,Road_7,87.7,8.0,1,99.4,62,46.3,81.4,2102,Rain,Minor
2023-05-25,MG Road,Road_3,64.5,22.8,1,62.6,83,61.1,83.9,1585,Clear,Minor
2022-08-07,Koramangala,Road_9,88.2,15.4,1,99.1,146,63.8,67.4,2852,Haze,None
2022-07-09,Silk Board,Road_2,83.8,12.3,1,95.0,151,58.1,73.1,2874,Cloudy,None
2022-04-07,Whitefield,Road_8,83.9,12.8,2,92.5,199,30.5,88.1,2988,Haze,Major
2023-04-25,Koramangala,Road_16,72.9,17.3,1,81.0,146,37.0,70.7,3391,Haze,None
2024-03-04,Whitefield,Road_5,64.3,18.7,2,59.4,92,36.9,61.8,4510,Haze,None
2024-03-06,Koramangala,Road_4,93.6,10.2,2,98.9,88,56.8,69.3,1326,Clear,None
2023-12-19,Marathahalli,Road_8,78.4,24.2,2,78.3,224,36.3,91.3,2478,Cloudy,None
2022-02-19,MG Road,Road_3,81.3,20.2,1,84.7,88,49.3,76.5,531,Cloudy,Minor
2022-10-30,Indiranagar,Road_14,57.1,22.4,0,61.4,52,69.7,64.2,1478,Haze,None
2022-03-09,Whitefield,Road_9,61.1,23.7,0,59.6,90,32.3,95.0,3555,Haze,Major
2023-03-29,Whitefield,Road_4,72.1,22.2,0,80.3,51,66.1,72.8,3968,Haze,None
2023-12-16,Silk Board,Road_1,93.9,10.0,0,97.6,240,46.2,71.5,4975,Clear,None
2023-04-10,Brigade Road,Road_3,65.1,25.8,1,70.6,102,47.3,86.8,1371,Cloudy,None
2023-07-08,Electronic City,Road_4,79.4,17.3,0,83.4,234,65.2,64.4,540,Rain,Major
2024-04-09,Electronic City,Road_6,82.9,12.2,2,96.1,61,60.4,61.3,4727,Rain,Major
2024-07-18,Marathahalli,Road_9,47.8,29.9,1,50.0,129,35.2,74.8,1931,Haze,None
2024-06-11,MG Road,Road_15,69.0,21.8,1,79.1,116,30.4,63.8,2208,Cloudy,Minor
2023-04-13,MG Road,Road_2,94.4,10.7,2,100.0,129,63.0,75.6,4106,Clear,Major
2022-11-13,Silk Board,Road_2,78.1,18.3,2,83.7,104,42.8,93.9,2784,Cloudy,None
2022-11-27,Electronic City,Road_2,65.2,22.7,0,74.6,175,40.0,74.0,3768,Cloudy,None
2023-10-30,Marathahalli,Road_14,78.0,19.7,0,93.3,100,57.3,76.7,1934,Rain,Major
2022-11-01,Marathahalli,Road_2,53.3,29.2,0,57.2,156,57.6,61.6,3019,Cloudy,None
2022-03-11,Silk Board,Road_7,69.3,15.9,1,78.1,110,64.2,73.7,2889,Clear,Major
2023-04-11,Brigade Road,Road_11,84.9,11.5,0,79.2,73,51.2,60.8,2121,Haze,None
2022-06-14,Indiranagar,Road_15,68.3,21.6,1,70.4,126,42.2,64.6,3646,Rain,None
2022-12-13,Whitefield,Road_16,81.0,16.9,5,93.1,196,72.2,66.8,2391,Cloudy,None
2022-05-09,Koramangala,Road_6,62.8,17.7,1,78.9,152,53.6,87.6,4971,Cloudy,Major
2023-05-26,MG Road,Road_8,81.1,12.2,1,72.8,106,37.4,88.1,1704,Rain,Minor
2023-03-13,Silk Board,Road_12,65.8,18.2,0,70.1,144,73.4,66.2,3736,Rain,Major
2024-03-30,Silk Board,Road_1,74.1,23.3,0,69.4,246,49.7,62.1,4311,Clear,Major
2022-03-01,Indiranagar,Road_13,56.1,22.5,0,50.0,56,57.4,70.3,3382,Cloudy,None
2023-02-12,Marathahalli,Road_16,76.0,12.9,0,74.5,110,57.3,86.8,3831,Cloudy,Minor
2022-01-28,Brigade Road,Road_5,72.6,16.1,1,90.7,221,40.4,62.3,1058,Cloudy,Major
2022-01-05,MG Road,Road_12,73.5,20.4,1,87.0,71,36.9,92.8,4053,Haze,Minor
2023-05-18,Indiranagar,Road_13,77.4,22.1,0,82.8,163,72.3,62.4,3669,Rain,None
2024-04-08,Whitefield,Road_8,79.0,17.3,0,93.0,138,67.9,76.0,1770,Haze,Major
2023-05-23,MG Road,Road_14,62.2,28.7,1,70.6,171,59.5,64.8,2708,Clear,None
2023-12-03,Silk Board,Road_5,81.9,13.2,3,85.8,73,46.7,64.6,3008,Haze,None
2024-06-19,Electronic City,Road_7,59.5,22.3,1,61.5,146,62.6,94.3,2138,Haze,None
2024-06-03,Brigade Road,Road_10,74.7,18.5,0,70.9,99,33.1,60.9,1986,Clear,Minor
2023-03-03,Koramangala,Road_5,90.4,13.2,0,96.6,57,39.2,61.2,723,Haze,None
2024-06-28,Koramangala,Road_11,71.8,20.5,0,67.5,76,58.2,66.1,1113,Cloudy,Major
2024-06-29,Silk Board,Road_3,58.6,29.2,1,65.7,136,33.8,71.1,2614,Rain,Major
2024-05-26,Indiranagar,Road_4,54.4,26.9,0,54.7,174,34.4,62.9,3167,Rain,None
2023-12-14,Silk Board,Road_1,93.5,10.7,3,88.5,207,38.4,62.1,1538,Haze,Minor
2023-11-12,MG Road,Road_11,74.8,18.9,0,95.1,154,57.3,60.3,4130,Haze,Minor
2022-11-13,Marathahalli,Road_9,96.5,14.3,2,89.6,88,33.1,68.7,1933,Cloudy,None
2023-07-21,MG Road,Road_15,81.8,19.5,0,74.3,142,53.9,60.3,2918,Cloudy,None
2022-11-02,MG Road,Road_6,82.8,11.5,0,81.3,57,42.8,60.3,1911,Clear,None
2023-01-20,Silk Board,Road_13,63.6,24.4,1,64.6,229,66.6,86.5,2497,Clear,Major
2022-06-10,Electronic City,Road_1,77.1,15.5,2,100.0,57,55.6,66.5,3202,Cloudy,None
2022-01-30,Whitefield,Road_5,79.9,11.1,0,88.9,184,46.1,68.8,1416,Clear,Major
2022-02-10,Koramangala,Road_7,59.3,22.2,1,62.2,205,74.1,93.2,4966,Rain,None
2023-10-21,MG Road,Road_11,61.0,28.9,1,61.5,139,72.1,81.4,2183,Haze,None
2023-06-30,Indiranagar,Road_10,59.1,30.2,0,52.1,89,38.7,61.8,2930,Cloudy,Major
2023-11-21,Koramangala,Road_13,83.9,20.5,3,90.4,199,60.8,79.3,2798,Haze,None
2023-11-25,Whitefield,Road_7,86.1,18.2,4,91.6,107,51.6,92.5,2961,Rain,Major
2023-07-01,Marathahalli,Road_13,68.5,28.0,0,75.4,189,66.2,94.8,4409,Clear,Minor
2022-08-23,MG Road,Road_12,62.4,24.1,0,67.5,77,59.5,80.0,4617,Rain,Major
2022-12-31,Whitefield,Road_15,70.1,18.0,0,79.3,242,47.7,62.2,2079,Clear,Major
2024-06-26,Electronic City,Road_1,89.5,20.2,1,96.1,61,59.2,60.1,1806,Haze,None
2022-10-19,Marathahalli,Road_8,47.8,25.5,0,50.0,167,60.3,75.4,4898,Rain,Major
2023-05-28,Indiranagar,Road_12,74.7,13.6,0,68.5,121,35.6,85.5,4351,Cloudy,Minor
2022-08-18,Silk Board,Road_1,64.8,18.3,0,58.5,147,45.5,73.3,4189,Rain,Minor
2023-09-15,Indiranagar,Road_5,66.2,24.3,2,75.3,149,58.0,79.4,3466,Cloudy,None
2023-05-06,Electronic City,Road_1,83.4,14.7,0,79.9,161,51.5,77.1,4745,Clear,Minor
2023-04-11,Silk Board,Road_14,66.5,23.0,1,73.6,136,50.4,77.9,3356,Clear,Minor
2024-06-07,Whitefield,Road_4,73.0,18.1,2,87.2,80,68.9,69.9,3587,Rain,Minor
2024-05-21,Marathahalli,Road_9,62.1,16.4,0,73.2,249,38.7,88.4,2173,Clear,Major
2024-01-05,Brigade Road,Road_13,75.8,23.5,3,72.8,82,51.6,60.7,1152,Cloudy,Major
2024-02-21,Koramangala,Road_16,73.8,15.4,3,73.0,203,73.1,76.3,732,Rain,Major
2023-07-17,Electronic City,Road_5,88.2,12.8,1,96.4,92,30.5,68.4,2108,Haze,Minor
2023-12-08,MG Road,Road_8,68.0,24.8,0,71.7,131,40.0,77.0,601,Rain,Minor
2023-04-06,Indiranagar,Road_2,70.3,19.6,2,74.9,125,30.5,87.6,3144,Rain,Major
2023-04-21,Brigade Road,Road_16,58.1,29.0,1,72.0,239,74.8,85.1,4700,Rain,None
2022-07-07,Whitefield,Road_4,82.8,15.5,0,78.3,183,57.7,93.9,2767,Clear,Minor
2022-10-20,Brigade Road,Road_13,70.5,20.7,0,71.8,158,59.4,91.2,3182,Cloudy,Minor
2023-11-12,Electronic City,Road_2,64.4,27.4,1,72.0,66,41.1,90.9,2683,Rain,Minor
2024-07-10,Electronic City,Road_11,65.9,22.8,0,72.4,243,49.5,87.9,2069,Clear,Major
2022-03-18,Silk Board,Road_15,62.1,32.0,0,55.6,64,65.9,61.8,4635,Rain,Minor
2022-06-03,Silk Board,Road_7,86.2,12.7,2,89.3,159,34.4,71.0,2800,Haze,Minor
2022-09-22,Whitefield,Road_15,77.3,17.2,0,79.3,143,51.5,81.8,922,Rain,Minor
2023-12-27,Indiranagar,Road_1,80.3,19.3,3,88.6,235,65.0,67.9,1002,Cloudy,Major
2023-06-12,Marathahalli,Road_16,58.1,30.6,1,61.8,76,68.6,83.2,4788,Haze,None
2022-11-24,Whitefield,Road_5,88.4,12.4,0,98.4,208,55.8,68.0,4248,Cloudy,Minor
2024-04-30,Electronic City,Road_14,86.3,12.4,5,92.1,92,43.0,91.9,3846,Cloudy,Minor
2022-11-23,Koramangala,Road_9,60.0,31.2,0,62.6,73,43.5,75.0,3770,Haze,None
2022-09-14,Silk Board,Road_11,85.5,14.1,2,99.1,187,31.0,83.0,4131,Clear,Major
2023-06-29,Indiranagar,Road_15,79.7,13.6,2,74.4,98,72.7,84.9,2651,Cloudy,None
2022-07-25,MG Road,Road_6,98.6,10.1,2,100.0,177,63.0,66.3,1313,Haze,Minor
2023-01-26,Marathahalli,Road_14,82.9,13.6,3,88.7,69,50.8,82.5,546,Rain,Major
2023-03-24,Indiranagar,Road_11,59.4,21.3,0,65.7,54,51.1,82.1,3555,Cloudy,None
2024-08-11,Marathahalli,Road_15,65.3,23.9,1,77.7,64,53.2,93.1,3337,Haze,Minor
2022-12-18,Silk Board,Road_9,82.8,18.5,1,91.4,77,41.6,84.0,3588,Cloudy,Major
2023-01-12,Indiranagar,Road_4,78.6,17.7,0,80.1,192,36.7,73.8,3620,Haze,Minor
2022-02-03,Electronic City,Road_4,75.5,25.8,1,87.3,101,67.5,69.5,4285,Cloudy,None
2022-03-09,Marathahalli,Road_1,60.4,17.0,0,65.4,100,48.2,85.3,959,Rain,Minor
2023-06-17,Indiranagar,Road_9,67.6,18.2,0,79.3,117,49.8,75.6,1287,Clear,Major
2022-12-20,Brigade Road,Road_15,63.9,16.2,2,74.4,193,42.3,89.3,4501,Clear,Minor
2024-05-10,Koramangala,Road_6,61.9,25.0,0,76.9,85,48.8,70.3,2758,Clear,None
2024-06-26,Koramangala,Road_13,78.1,20.6,1,81.2,218,41.8,85.7,923,Haze,Major
2024-05-22,Koramangala,Road_9,68.6,26.9,1,72.4,67,38.6,89.4,1349,Rain,Major
2022-04-17,Electronic City,Road_8,75.1,12.7,0,60.1,172,62.7,82.7,1342,Clear,Minor
2022-03-10,MG Road,Road_4,38.6,28.0,0,50.0,204,48.1,62.9,1722,Clear,Major
2022-08-29,Electronic City,Road_3,68.4,21.0,0,82.0,66,50.6,76.2,1429,Rain,Minor
2022-08-30,Indiranagar,Road_15,68.8,18.1,0,76.9,232,62.6,89.4,2289,Cloudy,None
2022-08-19,MG Road,Road_1,60.4,25.3,0,67.5,127,70.1,69.2,3244,Cloudy,Major
2022-09-20,Brigade Road,Road_1,65.9,24.8,1,76.3,181,41.1,64.3,2205,Clear,None
2022-07-10,Silk Board,Road_8,77.6,18.1,0,70.1,89,64.6,62.4,2666,Cloudy,None
2022-01-25,Marathahalli,Road_15,57.2,24.9,0,62.5,232,39.9,72.3,2670,Rain,Minor
2022-06-19,Koramangala,Road_6,85.8,13.7,0,80.2,65,40.0,76.8,3011,Clear,Minor
2023-08-17,MG Road,Road_15,82.5,21.0,2,93.4,82,35.4,93.4,3969,Clear,Major
2022-08-11,Koramangala,Road_13,65.3,26.0,0,60.1,126,52.4,60.8,4950,Rain,Minor
2023-05-07,Indiranagar,Road_10,61.7,19.7,1,85.4,89,70.7,81.3,4920,Cloudy,Minor
2024-07-12,Whitefield,Road_12,83.3,8.0,0,95.6,198,34.9,85.6,1710,Rain,Major
2023-05-13,Marathahalli,Road_8,67.8,24.5,0,66.9,110,73.0,73.6,3229,Cloudy,Minor
2022-11-24,Indiranagar,Road_9,66.2,20.2,0,72.0,221,37.0,89.5,3755,Clear,Major
2022-10-18,Indiranagar,Road_16,68.2,18.5,0,71.2,205,64.8,83.0,804,Cloudy,None
2022-04-07,Whitefield,Road_9,79.4,31.7,0,93.3,189,70.9,67.8,570,Haze,Major
2023-04-26,Electronic City,Road_1,88.4,14.0,0,95.4,135,71.3,86.4,576,Clear,Major
2022-10-10,Whitefield,Road_14,85.3,12.4,1,81.4,93,47.7,61.8,779,Clear,Major
2023-08-11,Marathahalli,Road_8,51.8,30.9,0,57.3,85,38.2,86.8,1000,Haze,Minor
2023-01-16,Marathahalli,Road_11,73.1,19.1,0,77.1,221,66.0,70.4,4337,Cloudy,None
2022-02-13,Koramangala,Road_4,66.3,30.4,1,69.0,163,59.1,86.2,2220,Cloudy,None
2022-06-08,Brigade Road,Road_2,93.4,10.0,2,99.9,130,36.5,84.9,4682,Rain,Major
2022-12-29,Marathahalli,Road_14,71.1,19.3,1,85.2,177,37.8,82.6,852,Rain,Major
2023-07-21,MG Road,Road_7,88.2,11.9,1,88.2,196,32.6,80.5,2046,Clear,Minor
2022-03-08,Indiranagar,Road_1,92.5,10.0,1,100.0,183,47.4,86.4,1818,Rain,Major
2022-06-16,Indiranagar,Road_13,64.7,25.0,1,68.2,60,58.6,82.4,2161,Haze,Minor
2023-09-01,Koramangala,Road_7,87.7,15.7,1,93.7,51,49.5,74.2,4000,Haze,None
2023-08-18,Electronic City,Road_13,56.1,23.9,0,50.4,185,63.5,78.5,547,Haze,Major
2023-05-13,Brigade Road,Road_4,80.8,16.9,0,75.2,155,61.7,65.3,3942,Rain,Major
2022-02-07,Electronic City,Road_3,72.2,26.9,3,86.8,65,36.0,67.4,3503,Haze,Minor
2022-07-04,Electronic City,Road_16,62.7,30.4,0,68.6,116,61.0,79.1,2353,Rain,None
2022-01-13,Indiranagar,Road_9,58.3,31.3,1,50.0,169,37.1,81.4,1291,Clear,Minor
2023-09-09,Indiranagar,Road_3,46.3,22.6,0,50.0,129,54.8,65.4,4235,Cloudy,Major
2022-03-21,Silk Board,Road_16,81.3,20.7,1,100.0,248,59.8,69.5,3515,Haze,Major
2023-11-08,Koramangala,Road_7,91.3,12.3,2,91.3,130,34.8,81.6,2098,Rain,Minor
2023-01-09,MG Road,Road_6,56.9,27.7,0,50.0,161,36.3,76.9,1082,Clear,None
2024-08-01,Marathahalli,Road_9,75.3,21.4,2,88.2,181,33.9,66.7,2491,Clear,Major
2023-05-01,Marathahalli,Road_5,79.9,24.5,2,76.0,207,71.9,69.0,1895,Rain,None
2022-02-18,Whitefield,Road_11,83.5,16.6,0,100.0,115,43.7,88.2,3859,Haze,Major
2024-06-13,Brigade Road,Road_16,54.9,31.7,0,58.2,198,37.4,76.9,4589,Haze,Minor
2023-07-23,Koramangala,Road_15,99.0,11.8,0,100.0,227,54.9,69.4,915,Cloudy,None
2023-06-04,Electronic City,Road_3,89.0,13.0,1,96.1,183,69.3,82.8,2952,Haze,Major
2022-04-21,MG Road,Road_12,59.4,22.4,0,63.4,138,67.3,92.1,4393,Rain,None
2024-04-24,Indiranagar,Road_16,65.8,19.7,0,58.1,131,68.5,85.2,3377,Rain,Minor
2023-07-02,Brigade Road,Road_13,89.6,10.3,5,100.0,179,63.9,94.8,4623,Rain,Minor
2024-02-14,Koramangala,Road_7,67.6,11.6,2,70.8,79,64.0,86.8,3238,Rain,Major
2023-10-15,Koramangala,Road_1,69.0,27.9,1,77.0,190,32.7,74.9,3442,Cloudy,Major
2023-02-23,Brigade Road,Road_6,61.7,18.1,2,81.3,220,35.8,72.0,3385,Clear,Minor
2023-02-11,Indiranagar,Road_13,87.4,13.4,1,87.1,109,70.7,85.6,523,Clear,None
2022-05-31,Brigade Road,Road_5,62.8,24.8,0,73.4,87,42.8,90.9,1267,Clear,Major
2024-05-23,Brigade Road,Road_15,76.7,14.3,1,86.6,206,32.9,63.1,3514,Cloudy,None
2024-05-15,MG Road,Road_2,65.6,25.8,1,74.3,102,65.5,87.2,2554,Cloudy,Major
2023-02-09,Indiranagar,Road_1,76.2,19.3,1,82.1,111,49.6,70.9,4082,Haze,Minor
2023-03-22,Marathahalli,Road_16,55.8,28.4,0,60.2,200,38.4,94.8,1965,Rain,Minor
2023-08-29,Silk Board,Road_4,64.0,29.1,0,70.0,197,44.4,77.1,895,Clear,Major
2023-05-03,Whitefield,Road_10,90.4,8.0,2,100.0,197,61.7,68.1,3362,Cloudy,Minor
2023-01-28,Whitefield,Road_9,65.2,21.5,1,73.2,64,50.5,75.0,1569,Rain,Minor
2023-10-24,Brigade Road,Road_7,54.5,23.5,0,53.1,68,57.3,91.7,4616,Haze,Minor
2024-07-16,Brigade Road,Road_13,81.2,18.5,1,88.6,155,53.5,85.4,3011,Clear,Minor
2023-06-29,Whitefield,Road_14,91.8,11.9,0,100.0,168,47.1,92.9,2373,Cloudy,None
2022-07-19,Indiranagar,Road_12,66.0,24.6,1,91.6,86,58.4,83.4,1243,Cloudy,Major
2022-06-25,Brigade Road,Road_7,79.9,24.3,1,93.6,85,48.2,90.7,1742,Haze,Minor
2024-03-31,Electronic City,Road_5,83.1,10.9,0,89.9,249,44.0,90.1,1066,Haze,Minor
2023-12-06,Indiranagar,Road_8,81.4,14.6,0,86.4,55,59.5,69.8,1676,Haze,Minor
2024-05-28,Marathahalli,Road_10,99.0,18.0,4,93.2,177,41.2,78.3,2429,Cloudy,None
2024-01-21,MG Road,Road_15,77.7,18.0,0,83.8,135,60.6,69.4,4864,Rain,Major
2022-02-20,Brigade Road,Road_14,77.7,25.3,1,88.4,138,51.4,86.2,828,Rain,None
2023-07-27,Marathahalli,Road_15,74.6,25.7,2,89.1,149,41.4,70.7,4573,Rain,None
2022-09-08,Whitefield,Road_6,84.7,8.0,1,98.6,144,59.5,85.9,4072,Haze,Major
2023-08-14,Whitefield,Road_2,79.1,17.5,3,93.9,206,47.9,83.6,2506,Cloudy,None
2022-11-20,Whitefield,Road_1,75.7,21.4,1,89.6,195,67.7,86.1,2992,Haze,None
2022-05-02,Indiranagar,Road_1,61.1,22.1,0,79.8,202,45.3,62.7,1417,Cloudy,None
2023-03-13,Electronic City,Road_11,59.4,20.3,1,65.0,168,56.9,79.1,4015,Cloudy,Minor
2024-06-28,Electronic City,Road_8,92.5,15.9,3,94.1,115,58.2,74.3,3539,Rain,Minor
2023-11-16,MG Road,Road_13,68.7,21.9,0,70.8,102,35.6,78.0,1134,Haze,Major
2024-01-23,MG Road,Road_9,50.2,30.7,1,50.0,187,67.0,90.9,4355,Clear,Major
2023-05-11,Koramangala,Road_5,71.8,17.2,0,75.6,167,53.4,84.4,1522,Clear,None
2022-01-27,Brigade Road,Road_11,51.3,25.9,0,54.1,239,34.4,84.9,1143,Haze,None
2022-03-23,Silk Board,Road_1,64.6,30.9,0,64.1,139,47.5,92.3,2497,Haze,None
2022-06-29,Marathahalli,Road_7,55.8,32.6,0,69.2,217,71.9,93.6,2186,Rain,None
2022-05-25,MG Road,Road_9,49.4,31.7,0,51.8,211,57.2,77.2,3153,Haze,Major
2022-07-08,MG Road,Road_3,69.6,25.0,2,66.4,167,54.7,68.8,4693,Rain,Minor
2024-03-18,Electronic City,Road_1,52.2,26.6,0,52.6,50,60.7,86.6,4959,Clear,Minor
2023-11-09,Koramangala,Road_7,81.9,15.2,2,90.3,175,42.8,87.1,1744,Rain,Minor
2024-01-05,Silk Board,Road_15,70.8,20.7,3,78.0,123,55.3,93.2,2347,Clear,Major
2023-09-12,Whitefield,Road_4,59.4,25.1,0,71.3,149,71.0,77.6,2910,Cloudy,Minor
2022-05-31,Koramangala,Road_4,87.4,17.4,3,100.0,227,36.2,75.7,1036,Rain,None
2023-05-04,Koramangala,Road_12,67.5,13.2,2,81.3,187,63.2,79.9,1236,Haze,Minor
2023-07-19,MG Road,Road_15,78.1,15.5,1,82.6,207,69.5,71.4,2594,Haze,Minor
2024-02-10,MG Road,Road_2,95.0,15.7,1,100.0,104,55.5,86.5,2438,Clear,None
2023-11-16,Indiranagar,Road_16,77.8,18.1,3,84.5,143,54.8,64.1,1759,Cloudy,Major
2023-02-03,Koramangala,Road_12,74.9,23.7,1,70.5,80,50.4,76.3,529,Clear,Minor
2022-09-19,MG Road,Road_2,83.1,20.7,1,88.4,222,39.2,86.6,1620,Rain,Minor
2023-04-25,Marathahalli,Road_6,68.2,15.5,1,82.6,169,52.0,66.0,2943,Clear,Minor
2022-09-19,Electronic City,Road_9,73.8,25.9,2,86.2,78,49.1,89.2,1226,Rain,Minor
2023-04-24,Koramangala,Road_16,46.3,34.3,0,50.0,207,37.0,71.2,2193,Haze,Minor
2024-06-24,Brigade Road,Road_9,58.1,25.1,0,66.5,218,60.9,69.5,1116,Cloudy,Minor
2022-05-20,MG Road,Road_14,83.5,16.2,0,76.5,145,44.9,86.6,1359,Haze,Major
2024-07-01,Koramangala,Road_4,67.6,22.8,1,89.1,212,46.7,77.9,4138,Rain,Major
2022-04-14,Electronic City,Road_4,71.6,22.9,0,74.1,229,49.3,87.8,3354,Haze,None
2023-06-11,Whitefield,Road_2,53.0,30.1,0,70.4,55,49.7,79.0,2128,Haze,Major
2023-09-16,Koramangala,Road_5,58.5,29.1,2,55.2,248,39.6,92.5,2399,Clear,Minor
2023-07-01,Marathahalli,Road_5,76.2,12.6,2,87.7,234,35.6,78.9,3965,Cloudy,Minor
2023-09-30,Whitefield,Road_9,85.5,10.2,0,94.2,102,66.9,71.3,2368,Cloudy,Minor
2024-04-18,Electronic City,Road_14,75.3,16.9,1,74.1,161,52.5,82.8,2970,Clear,None
2023-05-20,Silk Board,Road_16,47.3,30.4,0,51.7,195,50.6,76.9,2091,Haze,Minor
2022-06-19,Koramangala,Road_4,73.9,22.1,0,77.6,121,40.9,72.6,917,Clear,None
2022-05-10,Brigade Road,Road_7,77.4,15.0,1,66.2,126,31.0,65.4,1535,Clear,Minor
2022-03-27,Silk Board,Road_2,83.0,18.0,1,83.9,212,33.5,92.9,1674,Cloudy,Major
2023-08-08,Whitefield,Road_3,69.8,21.0,1,81.9,72,45.9,83.2,1511,Haze,Major
2022-11-01,MG Road,Road_11,62.7,17.4,0,67.9,241,33.3,78.3,1213,Cloudy,Major
2024-04-16,Silk Board,Road_14,55.3,23.7,0,52.7,146,34.8,89.4,1722,Haze,None
2024-03-10,Indiranagar,Road_16,90.0,16.1,1,100.0,107,33.1,60.8,515,Cloudy,None
2024-08-16,Marathahalli,Road_2,69.0,16.5,1,75.0,220,30.1,73.0,805,Clear,None
2023-03-02,Electronic City,Road_1,87.3,13.3,2,88.9,181,31.8,67.9,699,Haze,Major
2022-11-14,Koramangala,Road_14,74.4,19.3,1,86.4,216,32.2,85.4,3586,Haze,Major
2023-05-06,MG Road,Road_5,65.9,24.0,0,61.9,141,46.7,67.2,1685,Cloudy,Minor
2023-10-22,Indiranagar,Road_4,65.3,19.8,0,65.5,138,64.8,81.9,1015,Clear,None
2022-11-20,MG Road,Road_2,47.5,26.3,0,51.9,231,56.3,70.4,727,Cloudy,Minor
2024-01-16,MG Road,Road_10,84.5,14.7,2,87.3,185,57.5,89.7,4005,Clear,Major
2023-06-09,Koramangala,Road_15,79.4,19.5,1,97.8,224,74.6,81.6,4037,Cloudy,None
2024-01-29,MG Road,Road_3,75.4,20.2,2,92.1,83,64.8,88.7,3791,Rain,None
2024-01-29,MG Road,Road_13,61.6,29.1,0,70.5,248,30.4,67.5,4771,Clear,None
2022-02-09,Silk Board,Road_11,51.7,29.7,0,61.0,165,68.7,84.1,2653,Clear,None
2024-03-29,Koramangala,Road_12,63.8,20.7,1,70.7,177,65.1,85.8,814,Clear,None
2024-04-20,Brigade Road,Road_8,64.7,22.1,0,67.5,170,66.1,91.5,3737,Rain,Minor
2022-04-24,Whitefield,Road_5,86.0,11.9,3,92.6,206,58.3,84.0,3091,Clear,Minor
2022-04-02,Silk Board,Road_16,57.6,23.5,1,60.8,215,51.6,84.7,3067,Rain,Major
2023-12-28,Koramangala,Road_6,79.1,16.8,1,89.2,203,51.4,64.6,4858,Clear,Major
2024-05-01,Koramangala,Road_7,51.0,31.4,0,50.0,92,67.2,86.9,2815,Clear,Minor
2023-12-27,Electronic City,Road_12,72.7,16.8,0,65.2,54,47.7,66.5,3470,Haze,Major
2024-03-15,Indiranagar,Road_7,70.7,28.5,0,58.3,175,63.4,72.3,1197,Haze,None
2022-08-19,Silk Board,Road_12,49.2,30.8,0,50.0,100,59.1,89.8,1204,Haze,Major
2022-12-02,Brigade Road,Road_6,83.5,11.1,3,97.8,210,49.9,70.9,1284,Haze,None
2023-10-26,MG Road,Road_3,61.8,18.1,2,85.3,200,31.2,64.0,1942,Rain,Major
2023-04-15,Silk Board,Road_5,58.6,23.3,1,64.3,194,47.4,91.5,4559,Haze,None
2024-04-10,Koramangala,Road_15,58.0,23.3,0,55.2,119,60.5,78.2,4101,Clear,Major
2023-08-04,Electronic City,Road_1,73.5,17.8,0,85.8,231,40.2,74.9,1514,Rain,Major
2022-12-29,Electronic City,Road_5,73.3,25.3,2,68.6,100,39.8,87.4,1751,Rain,Major
2023-08-23,Koramangala,Road_2,78.9,20.7,0,97.6,120,50.6,93.9,3037,Haze,None
2022-02-28,Marathahalli,Road_9,55.9,34.5,0,54.6,177,34.6,62.3,2132,Haze,Major
2024-02-04,Whitefield,Road_10,76.4,20.2,0,75.9,157,34.4,77.7,4142,Cloudy,None
2023-08-19,Marathahalli,Road_2,81.1,13.5,2,80.1,138,41.7,87.3,1369,Clear,Major
2024-04-18,MG Road,Road_1,74.7,17.7,0,82.0,219,50.2,74.4,3153,Rain,None
2024-01-20,Electronic City,Road_11,56.1,28.2,1,67.8,154,66.6,81.4,4333,Cloudy,Minor
2022-11-05,Koramangala,Road_14,73.3,27.0,2,68.4,105,59.5,84.4,3453,Haze,Minor
2022-11-07,Marathahalli,Road_2,68.4,18.0,1,70.3,241,47.4,75.1,1547,Cloudy,Minor
2024-05-14,Marathahalli,Road_13,60.6,21.5,1,70.2,117,45.8,82.2,1041,Cloudy,Major
2023-05-06,Brigade Road,Road_12,81.5,10.4,2,93.5,173,53.7,72.7,1607,Cloudy,None
2022-03-15,Whitefield,Road_10,64.9,21.5,0,85.6,72,53.0,79.4,3540,Haze,Major
2023-03-21,Whitefield,Road_2,74.9,20.3,2,81.5,102,69.0,79.8,4006,Haze,Minor
2023-12-27,Koramangala,Road_8,69.6,23.4,0,67.7,240,57.3,62.8,2313,Cloudy,Minor
2023-07-28,Koramangala,Road_1,62.3,26.3,1,72.2,111,32.7,65.4,1304,Haze,Major
2023-01-01,Indiranagar,Road_15,77.2,17.0,1,85.5,64,30.3,84.8,3371,Rain,Major
2023-10-19,Electronic City,Road_6,91.9,10.6,2,93.9,171,52.8,71.2,1498,Rain,None
2022-09-18,Whitefield,Road_16,99.0,11.0,0,100.0,178,34.2,73.8,3819,Clear,Minor
2023-01-19,Whitefield,Road_12,70.8,11.1,1,84.5,65,75.0,84.7,4741,Rain,None
2024-03-03,Indiranagar,Road_5,35.0,29.4,0,50.0,196,48.8,94.5,512,Clear,None
2022-02-15,MG Road,Road_11,84.6,17.7,1,79.7,70,67.7,72.4,4528,Cloudy,Major
2023-03-10,Whitefield,Road_16,74.9,16.5,0,79.3,219,68.1,92.1,3206,Haze,Major
2022-10-13,Electronic City,Road_13,77.4,19.5,2,81.6,144,58.0,88.1,2144,Clear,Minor
2024-06-18,Whitefield,Road_15,62.1,32.2,0,70.3,227,43.4,85.7,4508,Clear,Major
2024-08-17,Koramangala,Road_7,62.1,20.3,1,76.7,66,73.4,81.8,3056,Cloudy,Major
2024-01-04,Marathahalli,Road_14,51.0,27.9,0,51.5,144,68.5,87.2,1243,Haze,Major
2024-06-06,Koramangala,Road_8,81.4,15.1,1,78.8,107,61.8,93.8,1911,Haze,Major
2023-12-03,Koramangala,Road_6,68.5,22.7,0,73.2,126,51.9,64.7,3564,Cloudy,Minor
2024-05-20,Marathahalli,Road_3,73.0,20.0,0,82.4,225,63.5,69.3,3500,Rain,Major
2024-07-18,Silk Board,Road_1,74.2,17.3,2,86.4,141,57.4,76.7,2612,Haze,Minor
2023-02-04,Indiranagar,Road_5,77.8,20.7,0,83.5,221,55.2,84.4,4209,Cloudy,None
2022-04-23,Silk Board,Road_7,81.6,19.7,1,97.6,111,30.2,91.6,2206,Rain,None
2022-05-24,Whitefield,Road_14,65.0,17.0,0,63.0,61,55.3,88.2,3093,Rain,None
2024-03-24,Koramangala,Road_16,90.9,12.1,1,94.3,135,54.2,69.5,4802,Cloudy,Major
2024-03-05,Koramangala,Road_15,74.8,14.9,1,80.2,174,32.1,61.9,4047,Clear,Major
2022-02-15,Indiranagar,Road_16,58.4,26.6,1,68.3,85,41.8,87.3,791,Clear,Minor
2023-03-27,Electronic City,Road_6,72.9,15.2,1,71.6,218,33.6,60.5,4469,Rain,Major
2022-11-21,MG Road,Road_3,82.9,21.1,1,76.6,122,67.4,84.6,3020,Haze,Minor
2022-04-02,Brigade Road,Road_11,69.8,24.2,1,82.7,55,47.8,79.1,2655,Clear,None
2022-01-02,Indiranagar,Road_1,69.1,27.3,0,78.2,74,33.8,71.4,2373,Cloudy,None
2022-08-14,Marathahalli,Road_10,69.9,21.3,0,82.4,179,45.2,92.1,2113,Rain,Major
2022-05-10,Whitefield,Road_10,75.7,18.1,1,89.1,123,49.7,93.4,976,Cloudy,Minor
2022-12-21,Whitefield,Road_15,58.1,18.1,0,66.9,243,62.8,77.3,3581,Clear,Major
2023-11-12,Koramangala,Road_3,65.7,21.9,1,74.9,101,44.4,88.3,4635,Rain,Minor
2023-01-25,Indiranagar,Road_14,83.4,16.4,1,82.9,63,63.3,64.5,982,Haze,Major
2023-01-02,Marathahalli,Road_10,86.0,19.1,4,93.0,231,48.9,62.2,2681,Rain,Minor
2023-10-29,Koramangala,Road_9,69.7,22.8,1,88.0,73,63.1,82.9,2445,Clear,None
2022-02-13,Koramangala,Road_1,99.0,8.6,2,97.0,71,41.7,68.3,2054,Clear,Minor
2023-05-03,Whitefield,Road_12,69.0,18.6,0,77.6,98,51.9,84.4,2553,Haze,Major
2022-09-20,Brigade Road,Road_10,73.9,14.7,0,73.8,162,46.2,78.9,4283,Clear,None
2022-03-02,Marathahalli,Road_13,57.0,29.2,0,54.6,147,40.1,72.6,4768,Clear,Major
2023-01-02,Whitefield,Road_1,63.8,15.2,0,72.3,185,48.7,63.6,2491,Haze,Minor
2022-04-23,Brigade Road,Road_3,75.8,15.9,1,88.3,105,52.7,69.3,709,Haze,Major
2023-10-06,Indiranagar,Road_10,86.5,9.1,3,100.0,180,59.7,87.0,4518,Haze,Minor
2024-08-05,MG Road,Road_8,64.1,18.0,2,58.5,246,39.5,87.4,2289,Haze,Minor
2024-01-02,Electronic City,Road_11,71.5,24.9,0,61.4,170,31.1,83.5,759,Cloudy,Minor
2022-05-27,Brigade Road,Road_9,64.0,22.3,1,66.0,118,42.7,69.1,4456,Clear,Minor
2022-08-29,Indiranagar,Road_15,61.7,15.8,0,70.4,163,57.7,61.0,4002,Rain,None
2023-07-02,MG Road,Road_11,67.8,27.0,1,68.1,188,66.9,71.7,3139,Haze,Minor
2023-11-06,Silk Board,Road_14,72.9,15.0,0,79.6,184,49.1,69.9,2200,Clear,None
2024-07-19,Marathahalli,Road_9,81.9,13.3,2,82.1,198,52.4,89.3,3717,Clear,Minor
2024-08-17,Brigade Road,Road_8,90.9,17.4,2,88.2,127,72.2,80.0,3960,Cloudy,None
2024-08-04,Brigade Road,Road_3,54.9,29.6,0,76.0,93,65.0,85.6,4952,Cloudy,None
2023-11-21,Indiranagar,Road_11,71.1,31.4,1,65.8,150,35.8,75.6,1204,Cloudy,None
2022-12-13,Indiranagar,Road_10,65.3,21.6,0,87.6,65,51.3,66.8,3499,Rain,None
2023-05-23,Electronic City,Road_11,79.7,18.4,1,90.0,246,74.5,87.4,3444,Cloudy,None
2022-08-21,Indiranagar,Road_1,70.9,22.5,1,85.7,107,40.4,73.0,4581,Rain,Major
2023-03-14,MG Road,Road_7,59.5,22.8,0,63.4,196,51.9,93.8,1874,Haze,Minor
2022-08-15,Koramangala,Road_11,92.3,13.3,0,87.7,180,55.3,92.0,3533,Cloudy,None
2023-09-19,MG Road,Road_3,87.9,12.8,1,96.4,221,40.7,65.7,1318,Cloudy,None
2024-02-27,MG Road,Road_7,81.6,23.6,2,84.2,201,60.8,70.3,3387,Rain,Major
2023-05-21,Brigade Road,Road_10,43.9,25.6,0,50.0,106,31.4,68.2,4364,Cloudy,Minor
2022-07-26,Whitefield,Road_15,74.8,14.2,0,78.3,226,65.2,68.2,4158,Clear,Major
2024-06-01,Marathahalli,Road_16,52.1,26.7,0,50.0,66,54.4,82.0,669,Clear,None
2023-03-07,Whitefield,Road_14,54.0,20.1,0,62.9,157,52.9,86.5,1925,Haze,Minor
2023-10-28,Brigade Road,Road_1,73.2,21.5,1,74.3,138,53.5,61.4,4909,Haze,None
2023-05-23,Indiranagar,Road_7,83.6,11.8,0,80.1,128,71.3,90.0,2672,Rain,Minor
2023-04-06,Electronic City,Road_7,69.1,14.1,0,73.4,193,39.1,61.5,830,Rain,Minor
2023-02-18,Koramangala,Road_9,62.1,28.4,1,58.1,63,64.0,75.4,2318,Cloudy,None
2023-11-20,Electronic City,Road_11,87.1,14.8,0,100.0,59,44.1,92.1,4163,Clear,None
2023-01-24,Brigade Road,Road_9,64.0,20.5,0,77.9,172,51.9,70.4,3870,Cloudy,None
2023-12-01,Silk Board,Road_11,51.8,31.7,1,66.6,244,55.2,78.6,3237,Rain,Major
2023-08-30,Silk Board,Road_1,67.8,20.5,0,69.8,82,34.4,91.4,860,Cloudy,Minor
2022-04-05,Electronic City,Road_3,71.6,23.0,0,83.7,182,68.9,68.9,3947,Cloudy,Minor
2024-06-28,Electronic City,Road_13,94.8,12.0,2,88.5,169,54.6,69.8,3933,Clear,Major
2024-06-08,Koramangala,Road_16,67.9,16.9,1,72.4,79,72.1,78.2,1148,Haze,Major
2024-04-10,Marathahalli,Road_14,89.0,13.1,3,93.5,242,50.2,73.4,2371,Rain,Minor
2023-09-03,Whitefield,Road_3,60.5,25.3,1,59.5,80,32.9,62.7,2566,Clear,Minor
2023-07-14,Marathahalli,Road_9,63.1,27.9,0,62.9,194,56.0,80.3,903,Clear,None
2024-06-30,Electronic City,Road_16,70.2,21.4,1,73.3,64,46.2,81.9,4930,Haze,Major
2023-11-06,Brigade Road,Road_11,62.9,26.0,1,55.9,155,71.0,91.4,2932,Clear,None
2024-02-02,Brigade Road,Road_5,61.2,20.6,0,54.9,185,72.7,80.9,2205,Cloudy,None
2022-04-25,Silk Board,Road_13,69.0,24.0,2,75.1,188,39.4,79.3,700,Cloudy,None
2023-04-24,MG Road,Road_9,62.9,24.7,1,65.2,104,61.8,77.3,3428,Clear,Major
2023-01-11,Marathahalli,Road_2,74.2,22.7,1,79.7,220,38.2,71.0,1202,Clear,None
2022-01-30,Koramangala,Road_16,42.2,25.1,0,50.0,141,71.9,85.2,3520,Cloudy,Minor
2022-06-10,Indiranagar,Road_3,56.2,20.5,0,71.6,54,70.0,92.9,1758,Cloudy,Major
2023-07-31,Brigade Road,Road_6,89.7,8.0,2,100.0,136,54.5,94.9,1998,Rain,Minor
2022-07-02,Indiranagar,Road_1,55.1,23.6,0,53.6,61,32.6,90.0,2109,Rain,None
2023-12-30,Electronic City,Road_12,58.7,30.3,0,72.9,239,60.8,82.6,1443,Haze,Minor
2023-01-17,Koramangala,Road_13,80.6,10.5,0,83.2,86,55.7,66.5,2898,Rain,Major
2024-06-13,Marathahalli,Road_9,71.6,20.2,1,83.3,65,47.9,75.1,2756,Haze,Major
2024-07-05,MG Road,Road_7,70.0,19.4,0,76.0,142,71.2,86.0,1457,Rain,Major
2022-04-29,Silk Board,Road_16,94.9,10.2,2,100.0,129,54.8,78.1,4602,Clear,Minor
2024-03-13,Brigade Road,Road_1,63.3,25.7,1,63.0,99,44.4,67.5,1233,Rain,None
2023-12-07,Silk Board,Road_7,69.4,22.5,0,77.6,89,69.3,72.5,4959,Haze,Major
2022-07-08,Marathahalli,Road_11,81.2,11.1,1,75.9,247,39.6,86.8,3018,Clear,None
2022-03-19,Silk Board,Road_8,59.8,22.4,0,61.2,180,70.0,71.1,2135,Haze,None
2022-03-09,Electronic City,Road_11,94.6,17.6,2,100.0,81,59.2,67.2,2933,Clear,None
2023-07-01,Marathahalli,Road_3,65.3,26.5,0,67.8,167,57.3,82.9,3702,Rain,None
2022-09-09,Silk Board,Road_6,65.4,17.2,1,76.7,223,69.4,67.8,3873,Clear,None
2023-08-21,Electronic City,Road_10,84.3,19.9,1,95.2,90,72.0,86.5,1223,Rain,Major
2023-04-25,Whitefield,Road_14,73.9,17.9,0,64.3,72,56.9,84.6,870,Cloudy,None
2022-12-14,Koramangala,Road_4,45.8,24.2,0,50.0,247,41.2,91.6,4244,Haze,Minor
2024-03-22,Brigade Road,Road_11,64.3,16.2,0,61.6,94,51.7,87.6,2301,Clear,Minor
2023-07-30,Brigade Road,Road_11,76.1,25.3,2,76.3,197,58.0,72.7,908,Clear,Minor
2024-01-01,Electronic City,Road_7,65.6,24.7,2,57.1,117,48.8,83.4,4990,Cloudy,Major
2023-06-13,Koramangala,Road_15,72.1,30.7,0,74.7,101,35.5,65.9,3885,Clear,None
2023-04-15,Marathahalli,Road_10,58.6,26.8,1,68.4,67,43.7,75.1,3990,Clear,Minor
2022-03-21,Koramangala,Road_10,85.7,11.7,3,96.6,65,54.9,73.2,1518,Haze,Major
2022-02-17,Marathahalli,Road_10,79.5,17.7,1,83.6,205,31.5,83.0,4487,Clear,None
2024-05-22,Silk Board,Road_11,79.3,14.3,1,79.9,163,47.4,81.9,2345,Clear,Minor
2023-03-13,Koramangala,Road_15,65.5,19.9,0,65.3,201,48.7,70.1,2252,Haze,Major
2023-01-30,MG Road,Road_5,71.2,21.2,0,71.5,142,71.9,64.9,2068,Cloudy,Minor
2022-07-01,Electronic City,Road_13,73.0,21.2,0,74.4,78,30.2,92.8,2737,Cloudy,Major
2023-10-04,Brigade Road,Road_5,79.6,17.3,1,89.8,166,74.3,61.3,4574,Rain,None
2024-03-04,MG Road,Road_4,61.9,20.6,0,58.3,153,65.8,60.5,1592,Haze,Minor
2024-05-22,Silk Board,Road_12,78.9,22.8,4,91.8,153,33.7,91.0,4445,Haze,Minor
2023-05-29,Electronic City,Road_13,79.6,9.9,3,72.5,130,41.2,81.8,3857,Haze,Minor
2023-09-08,Marathahalli,Road_8,78.7,14.2,2,91.1,242,62.4,91.2,2981,Clear,Major
2023-09-03,Marathahalli,Road_14,86.0,8.8,1,100.0,136,63.3,79.0,973,Haze,None
2022-06-21,Brigade Road,Road_10,73.5,22.3,1,86.4,144,56.6,74.8,917,Haze,None
2022-07-18,Marathahalli,Road_11,84.1,21.3,3,96.8,143,44.1,85.6,3678,Rain,Minor
2023-12-08,Whitefield,Road_10,75.0,15.0,2,69.4,110,57.6,81.7,3682,Haze,None
2023-08-11,Brigade Road,Road_10,78.3,19.7,1,62.6,245,55.2,91.0,1133,Clear,Major
2023-04-11,Marathahalli,Road_10,93.3,15.4,1,100.0,133,64.5,66.9,4911,Haze,None
2024-05-15,Brigade Road,Road_2,74.1,18.6,1,81.2,247,50.5,71.7,3465,Cloudy,Major
2023-08-22,Indiranagar,Road_3,72.8,15.4,0,88.0,150,30.6,74.4,3635,Haze,None
2022-12-11,Electronic City,Road_4,66.7,21.1,0,85.1,203,47.5,76.9,2327,Clear,None
2024-04-13,Brigade Road,Road_4,63.4,30.0,1,73.4,162,51.6,66.2,4444,Rain,Minor
2022-03-25,MG Road,Road_13,65.1,25.7,0,75.4,184,54.4,67.5,4763,Clear,Major
2023-12-27,Brigade Road,Road_15,51.7,28.2,0,50.0,212,31.1,88.3,1449,Clear,None
2023-03-31,Indiranagar,Road_14,56.3,23.9,0,61.2,238,63.9,65.4,1627,Haze,None
2023-03-16,Marathahalli,Road_13,65.5,29.8,1,73.3,210,31.0,77.8,1262,Clear,None
2022-10-27,Indiranagar,Road_11,64.0,20.9,0,75.0,136,50.1,86.7,2124,Haze,None
2022-05-31,Whitefield,Road_2,78.7,16.5,1,100.0,146,33.6,88.1,1642,Clear,Major
2022-12-31,Electronic City,Road_14,85.9,19.5,1,93.1,87,73.5,78.9,2718,Haze,None
2023-03-06,Whitefield,Road_16,70.2,17.6,1,74.1,174,34.8,80.3,4165,Rain,None
2024-08-07,Silk Board,Road_16,73.9,17.3,1,73.8,165,67.0,67.0,3800,Clear,Minor
2023-06-03,Indiranagar,Road_10,52.5,34.3,0,50.1,234,50.6,75.3,2787,Rain,Major
2024-06-14,Koramangala,Road_6,77.4,17.2,2,89.4,112,65.3,77.7,3151,Rain,Major
2023-07-10,Indiranagar,Road_15,69.1,27.8,0,72.5,238,74.8,81.5,2533,Rain,Major
2024-05-14,Indiranagar,Road_4,61.4,26.4,0,62.6,88,62.8,70.5,2807,Clear,None
2022-04-04,Silk Board,Road_4,40.0,37.0,0,51.2,171,56.0,74.9,3535,Rain,Minor
2024-07-19,MG Road,Road_16,64.7,23.6,1,67.1,73,73.2,69.8,1087,Rain,Minor
2023-05-14,Electronic City,Road_16,78.2,22.5,1,87.8,115,35.0,92.1,1882,Clear,Minor
2023-12-15,Koramangala,Road_8,79.8,11.8,0,90.1,154,35.3,87.7,927,Haze,None
2024-05-09,Brigade Road,Road_11,66.6,18.6,0,73.7,153,64.4,67.8,4279,Haze,None
2022-05-24,Marathahalli,Road_2,69.8,18.4,2,79.9,244,39.9,92.7,4290,Cloudy,Minor
2023-05-25,Silk Board,Road_14,82.4,15.1,1,92.7,83,70.6,84.1,796,Haze,Major
2023-03-16,Koramangala,Road_1,70.9,16.6,0,84.0,129,62.4,65.0,4234,Clear,None
2022-08-28,Indiranagar,Road_7,78.5,10.9,0,94.9,245,52.8,76.9,1654,Clear,Minor
2023-08-02,Electronic City,Road_2,66.2,27.0,1,69.5,101,64.2,80.7,710,Haze,Major
2022-01-10,Whitefield,Road_11,69.3,21.8,0,82.5,202,47.4,71.3,3139,Rain,Minor
2024-04-21,Koramangala,Road_13,74.4,17.8,0,74.4,96,60.7,74.8,2670,Haze,Minor
2023-11-15,Silk Board,Road_6,70.3,25.3,0,79.5,92,34.4,60.0,2410,Rain,Major
2023-11-12,Brigade Road,Road_15,75.5,14.8,0,72.3,87,61.7,68.4,998,Haze,None
2022-02-06,Brigade Road,Road_5,62.4,19.6,0,73.1,73,49.2,93.5,2737,Clear,None
2023-01-18,Marathahalli,Road_2,69.1,27.3,2,65.8,64,37.9,93.1,766,Haze,Minor
2022-08-27,Koramangala,Road_12,58.6,24.6,0,59.1,80,48.0,92.6,2209,Rain,Major
2022-01-23,Koramangala,Road_13,81.8,16.6,0,90.1,58,67.0,79.5,3853,Cloudy,Minor
2022-03-30,Whitefield,Road_11,39.8,34.0,0,50.0,65,66.6,60.2,2646,Cloudy,Minor
2024-04-23,Indiranagar,Road_12,79.8,14.0,1,84.9,59,39.3,71.8,4623,Haze,None
2023-09-13,Silk Board,Road_8,85.6,15.9,0,82.9,157,65.1,77.7,603,Rain,None
2024-06-23,Electronic City,Road_11,90.9,9.6,1,90.7,148,48.9,72.0,2046,Cloudy,Major
2022-04-30,Silk Board,Road_3,66.2,21.0,0,67.2,77,61.9,60.7,786,Clear,Major
2023-07-28,Indiranagar,Road_15,83.5,19.3,4,92.0,103,41.3,63.1,4434,Rain,Minor
2023-10-30,Marathahalli,Road_3,60.5,29.1,0,68.5,158,39.7,91.2,4302,Rain,None
2023-10-08,Koramangala,Road_9,64.7,23.3,0,57.7,203,57.8,62.6,4619,Clear,None
2022-05-26,Koramangala,Road_1,87.5,18.0,0,100.0,81,34.3,65.9,4318,Rain,Minor
2022-07-26,Marathahalli,Road_11,45.6,30.9,0,50.0,67,57.5,72.5,3429,Haze,Major
2022-08-14,Brigade Road,Road_11,64.2,26.1,0,66.9,98,30.4,87.2,1300,Haze,Minor
2024-05-29,Indiranagar,Road_15,99.0,11.2,2,100.0,138,43.1,82.3,4360,Clear,Minor
2022-06-28,Silk Board,Road_15,76.0,17.2,1,75.2,189,44.2,73.3,689,Haze,Minor
2023-02-08,MG Road,Road_16,73.1,27.9,0,63.3,195,32.9,85.7,4651,Clear,Minor
2022-11-29,Koramangala,Road_14,85.7,9.4,2,73.3,177,53.5,76.1,4681,Haze,None
2023-09-29,Whitefield,Road_15,50.9,25.6,0,51.1,87,67.7,89.9,3934,Clear,Minor
2024-05-23,Koramangala,Road_4,72.5,22.1,2,87.5,82,40.8,77.2,2343,Cloudy,Minor
2023-03-07,Indiranagar,Road_2,64.6,23.8,1,72.7,88,31.7,65.0,662,Haze,Major
2023-04-17,Koramangala,Road_5,83.9,12.7,0,90.9,196,51.4,89.4,2582,Clear,Minor
2022-10-27,Silk Board,Road_13,79.1,10.3,2,80.6,123,67.0,80.9,1230,Cloudy,None
2022-08-03,Brigade Road,Road_5,66.1,27.4,0,64.2,115,36.7,68.5,1018,Rain,Minor
2023-07-22,Koramangala,Road_16,82.3,13.3,0,100.0,186,31.8,85.9,932,Rain,Major
2023-05-15,Electronic City,Road_8,84.4,8.0,1,96.8,211,48.7,93.7,4257,Clear,None
2023-06-14,MG Road,Road_1,53.3,24.0,0,50.4,229,57.6,61.6,4723,Haze,Minor
2023-03-08,Marathahalli,Road_6,84.3,20.8,2,96.6,128,41.6,69.5,2560,Haze,None
2022-02-21,Koramangala,Road_3,69.6,15.0,1,72.0,227,54.0,79.5,1931,Rain,Major
2024-03-20,MG Road,Road_9,87.5,12.4,1,87.4,74,47.2,66.3,2224,Rain,Minor
2023-03-03,Electronic City,Road_10,54.7,22.3,0,55.0,172,51.7,67.2,1931,Rain,Minor
2023-06-06,Koramangala,Road_8,87.3,15.3,1,87.4,132,58.4,81.7,1183,Haze,None
2023-02-11,Electronic City,Road_4,87.2,8.0,2,81.4,71,30.6,81.9,627,Haze,Major
2022-09-12,Silk Board,Road_5,65.0,18.5,0,69.7,220,43.6,61.6,1599,Cloudy,None
2023-06-09,Electronic City,Road_1,90.7,16.3,0,94.2,154,35.6,89.1,4112,Rain,None
2023-09-19,Electronic City,Road_5,87.5,13.5,1,86.4,144,63.0,83.5,1229,Cloudy,Minor
2023-06-17,Electronic City,Road_13,75.4,19.9,0,90.7,211,30.4,65.2,3588,Haze,None
2022-07-02,Silk Board,Road_10,60.4,17.8,0,63.8,172,60.6,60.2,1923,Haze,None
2022-11-02,Marathahalli,Road_5,74.6,21.9,0,87.1,217,42.2,66.2,3086,Rain,Major
2022-10-24,Electronic City,Road_8,86.6,15.6,2,88.9,192,71.9,89.2,1191,Haze,Major
2022-12-25,Brigade Road,Road_16,75.5,20.1,1,78.8,238,55.3,78.1,4592,Rain,None
2024-03-01,Marathahalli,Road_8,47.2,24.9,2,57.7,62,70.7,64.4,2833,Cloudy,Major
2023-12-06,Electronic City,Road_16,80.4,24.7,5,98.6,193,62.1,62.5,4117,Haze,None
2022-03-28,Electronic City,Road_12,73.7,16.3,2,78.2,80,68.9,72.6,2335,Haze,Major
2023-01-10,Marathahalli,Road_1,93.2,10.6,1,100.0,159,71.9,74.9,4480,Haze,Minor
2023-10-10,Koramangala,Road_15,83.7,20.3,2,73.7,223,47.1,85.9,2640,Clear,Major
2024-04-17,Koramangala,Road_9,76.5,21.2,1,81.6,173,62.1,94.3,2473,Cloudy,None
2023-01-16,Brigade Road,Road_3,72.4,19.4,3,88.9,97,46.1,64.8,3996,Haze,None
2023-01-10,Indiranagar,Road_6,57.0,27.4,0,63.5,204,73.3,72.5,2165,Haze,Minor
2022-12-01,Brigade Road,Road_14,53.6,20.7,1,62.0,61,40.3,92.4,1158,Cloudy,Major
2023-10-06,Electronic City,Road_5,65.4,23.1,2,65.9,190,58.6,89.3,2691,Cloudy,Minor
2024-03-17,Brigade Road,Road_14,57.6,19.7,0,69.7,236,42.9,71.0,950,Haze,Major
2023-06-05,Brigade Road,Road_16,64.3,20.9,1,77.8,157,57.5,68.2,2626,Cloudy,Major
2024-01-08,Brigade Road,Road_16,77.9,16.8,1,85.3,132,71.3,81.6,4993,Haze,Minor
2022-10-14,Brigade Road,Road_5,81.8,17.8,1,84.5,128,41.9,65.4,4883,Haze,None
2023-06-23,Indiranagar,Road_15,66.6,19.6,0,73.0,163,60.8,71.1,1958,Haze,Major
2022-12-19,Marathahalli,Road_4,94.1,8.0,5,100.0,216,41.9,61.6,4658,Clear,Minor
2024-03-12,Silk Board,Road_11,50.0,25.8,0,71.5,165,40.0,87.3,1537,Haze,None
2022-06-11,MG Road,Road_12,59.5,18.0,0,50.8,64,50.5,75.0,3082,Haze,Minor
2023-07-28,Whitefield,Road_14,66.3,24.2,0,76.6,210,52.4,72.6,521,Cloudy,Major
2022-09-15,Koramangala,Road_12,64.9,26.4,0,73.2,188,49.0,74.9,3583,Rain,None
2023-10-25,MG Road,Road_1,77.6,14.4,0,88.0,222,65.9,92.5,3427,Haze,Major
2023-01-24,Silk Board,Road_9,76.5,15.1,1,64.1,145,57.1,87.0,2292,Clear,Minor
2022-10-06,Electronic City,Road_1,94.9,11.8,1,96.9,99,61.4,90.9,734,Cloudy,None
2024-04-01,Brigade Road,Road_8,53.6,22.4,0,61.2,226,74.2,68.5,4379,Clear,Minor
2022-05-26,Electronic City,Road_14,57.6,24.7,0,76.0,238,65.6,88.6,2571,Clear,None
2023-04-20,Whitefield,Road_1,87.0,11.2,0,88.7,233,64.3,61.9,4772,Rain,Major
2022-10-03,Marathahalli,Road_13,80.6,19.0,2,85.9,192,44.2,68.6,3448,Rain,Minor
2024-05-02,Koramangala,Road_11,73.8,24.5,3,67.0,193,70.9,67.9,2816,Rain,Minor
2024-07-17,Indiranagar,Road_16,54.1,23.6,1,63.7,240,41.1,70.2,4330,Clear,Minor
2024-04-02,Indiranagar,Road_12,93.8,8.2,1,100.0,181,55.7,86.8,1518,Clear,Major
2023-01-25,Koramangala,Road_3,64.8,23.5,1,75.7,67,74.2,71.5,3229,Rain,Minor
2022-01-14,Whitefield,Road_1,55.1,28.4,0,50.8,163,68.9,60.5,2973,Rain,Major
2024-03-06,Electronic City,Road_10,72.3,15.0,0,64.4,186,53.9,68.7,3217,Clear,None
2022-12-17,Marathahalli,Road_15,80.4,16.2,1,84.8,167,47.5,60.1,4813,Haze,None
2022-04-29,Electronic City,Road_12,88.0,10.8,1,100.0,102,61.8,86.3,1956,Rain,Major
2024-04-02,Whitefield,Road_7,74.1,13.9,3,81.7,203,61.2,61.3,3378,Clear,Minor
2024-01-28,Electronic City,Road_7,75.5,13.5,0,81.7,199,43.2,83.9,4492,Haze,Major
2024-04-17,Brigade Road,Road_1,65.3,15.9,0,75.1,124,74.4,77.5,2552,Clear,Major
2022-02-05,Koramangala,Road_3,71.7,23.6,0,86.5,93,67.5,61.9,3522,Rain,None
2023-01-29,MG Road,Road_3,78.5,12.6,3,77.2,119,45.7,68.6,4226,Cloudy,None
2024-03-12,Brigade Road,Road_3,51.4,24.7,0,75.1,95,58.2,80.3,1796,Rain,Major
2022-11-02,Electronic City,Road_15,82.7,18.6,1,88.4,199,37.3,68.1,1883,Clear,None
2023-07-20,MG Road,Road_16,63.6,18.4,0,70.4,60,33.2,72.6,1872,Cloudy,None
2022-04-25,Silk Board,Road_7,77.8,15.9,0,89.2,222,37.3,70.0,1316,Rain,None
2022-09-20,Koramangala,Road_16,69.4,21.2,1,68.7,50,30.1,79.8,1556,Clear,None
2023-10-02,Marathahalli,Road_11,99.0,8.0,2,94.5,102,46.6,93.9,1076,Clear,Minor
2024-07-14,Brigade Road,Road_11,60.1,23.3,0,73.5,92,74.2,86.8,1828,Haze,Major
2024-06-06,Whitefield,Road_14,65.5,27.4,0,76.8,187,57.5,88.0,2418,Clear,None
2024-07-07,Koramangala,Road_6,76.4,14.8,1,83.1,169,32.0,74.7,3560,Rain,Minor
2022-09-17,Marathahalli,Road_9,72.6,21.1,2,73.6,57,73.3,88.6,3893,Clear,None
2023-05-04,Koramangala,Road_6,68.9,24.0,0,80.0,100,61.3,79.4,2405,Rain,Major
2023-06-19,Indiranagar,Road_12,53.7,27.4,0,57.5,146,36.8,67.4,4740,Rain,Major
2024-07-04,Marathahalli,Road_5,80.6,17.1,1,90.1,155,54.0,82.3,1650,Rain,Major
2022-10-28,Koramangala,Road_10,67.2,15.8,1,70.8,73,63.5,61.5,4727,Rain,Minor
2022-01-14,Brigade Road,Road_10,70.5,23.1,1,77.4,241,41.2,76.5,2891,Clear,Major
2022-02-13,Marathahalli,Road_8,59.8,26.0,0,66.4,77,45.8,90.6,1602,Haze,Major
2022-08-10,Electronic City,Road_5,64.0,21.5,0,70.0,67,73.3,83.2,3446,Rain,Minor
2022-03-28,Electronic City,Road_8,58.4,24.9,0,60.7,51,45.8,78.0,2407,Haze,Major
2024-02-27,Marathahalli,Road_1,67.1,18.6,0,67.0,192,39.9,90.7,750,Clear,None
2022-09-14,Electronic City,Road_14,71.2,18.2,1,74.4,141,34.6,89.9,4171,Cloudy,Minor
2022-09-19,Marathahalli,Road_14,71.2,20.7,1,73.1,75,53.0,60.1,1725,Rain,Major
2022-09-05,Koramangala,Road_3,84.3,9.1,3,84.1,249,58.6,86.1,1124,Rain,None
2023-03-30,MG Road,Road_11,81.3,8.8,2,83.4,111,43.1,73.9,963,Cloudy,Minor
2024-04-03,Whitefield,Road_12,54.1,27.9,0,65.9,58,32.2,74.3,2554,Haze,Minor
2024-05-11,Whitefield,Road_12,57.8,22.3,0,61.8,236,51.9,85.3,947,Clear,None
2023-12-01,Whitefield,Road_16,81.4,21.1,4,86.9,143,58.0,72.0,577,Haze,None
2023-11-26,Electronic City,Road_15,81.7,9.4,1,88.2,67,49.6,76.5,3568,Haze,None
2024-03-29,Whitefield,Road_9,74.6,8.7,0,84.0,59,62.1,93.4,1528,Cloudy,None
2023-08-12,Electronic City,Road_2,81.3,15.7,1,87.0,134,33.9,80.5,1836,Rain,Minor
2022-03-19,Indiranagar,Road_5,69.6,24.0,0,84.8,75,59.5,87.1,2851,Clear,Minor
2023-09-26,Brigade Road,Road_13,70.9,26.0,1,76.2,160,42.6,79.0,3749,Haze,Minor
2022-05-28,Electronic City,Road_1,89.1,19.8,0,90.6,145,64.2,72.6,4217,Clear,Major
2023-09-19,Koramangala,Road_5,82.1,10.2,0,72.3,122,65.4,85.3,4832,Rain,None
2024-07-19,Silk Board,Road_7,67.9,24.3,0,77.8,81,55.7,94.3,2651,Haze,None
2024-03-14,Indiranagar,Road_14,74.4,25.8,1,84.3,62,58.0,84.2,2911,Clear,Minor
2024-07-17,Whitefield,Road_1,81.6,22.7,0,87.0,101,50.1,89.2,3447,Haze,None
2023-01-28,Koramangala,Road_8,59.6,24.1,0,79.6,92,68.5,73.9,907,Haze,Major
2024-08-06,Marathahalli,Road_11,66.4,25.0,1,60.6,156,67.4,91.3,2885,Clear,None
2023-02-25,Brigade Road,Road_14,84.2,11.7,1,100.0,176,68.2,60.7,2607,Haze,Major
2023-01-15,Brigade Road,Road_15,78.1,16.7,1,96.8,238,70.7,85.6,2731,Cloudy,None
2024-06-20,Brigade Road,Road_9,71.3,19.1,4,77.4,142,57.7,92.4,1857,Cloudy,Minor
2024-05-22,Electronic City,Road_11,50.7,26.7,0,50.0,156,60.1,76.6,3734,Haze,Major
2023-12-05,Whitefield,Road_10,62.0,17.0,1,63.9,108,40.2,90.5,2650,Cloudy,Minor
2024-07-11,Indiranagar,Road_12,80.3,14.4,2,78.9,239,60.3,79.6,1151,Clear,Minor
2022-01-24,Silk Board,Road_11,65.3,14.2,0,75.5,60,55.5,61.3,2026,Rain,None
2023-10-20,Silk Board,Road_15,77.9,22.1,0,84.4,107,32.8,77.6,2020,Rain,Major
2022-04-14,Brigade Road,Road_5,67.8,17.6,1,74.0,148,74.4,67.7,3734,Clear,Minor
2022-06-02,Marathahalli,Road_5,56.1,27.0,0,59.8,110,63.3,71.9,2773,Clear,None
2023-05-18,MG Road,Road_6,66.9,22.1,1,70.0,153,33.7,72.5,1103,Cloudy,None
2023-01-21,Whitefield,Road_1,66.8,22.4,2,71.7,85,38.1,76.3,3928,Rain,Major
2023-01-24,MG Road,Road_4,59.8,27.7,0,58.9,225,58.8,65.4,3838,Cloudy,None
2024-02-11,Whitefield,Road_11,71.1,24.9,0,75.3,170,51.7,77.7,1483,Clear,None
2024-07-14,Electronic City,Road_10,66.6,28.9,1,58.6,136,60.6,84.6,2220,Rain,None
2022-11-03,Brigade Road,Road_15,69.1,18.6,0,84.4,100,64.8,85.7,4369,Clear,None
2023-03-31,Electronic City,Road_13,76.6,15.2,1,90.7,93,52.4,86.7,3262,Clear,None
2023-05-11,Indiranagar,Road_14,67.3,19.2,1,65.0,174,73.3,78.8,3138,Haze,None
2023-06-08,Indiranagar,Road_16,91.1,18.8,2,87.3,68,47.3,83.2,2491,Clear,None
2022-08-18,Koramangala,Road_15,71.9,23.0,4,79.8,63,40.2,75.4,3836,Cloudy,None
2023-08-02,Koramangala,Road_16,78.6,13.9,2,70.8,238,45.7,83.2,3222,Rain,None
2023-06-05,Brigade Road,Road_13,69.4,25.1,2,67.4,231,48.1,76.7,2443,Haze,None
2024-05-21,Electronic City,Road_1,88.8,8.0,1,97.2,179,54.6,75.7,3679,Haze,Major
2023-03-10,Marathahalli,Road_13,67.4,17.6,1,82.7,159,39.8,85.3,1006,Rain,None
2023-05-27,Brigade Road,Road_6,73.1,20.3,3,79.9,144,64.4,75.0,2769,Rain,Minor
2024-03-15,Brigade Road,Road_10,64.5,22.3,0,91.0,201,49.5,62.2,2485,Rain,Minor
2024-05-07,Whitefield,Road_10,82.3,15.4,1,84.7,229,49.8,82.2,4427,Rain,Major
2023-04-15,Koramangala,Road_3,57.6,20.0,1,59.5,226,37.4,69.5,1262,Haze,None
2023-03-15,Brigade Road,Road_5,86.7,15.7,1,100.0,151,31.5,72.3,1699,Cloudy,Minor
2022-04-16,Indiranagar,Road_12,64.0,27.5,1,67.8,123,41.1,93.4,4070,Cloudy,Major
2023-10-11,Indiranagar,Road_8,71.4,29.5,1,75.2,206,40.1,92.2,685,Rain,Major
2024-01-26,Brigade Road,Road_2,66.1,16.5,1,77.7,184,69.2,71.1,852,Haze,Major
2022-05-06,Silk Board,Road_2,60.9,26.0,0,67.2,170,55.0,62.3,1997,Cloudy,Minor
2022-11-13,Brigade Road,Road_8,57.3,21.8,0,63.8,212,61.6,61.6,2829,Rain,Minor
2022-04-28,Koramangala,Road_12,72.5,14.3,2,79.5,98,60.0,79.3,3082,Rain,Major
2022-07-10,MG Road,Road_7,60.7,24.0,0,60.2,116,73.5,84.8,2696,Cloudy,Major
2024-06-03,Whitefield,Road_16,62.0,33.9,0,70.1,244,48.4,69.1,653,Clear,Minor
2024-01-04,Whitefield,Road_9,67.2,17.2,0,74.7,117,62.7,90.8,2076,Cloudy,Major
2023-09-29,Koramangala,Road_7,78.3,16.4,1,100.0,68,58.1,71.1,690,Cloudy,Major
2024-04-08,Electronic City,Road_9,75.8,14.6,0,75.1,56,64.3,83.8,1046,Rain,None
2023-04-16,Silk Board,Road_8,69.8,24.3,1,67.4,123,37.6,70.3,667,Rain,Minor
2023-03-24,Indiranagar,Road_14,65.5,16.2,0,83.1,55,33.8,65.5,2711,Rain,Minor
2022-12-02,Marathahalli,Road_6,57.3,26.2,0,61.6,74,52.2,85.7,1374,Cloudy,Major
2023-04-07,MG Road,Road_13,72.4,17.1,0,82.7,192,73.0,69.0,1855,Cloudy,None
2023-12-20,Koramangala,Road_13,69.8,24.4,0,86.0,132,63.2,63.2,2393,Clear,Major
2022-02-01,Whitefield,Road_11,85.2,11.4,1,86.9,124,65.4,68.9,3826,Clear,Major
2023-09-01,Brigade Road,Road_8,88.9,11.0,1,93.7,181,56.7,90.9,1685,Cloudy,Major
2023-07-02,MG Road,Road_12,75.0,23.5,3,86.4,103,55.4,70.6,1521,Cloudy,Major
2024-06-17,Brigade Road,Road_15,72.8,22.6,3,98.2,138,30.7,75.3,1984,Haze,None
2022-10-31,Whitefield,Road_9,68.2,21.6,0,59.5,99,55.6,71.0,2027,Clear,Major
2023-06-01,Marathahalli,Road_15,56.5,23.1,1,72.1,51,51.7,93.7,3860,Cloudy,Minor
2024-03-28,MG Road,Road_3,84.6,21.1,0,81.7,69,49.6,72.7,589,Rain,None
2024-08-06,Electronic City,Road_11,81.0,23.7,2,84.1,196,32.6,90.5,1455,Cloudy,Minor
2024-03-23,MG Road,Road_3,54.9,16.0,0,50.0,107,67.7,82.5,1832,Haze,None
2022-11-26,MG Road,Road_7,74.7,20.3,0,76.1,235,45.8,63.3,3093,Haze,None
2023-06-26,Koramangala,Road_7,92.4,8.0,0,91.9,224,38.1,62.5,2001,Clear,Major
2024-04-30,Silk Board,Road_10,72.5,17.8,0,73.8,99,57.2,92.3,1873,Cloudy,None
2023-06-17,Brigade Road,Road_6,66.1,24.8,0,54.8,168,57.4,80.6,2980,Haze,Minor
2023-03-09,Koramangala,Road_6,67.7,14.6,1,80.7,245,40.8,67.2,2395,Clear,Minor
2023-04-15,Koramangala,Road_4,96.1,10.9,0,99.0,184,53.5,82.8,1755,Haze,None
2024-04-24,Marathahalli,Road_12,59.1,19.4,1,69.5,192,46.0,84.4,4528,Cloudy,None
2024-08-02,Electronic City,Road_5,89.6,9.7,2,98.4,181,50.5,92.4,1179,Haze,Minor
2024-03-11,Whitefield,Road_3,66.8,19.8,0,74.1,71,52.4,64.7,3330,Cloudy,Major
2022-07-06,Koramangala,Road_10,73.2,17.7,2,88.1,243,44.3,84.7,839,Clear,None
2024-02-25,Indiranagar,Road_1,72.1,18.2,0,85.0,169,37.5,77.5,803,Cloudy,Minor
2022-12-24,Whitefield,Road_8,65.0,17.1,0,68.6,51,32.8,75.6,4378,Cloudy,None
2022-09-07,Whitefield,Road_5,72.4,17.4,1,73.1,160,48.2,68.7,1334,Clear,Major
2022-01-11,Koramangala,Road_2,72.9,18.2,1,60.2,128,55.1,78.3,1887,Clear,Minor
2022-05-08,Indiranagar,Road_4,71.3,20.9,0,62.0,230,46.2,82.3,2229,Haze,Minor
2023-02-12,Brigade Road,Road_11,49.3,32.1,1,51.9,69,56.2,63.2,1874,Rain,None
2024-04-28,Brigade Road,Road_13,73.3,21.2,0,76.3,113,34.3,62.1,3104,Haze,Minor
2023-09-05,Whitefield,Road_11,61.6,31.4,0,73.7,111,52.4,76.3,875,Cloudy,Minor
2023-05-14,Koramangala,Road_4,75.2,19.1,3,77.0,96,67.1,92.0,4419,Haze,None
2022-03-03,Brigade Road,Road_7,90.3,13.3,5,89.9,73,33.5,73.0,4631,Rain,Major
2022-05-03,Brigade Road,Road_6,76.2,20.2,2,78.9,149,38.9,71.6,4477,Haze,Minor
2023-10-12,Indiranagar,Road_6,82.3,18.9,1,100.0,138,56.9,86.0,3998,Haze,Major
2023-12-30,Koramangala,Road_5,78.2,17.9,1,72.2,166,46.3,60.8,2398,Cloudy,Minor
2024-02-14,Koramangala,Road_6,95.7,14.1,3,96.1,156,38.5,74.0,1392,Haze,Major
2024-06-22,Indiranagar,Road_6,60.0,26.7,0,53.0,171,34.0,67.0,3321,Cloudy,Major
2023-05-02,MG Road,Road_13,79.0,18.5,3,87.0,161,74.3,90.6,1302,Clear,None
2023-03-21,MG Road,Road_4,62.3,26.7,0,70.4,77,67.0,76.4,4020,Haze,Minor
2023-11-01,MG Road,Road_7,83.0,12.5,1,86.7,185,32.1,62.5,1312,Cloudy,Minor
2023-08-23,Electronic City,Road_11,72.8,15.6,1,88.7,83,60.4,73.4,4842,Cloudy,Major
2023-01-24,MG Road,Road_6,62.5,25.8,0,53.5,155,65.6,63.0,1522,Clear,Minor
2023-08-29,Koramangala,Road_8,73.6,23.4,1,79.6,78,59.7,89.1,3605,Haze,None
2022-01-17,Brigade Road,Road_4,83.2,11.7,1,78.0,218,42.8,88.9,614,Cloudy,Major
2024-01-19,Whitefield,Road_3,82.5,13.5,2,100.0,194,72.5,92.7,3184,Cloudy,None
2024-05-15,Whitefield,Road_6,70.4,29.2,0,71.2,181,35.0,75.9,1749,Clear,Minor
2022-01-17,MG Road,Road_9,73.4,15.0,3,85.6,62,71.7,94.2,595,Haze,None
2024-06-03,Marathahalli,Road_8,77.1,21.2,2,73.7,165,42.4,64.2,1550,Cloudy,None
2022-05-24,Marathahalli,Road_11,85.3,13.3,2,97.0,72,71.2,80.4,732,Cloudy,None
2022-08-14,Marathahalli,Road_2,68.6,19.5,0,94.9,197,64.8,65.5,3165,Cloudy,None
2022-03-25,Electronic City,Road_9,83.8,14.4,1,85.0,70,30.9,64.9,4880,Rain,Major
2022-06-13,Silk Board,Road_9,65.4,31.5,0,73.3,212,68.7,64.8,4792,Cloudy,Major
2023-07-20,Electronic City,Road_11,74.5,22.5,1,71.6,165,50.4,83.0,2255,Clear,Major
2023-10-03,Electronic City,Road_2,62.5,23.8,0,69.7,239,52.3,88.6,2764,Clear,Major
2023-05-25,Brigade Road,Road_5,82.5,15.9,0,78.4,50,49.2,80.5,2760,Haze,None
2024-03-06,Indiranagar,Road_12,76.7,14.8,0,68.7,159,72.4,81.5,4420,Rain,None
2024-04-13,Marathahalli,Road_9,59.2,25.2,1,56.5,175,40.8,92.8,4614,Clear,Major
2023-08-14,Marathahalli,Road_11,62.8,24.4,0,75.1,156,58.9,91.1,3871,Clear,Major
2022-01-04,Indiranagar,Road_4,82.8,20.6,0,67.8,71,55.1,82.7,948,Rain,Major
2024-07-08,Electronic City,Road_7,74.8,21.3,1,81.7,185,59.7,79.8,3582,Clear,Minor
2023-03-16,Silk Board,Road_10,60.5,23.9,1,77.5,193,59.9,72.5,2144,Cloudy,Major
2023-06-02,Brigade Road,Road_7,85.1,19.7,3,83.3,91,41.4,91.1,3328,Rain,Major
2022-02-24,Koramangala,Road_16,72.4,26.7,2,79.1,163,38.6,69.5,3268,Rain,Major
2023-04-17,Koramangala,Road_1,83.4,15.5,1,92.7,228,61.8,87.8,4062,Clear,None
2023-03-13,Electronic City,Road_10,88.7,8.6,2,100.0,169,36.2,67.1,2543,Cloudy,Major
2023-07-09,Whitefield,Road_14,66.7,24.9,0,53.2,75,38.2,79.1,1531,Clear,Minor
2024-05-31,Marathahalli,Road_4,59.7,29.0,0,56.0,61,74.9,71.4,4739,Cloudy,Major
2022-12-18,Electronic City,Road_16,82.1,15.1,0,84.4,113,42.1,91.2,3483,Rain,Major
2024-06-27,Silk Board,Road_1,72.5,18.8,1,64.4,72,59.8,71.6,3395,Haze,Minor
2022-09-13,Whitefield,Road_7,64.2,28.3,1,80.4,230,41.5,75.6,1738,Rain,Major
2022-12-05,MG Road,Road_4,63.8,12.5,0,81.1,110,56.9,73.6,1650,Haze,Minor
2024-05-17,MG Road,Road_16,83.6,19.2,0,95.4,215,72.0,94.3,3224,Haze,Major
2024-02-19,Silk Board,Road_10,72.5,20.2,1,74.8,224,42.8,86.3,3341,Clear,Minor
2022-02-16,MG Road,Road_9,57.7,27.5,0,56.5,238,53.2,86.9,1007,Cloudy,Major
2023-03-13,Whitefield,Road_5,82.5,21.9,0,75.6,195,38.1,92.1,4682,Haze,Major
2023-02-12,Silk Board,Road_3,62.5,26.7,0,72.2,79,36.0,68.7,4515,Cloudy,None
2023-01-29,Marathahalli,Road_1,52.9,26.2,0,58.7,50,46.5,74.9,4596,Cloudy,None
2024-03-06,Brigade Road,Road_4,74.4,20.8,0,86.1,53,48.3,61.8,4853,Clear,None
2022-07-16,Electronic City,Road_8,62.2,26.4,1,72.1,127,66.2,81.3,2851,Haze,Minor
2022-05-31,Koramangala,Road_15,73.9,23.4,3,68.3,226,42.9,77.0,2771,Cloudy,None
2024-04-07,Electronic City,Road_6,82.9,19.2,3,100.0,224,46.0,84.0,1556,Rain,Major
2023-12-23,Koramangala,Road_11,72.8,14.8,0,88.8,118,66.0,90.0,2283,Rain,Minor
2023-05-31,Koramangala,Road_3,59.2,24.3,0,75.5,86,41.6,73.0,3165,Rain,None
2022-05-21,Electronic City,Road_8,59.6,24.1,0,68.1,186,34.8,87.9,1552,Cloudy,Minor
2024-05-01,Indiranagar,Road_15,81.2,13.3,0,85.0,140,48.4,65.6,4620,Haze,Minor
2022-04-07,Brigade Road,Road_12,39.6,30.2,1,50.0,245,65.6,63.4,3241,Rain,None
2024-07-24,Indiranagar,Road_8,56.6,31.8,0,64.7,149,54.2,65.8,1672,Rain,Major
2023-05-20,Indiranagar,Road_6,58.1,29.5,0,65.4,147,53.6,60.5,703,Rain,None
2023-03-24,Electronic City,Road_15,69.2,22.4,0,80.6,98,58.0,74.8,1962,Clear,None
2023-11-02,Electronic City,Road_10,67.9,19.0,2,82.5,99,43.9,61.7,1855,Cloudy,None
2022-01-28,Indiranagar,Road_15,88.6,11.8,1,84.2,106,73.2,64.8,2522,Cloudy,Major
2022-04-30,Whitefield,Road_12,84.9,14.5,3,90.9,219,38.5,91.6,4873,Cloudy,Major
2024-03-27,MG Road,Road_13,75.7,26.8,3,72.3,123,39.6,63.6,949,Rain,Major
2022-06-23,Marathahalli,Road_14,73.3,17.2,0,75.7,200,30.9,85.1,4302,Rain,None
2024-01-14,Marathahalli,Road_16,57.0,19.0,1,61.3,242,49.3,87.7,3572,Cloudy,Major
2023-02-13,MG Road,Road_5,56.5,22.2,0,66.3,198,31.6,87.7,3380,Rain,Minor
2024-03-18,Marathahalli,Road_16,61.5,24.0,1,82.0,115,40.2,68.3,578,Haze,Minor
2022-07-14,Koramangala,Road_11,78.2,19.8,2,85.9,246,56.7,87.7,1663,Cloudy,None
2022-07-11,Brigade Road,Road_4,64.6,25.6,1,79.7,161,63.6,77.9,3457,Clear,None
2022-07-17,Whitefield,Road_8,80.8,10.4,0,85.8,111,64.5,94.5,1606,Haze,Major
2022-10-20,Whitefield,Road_14,85.2,8.6,0,100.0,59,68.3,84.2,3661,Clear,Major
2024-03-21,Whitefield,Road_14,62.0,20.7,3,72.1,137,38.6,76.1,2334,Clear,None
2022-06-01,Koramangala,Road_10,64.2,21.8,2,79.2,192,44.5,81.1,4792,Haze,Major
2022-01-28,Whitefield,Road_12,58.9,29.9,0,66.6,218,30.4,72.2,4155,Cloudy,Major
2023-04-24,Silk Board,Road_5,62.8,25.9,0,66.6,178,72.5,83.4,4303,Clear,Major
2022-06-14,Whitefield,Road_10,65.3,24.2,1,64.2,177,50.2,71.2,4114,Haze,Major
2022-09-01,Koramangala,Road_10,68.8,23.5,2,57.7,181,30.5,84.8,3655,Clear,Minor
2022-07-10,Brigade Road,Road_14,81.1,17.0,0,84.4,198,53.9,87.0,4628,Clear,Major
2022-09-23,Silk Board,Road_6,63.6,24.2,0,71.2,157,46.7,92.9,2940,Haze,Major
2023-09-22,Silk Board,Road_7,81.5,14.6,2,87.8,239,43.9,71.1,2895,Rain,Major
2023-11-11,Silk Board,Road_5,58.8,29.9,0,61.3,113,50.7,88.4,3089,Cloudy,Minor
2024-05-21,Whitefield,Road_12,67.4,20.4,1,54.7,247,58.5,91.5,3806,Rain,Minor
2024-03-19,Koramangala,Road_12,82.6,16.7,4,79.0,155,44.2,76.2,3513,Haze,Major
2024-03-06,Brigade Road,Road_11,56.5,19.9,0,79.1,179,56.5,94.1,4100,Cloudy,None
2022-03-08,Koramangala,Road_10,71.4,16.8,2,84.5,208,33.2,71.8,4318,Cloudy,Minor
2022-03-03,MG Road,Road_1,81.1,14.2,1,95.9,107,36.6,92.3,995,Cloudy,Major
2024-08-03,Koramangala,Road_16,48.9,34.8,0,59.9,132,74.6,78.7,1283,Rain,Major
2022-12-05,MG Road,Road_5,56.7,28.2,0,64.5,102,36.4,77.4,842,Cloudy,None
2023-08-24,Indiranagar,Road_6,84.7,10.5,0,81.1,239,51.8,65.2,3733,Rain,Major
2024-07-06,Koramangala,Road_9,78.2,13.8,0,64.5,203,34.0,69.2,3117,Clear,Minor
2023-10-31,MG Road,Road_2,69.2,23.3,0,61.7,121,49.0,61.8,543,Clear,None
2024-06-16,Electronic City,Road_4,79.4,11.7,1,96.1,163,55.0,94.2,4188,Haze,Minor
2023-09-20,MG Road,Road_9,58.0,16.1,1,50.0,175,55.8,77.1,4152,Cloudy,Major
2022-06-20,Whitefield,Road_16,97.0,8.3,1,100.0,100,57.9,66.7,717,Rain,Major
2022-08-04,Electronic City,Road_6,73.2,18.0,0,84.2,247,74.6,71.5,3083,Haze,Major
2024-04-08,Indiranagar,Road_7,81.7,13.9,2,73.9,181,74.8,69.6,3171,Clear,Major
2023-11-12,Brigade Road,Road_16,59.4,22.7,2,72.2,163,71.9,81.8,4687,Rain,Minor
2022-11-01,Whitefield,Road_9,50.1,24.1,0,62.2,179,37.5,86.4,3163,Haze,Minor
2022-12-26,Koramangala,Road_1,60.2,23.7,0,55.5,194,49.8,66.4,3205,Clear,None
2023-01-28,Indiranagar,Road_5,67.6,20.1,0,78.0,246,59.9,62.5,3668,Clear,Minor
2023-08-05,Silk Board,Road_11,80.6,15.6,2,100.0,180,61.6,66.9,2716,Cloudy,Minor
2023-04-09,Marathahalli,Road_6,58.5,24.5,0,63.9,215,74.0,86.1,4831,Clear,None
2022-07-08,Electronic City,Road_1,69.8,25.2,1,80.8,162,72.7,69.8,2133,Rain,None
2024-07-31,Marathahalli,Road_16,69.6,25.0,2,80.0,162,63.1,83.9,2504,Haze,None
2022-03-17,Whitefield,Road_4,59.9,24.3,0,63.6,83,72.9,74.7,3505,Cloudy,Minor
2024-05-27,Marathahalli,Road_16,67.2,21.3,0,82.9,74,48.3,78.1,3877,Haze,None
2022-01-26,Brigade Road,Road_7,74.1,24.8,1,70.2,174,66.1,93.6,3280,Rain,None
2023-04-30,Electronic City,Road_16,76.4,16.6,2,92.8,110,60.3,63.2,830,Rain,Major
2022-08-21,Electronic City,Road_4,78.0,19.1,1,78.4,114,52.1,92.2,1122,Clear,None
2022-04-08,Koramangala,Road_2,62.4,29.4,2,58.1,239,54.0,84.6,1231,Haze,Major
2022-01-23,Electronic City,Road_13,67.9,18.4,1,76.6,135,49.2,90.1,3336,Cloudy,None
2022-03-28,Marathahalli,Road_13,57.7,29.9,0,50.0,116,55.7,84.3,3342,Haze,Minor
2024-01-04,MG Road,Road_10,40.8,29.9,0,63.9,175,53.6,72.9,4155,Cloudy,Minor
2024-06-03,Brigade Road,Road_2,71.2,21.8,2,69.2,157,73.7,85.4,594,Clear,Major
2022-05-10,Electronic City,Road_1,76.8,14.7,1,90.0,165,32.1,83.4,1422,Haze,None
2023-02-17,MG Road,Road_1,52.9,27.4,0,63.7,197,31.9,73.7,679,Haze,None
2022-04-02,Whitefield,Road_5,77.6,19.7,1,97.2,247,73.5,88.0,4960,Clear,None
2022-12-01,Marathahalli,Road_5,76.4,21.8,2,75.2,89,32.3,93.2,2174,Haze,Minor
2024-04-03,Indiranagar,Road_3,58.2,23.1,0,59.7,236,38.9,73.9,2838,Cloudy,None
2022-07-06,MG Road,Road_11,64.0,13.9,1,60.5,61,51.3,65.6,1114,Haze,Major
2023-10-07,Whitefield,Road_11,83.8,20.2,0,76.2,144,43.1,70.7,2023,Clear,Major
2023-06-28,Indiranagar,Road_5,65.1,23.8,0,58.1,232,47.1,76.5,3512,Clear,Major
2022-09-12,Brigade Road,Road_11,57.5,25.4,1,64.5,162,43.4,67.4,3053,Rain,Minor
2022-02-28,Electronic City,Road_12,86.6,9.6,3,81.5,192,74.2,86.0,3700,Haze,None
2022-09-17,Indiranagar,Road_5,92.3,12.6,1,100.0,195,33.1,90.1,2464,Haze,Major
2023-10-11,Marathahalli,Road_1,45.9,26.2,0,50.9,168,33.9,85.2,1840,Rain,None
2023-06-20,Marathahalli,Road_3,72.6,17.9,0,86.9,128,31.2,88.7,1742,Clear,Major
2024-01-05,Marathahalli,Road_13,65.5,17.3,0,73.2,125,62.6,68.7,3786,Clear,Minor
2023-03-17,Whitefield,Road_10,79.4,17.8,0,91.6,51,38.3,68.2,1912,Cloudy,None
2023-05-19,Koramangala,Road_14,82.3,15.8,0,94.8,109,46.5,89.9,2987,Cloudy,Major
2023-02-03,Silk Board,Road_7,71.6,22.3,1,75.6,56,46.6,72.0,3338,Rain,Major
2023-04-10,Indiranagar,Road_6,65.9,21.6,0,83.9,107,30.1,77.0,2615,Rain,None
2024-05-29,MG Road,Road_7,97.8,11.1,1,95.7,191,30.8,61.8,2143,Clear,Minor
2023-09-06,Koramangala,Road_15,87.0,15.7,2,97.1,67,72.6,93.5,3031,Clear,None
2023-02-12,Silk Board,Road_4,68.8,20.1,1,72.1,95,49.8,85.4,1624,Cloudy,Minor
2023-06-22,Indiranagar,Road_7,76.7,19.4,2,96.2,175,69.4,69.5,4514,Haze,Major
2024-06-14,Electronic City,Road_9,83.4,18.5,0,91.8,56,43.8,61.1,3957,Clear,Minor
2023-11-22,Koramangala,Road_10,62.1,22.9,0,58.4,75,75.0,70.2,684,Haze,Major
2024-07-13,Electronic City,Road_4,69.9,22.9,0,80.1,245,55.4,89.2,3925,Rain,None
2022-09-27,Silk Board,Road_2,63.7,20.3,0,56.2,94,35.5,78.3,2685,Cloudy,None
2022-09-22,Brigade Road,Road_10,76.0,19.3,2,77.3,144,63.8,62.8,3310,Haze,Minor
2023-12-19,Indiranagar,Road_3,81.3,18.1,2,79.5,238,36.0,76.0,3254,Clear,None
2022-03-14,Silk Board,Road_5,35.0,29.8,1,50.0,86,38.8,86.3,1817,Rain,None
2022-08-19,Indiranagar,Road_15,78.6,19.0,2,79.8,225,49.3,90.0,3872,Haze,Major
2022-04-18,Marathahalli,Road_10,93.8,14.5,3,87.9,152,38.7,83.0,1600,Cloudy,Minor
2022-08-28,Koramangala,Road_12,61.5,25.7,0,64.5,71,52.5,80.5,1625,Cloudy,Minor
2023-03-02,Marathahalli,Road_11,82.0,12.7,0,84.8,193,65.4,78.8,4364,Cloudy,Minor
2022-10-24,Marathahalli,Road_16,77.1,15.9,2,78.5,243,37.4,73.5,1194,Rain,None
2023-04-22,Koramangala,Road_10,78.9,18.0,0,78.2,60,49.0,73.6,2049,Clear,Major
2024-02-26,Brigade Road,Road_11,61.0,21.6,0,61.0,59,36.0,79.5,2382,Rain,Major
2023-09-20,Indiranagar,Road_7,79.2,19.3,1,85.6,100,51.7,89.4,709,Rain,None
2023-10-17,Silk Board,Road_3,67.2,17.2,0,68.2,198,30.8,74.8,939,Clear,Major
2024-04-18,Whitefield,Road_8,61.3,24.9,0,69.5,157,55.6,61.3,4876,Cloudy,Major
2024-03-11,Whitefield,Road_9,65.3,22.9,1,71.2,205,58.9,78.5,2145,Haze,None
2024-06-03,Koramangala,Road_2,87.6,17.3,2,95.5,111,60.6,72.9,4566,Haze,Major
2023-06-25,Whitefield,Road_13,78.4,17.9,3,84.6,245,58.7,60.1,721,Rain,None
2023-07-17,Brigade Road,Road_5,80.4,14.5,2,86.1,224,42.1,74.6,4502,Haze,None
2024-04-25,Silk Board,Road_15,51.3,23.8,0,57.7,103,74.8,70.1,1551,Rain,None
2023-08-26,Koramangala,Road_5,54.7,24.8,0,61.7,218,60.3,61.6,521,Cloudy,Major
2023-01-20,MG Road,Road_13,82.5,17.8,0,79.5,74,49.0,64.8,1723,Haze,None
2023-03-08,Brigade Road,Road_14,47.5,30.7,1,50.0,172,45.7,60.7,4570,Haze,None
2023-01-27,Koramangala,Road_7,89.4,11.0,2,93.4,246,63.9,82.8,2362,Cloudy,None
2023-06-15,Koramangala,Road_13,70.4,18.4,1,83.5,208,34.8,77.4,4514,Rain,Minor
2024-08-15,MG Road,Road_7,68.8,21.0,0,78.0,51,67.1,63.5,2862,Rain,Major
2022-02-09,Marathahalli,Road_5,66.9,24.8,1,62.2,160,51.4,63.7,1162,Clear,Minor
2022-03-07,Marathahalli,Road_13,42.3,36.9,0,50.0,161,44.6,90.1,3682,Haze,Minor
2024-04-03,Whitefield,Road_11,55.2,18.5,1,50.3,180,74.9,78.6,2325,Rain,None
2024-01-27,Silk Board,Road_11,81.4,15.8,3,85.6,201,31.6,71.2,1444,Cloudy,Major
2024-06-03,Indiranagar,Road_4,63.2,20.6,1,77.1,53,53.8,70.0,853,Cloudy,Major
2022-02-20,Marathahalli,Road_9,55.6,25.9,1,55.6,105,52.7,86.9,2817,Rain,None
2022-06-13,Silk Board,Road_8,66.5,27.0,0,75.2,131,31.4,61.8,857,Haze,Major
2024-05-24,MG Road,Road_1,70.0,19.7,1,72.9,170,62.7,71.3,1369,Clear,None
2022-11-30,Silk Board,Road_12,55.8,22.9,0,66.2,124,33.1,85.5,3747,Clear,None
2022-03-01,Indiranagar,Road_12,76.0,20.8,2,80.0,137,69.1,63.1,2787,Cloudy,Major
2022-07-26,Electronic City,Road_6,72.9,17.9,2,82.2,124,63.6,75.3,4044,Cloudy,None
2022-08-03,Koramangala,Road_2,87.5,13.3,0,99.9,208,46.2,87.2,3621,Cloudy,Minor
2022-03-07,Brigade Road,Road_4,75.3,21.8,0,85.4,193,58.6,83.8,1839,Clear,Major
2023-03-06,Koramangala,Road_16,65.4,26.1,1,61.3,249,43.1,84.8,1494,Clear,Major
2024-02-01,Indiranagar,Road_2,56.7,25.7,0,66.0,123,33.8,84.4,3137,Rain,Minor
2023-04-04,Koramangala,Road_11,94.6,11.6,5,100.0,56,63.1,78.8,3975,Haze,None
2023-06-10,Marathahalli,Road_16,95.9,9.8,0,100.0,82,38.0,63.8,3523,Clear,Minor
2022-01-11,MG Road,Road_14,68.1,20.4,1,60.2,56,49.6,88.6,4491,Rain,Major
2022-12-11,Brigade Road,Road_10,99.0,9.9,1,95.0,210,41.1,69.5,765,Rain,Minor
2024-04-13,Indiranagar,Road_3,77.3,23.4,1,100.0,235,42.6,75.5,4903,Clear,Minor
2024-04-30,Brigade Road,Road_9,90.2,8.0,1,91.1,244,64.6,71.9,3379,Clear,Minor
2024-03-16,Indiranagar,Road_1,79.8,19.9,0,87.0,175,60.1,68.4,533,Clear,Major
2023-07-24,Marathahalli,Road_11,63.6,25.4,1,54.9,103,43.2,83.7,3538,Rain,Minor
2023-07-10,Electronic City,Road_3,73.9,16.4,3,89.2,84,74.3,74.5,4951,Haze,Major
2022-10-31,Silk Board,Road_4,68.5,22.8,1,87.5,142,54.4,79.3,1431,Rain,None
2022-07-05,Koramangala,Road_1,77.5,24.5,1,78.3,84,40.5,83.2,3041,Haze,None
2023-01-28,Silk Board,Road_5,63.9,21.1,0,73.0,55,40.4,70.5,3772,Clear,Minor
2024-05-02,Silk Board,Road_4,79.0,11.3,0,89.8,114,54.4,94.9,3996,Cloudy,Major
2024-05-20,Brigade Road,Road_11,69.6,20.1,1,67.4,158,73.2,75.4,696,Rain,Major
2024-01-03,Electronic City,Road_2,78.3,16.7,0,82.1,101,65.1,63.6,2878,Rain,Major
2024-02-14,Marathahalli,Road_5,64.3,22.2,2,74.5,141,46.9,64.1,1112,Clear,Major
2022-08-07,Brigade Road,Road_9,62.2,19.1,0,74.3,203,30.4,88.9,1407,Haze,None
2023-05-28,Electronic City,Road_11,65.6,21.4,0,69.0,199,43.7,78.9,4727,Rain,Minor
2023-01-06,Koramangala,Road_3,69.2,15.1,0,70.6,191,43.3,88.6,1613,Haze,None
2023-11-24,MG Road,Road_14,96.8,14.9,2,100.0,83,56.2,84.2,1128,Haze,Minor
2023-11-26,Koramangala,Road_5,69.4,24.0,0,65.3,79,38.3,68.1,689,Cloudy,None
2022-09-19,Koramangala,Road_14,67.3,21.2,0,82.9,103,44.3,71.9,854,Haze,Major
2024-06-24,Koramangala,Road_2,81.8,14.8,1,92.6,165,60.2,70.4,3194,Haze,Minor
2022-04-03,Electronic City,Road_9,77.7,19.8,0,88.7,211,46.7,79.5,1228,Haze,Major
2024-02-20,Electronic City,Road_1,55.6,25.0,0,69.5,176,66.3,86.4,4312,Clear,Minor
2022-11-19,Marathahalli,Road_8,43.0,23.2,0,50.0,56,45.9,73.2,1139,Clear,None
2022-07-06,Brigade Road,Road_10,65.7,22.2,0,81.4,152,64.9,72.4,2634,Cloudy,None
2022-09-06,Marathahalli,Road_5,66.2,25.5,0,80.8,150,66.1,81.6,4379,Haze,None
2024-01-10,Koramangala,Road_9,68.9,23.6,1,80.2,240,56.6,76.6,1321,Rain,Major
2024-05-30,Marathahalli,Road_4,81.7,22.6,0,87.4,201,64.5,74.1,4415,Clear,Minor
2023-07-10,MG Road,Road_1,63.4,27.5,1,65.0,142,34.0,78.1,555,Haze,Major
2024-04-21,Brigade Road,Road_15,56.6,22.4,0,55.2,85,54.9,84.4,3463,Clear,Minor
2022-09-03,Electronic City,Road_16,64.5,28.0,0,73.1,238,66.5,68.9,3348,Cloudy,Minor
2024-03-06,Indiranagar,Road_8,88.0,13.9,0,99.9,217,62.9,69.2,4748,Clear,None
2022-06-26,Silk Board,Road_11,82.2,16.4,3,81.0,223,68.4,93.2,2685,Clear,Minor
2023-11-11,Silk Board,Road_8,96.9,10.0,3,99.3,145,31.1,84.7,4782,Haze,None
2022-03-05,Marathahalli,Road_12,90.5,8.2,1,100.0,92,55.0,65.6,4977,Rain,Minor
2023-03-13,Brigade Road,Road_11,47.1,32.6,0,58.9,161,39.6,63.7,3966,Rain,None
2023-10-02,Brigade Road,Road_6,73.0,15.7,2,80.7,230,51.8,67.2,3520,Rain,None
2023-06-22,Koramangala,Road_14,59.0,22.8,0,76.7,208,30.6,80.1,1328,Haze,None
2023-02-25,Silk Board,Road_2,54.9,29.4,0,68.5,125,69.1,70.7,1320,Rain,Minor
2022-12-02,Whitefield,Road_13,65.0,25.8,0,55.7,153,47.3,76.7,4686,Cloudy,Major
2022-09-04,Brigade Road,Road_3,65.8,26.1,0,70.6,131,47.3,79.4,3401,Rain,None
2023-08-11,Electronic City,Road_14,58.6,25.1,1,58.1,137,56.3,85.8,856,Cloudy,Minor
2022-10-30,Electronic City,Road_14,77.1,10.1,0,64.0,92,62.5,91.2,3882,Cloudy,Minor
2024-06-15,Silk Board,Road_6,40.8,31.0,0,55.0,69,72.8,63.9,1103,Rain,Major
2023-07-24,Brigade Road,Road_11,82.3,17.9,2,86.7,201,51.5,65.6,3586,Haze,Minor
2022-08-27,Electronic City,Road_16,71.9,26.0,1,68.0,189,53.1,64.9,1645,Rain,None
2024-04-01,Koramangala,Road_16,88.3,13.2,0,88.1,141,48.9,69.2,3466,Clear,None
2024-05-11,Electronic City,Road_2,92.3,16.9,0,100.0,189,47.0,75.4,4022,Clear,None
2023-12-23,Marathahalli,Road_15,66.2,17.3,1,62.2,160,50.0,73.0,2914,Haze,None
2024-04-28,Silk Board,Road_13,67.9,19.8,0,71.2,218,52.1,61.5,2721,Clear,Minor
2024-01-01,Whitefield,Road_1,56.6,24.8,0,54.4,88,59.1,65.2,1378,Clear,None
2024-07-13,Indiranagar,Road_6,81.0,18.7,0,82.3,212,74.1,92.8,3513,Cloudy,Major
2024-07-09,Indiranagar,Road_2,52.6,21.7,0,64.2,167,66.7,88.6,4117,Rain,Major
2022-04-01,MG Road,Road_9,87.0,17.6,3,100.0,121,60.4,94.9,916,Haze,Major
2024-04-10,Whitefield,Road_16,54.6,20.2,0,55.8,92,65.2,61.6,3855,Cloudy,None
2022-09-10,Whitefield,Road_4,63.0,20.6,1,69.7,210,58.0,89.2,4730,Cloudy,Minor
2024-04-13,Electronic City,Road_8,90.6,15.3,5,98.2,160,35.4,79.8,4655,Haze,None
2023-05-04,Indiranagar,Road_10,69.8,19.9,0,77.1,173,30.6,77.1,1217,Cloudy,Minor
2023-03-25,Koramangala,Road_10,83.3,16.7,0,84.2,193,66.3,82.3,2969,Rain,Major
2023-06-21,Electronic City,Road_11,70.3,22.7,0,70.8,169,46.8,73.2,738,Cloudy,Minor
2022-07-25,Brigade Road,Road_14,71.8,20.0,1,83.7,105,72.1,68.6,2132,Haze,Major
2024-08-04,Silk Board,Road_11,82.7,26.9,1,74.4,234,41.1,71.8,3659,Haze,Major
2022-02-19,MG Road,Road_11,58.4,24.5,0,58.2,160,63.6,85.8,4283,Haze,Minor
2023-07-18,Indiranagar,Road_2,71.5,14.5,2,70.0,121,59.0,81.4,794,Clear,None
2024-05-16,MG Road,Road_3,62.3,26.7,1,71.1,142,66.2,80.5,586,Rain,Major
2023-05-07,MG Road,Road_9,61.1,22.4,1,65.2,138,33.9,93.4,4259,Haze,None
2022-04-09,Whitefield,Road_6,59.9,21.1,0,63.6,189,73.8,64.6,1345,Haze,Major
2023-10-10,Marathahalli,Road_2,61.4,20.1,2,70.1,231,55.3,63.4,3187,Clear,None
2023-08-20,Koramangala,Road_13,85.6,13.6,0,100.0,148,64.0,88.5,3776,Cloudy,Major
2022-04-26,Marathahalli,Road_4,84.0,9.5,1,90.0,131,49.6,73.4,4414,Rain,None
2022-11-06,MG Road,Road_16,87.7,12.7,2,100.0,185,54.6,66.3,4599,Cloudy,Major
2022-08-18,Silk Board,Road_16,68.4,16.9,1,69.4,163,62.3,91.0,1491,Rain,Major
2022-07-28,Koramangala,Road_2,74.1,21.1,0,80.4,91,41.0,84.5,2330,Haze,Minor
2022-07-26,Indiranagar,Road_2,81.9,16.5,1,100.0,237,63.9,74.7,4159,Cloudy,None
2022-05-21,Koramangala,Road_16,76.1,17.4,0,80.7,217,72.4,60.7,1721,Rain,Minor
2022-09-03,Marathahalli,Road_12,50.3,28.7,0,58.4,242,73.3,82.2,4972,Haze,None
2023-12-19,Koramangala,Road_2,80.1,19.8,2,94.6,189,63.1,91.8,1783,Haze,Major
2023-06-01,Indiranagar,Road_11,53.8,25.8,0,70.0,140,36.5,76.3,4309,Clear,Major
2022-11-26,Silk Board,Road_8,59.7,25.0,0,67.0,103,39.9,68.8,1080,Clear,Major
2022-02-17,Brigade Road,Road_14,73.2,21.2,2,69.4,66,73.7,88.5,1615,Rain,Major
2022-01-23,Marathahalli,Road_7,74.0,9.1,0,71.4,95,70.5,88.5,1409,Rain,None
2023-07-25,Electronic City,Road_3,83.1,19.8,0,92.2,169,32.8,91.4,1133,Haze,Minor
2022-10-15,MG Road,Road_16,89.8,11.9,1,100.0,199,58.9,77.1,3167,Cloudy,Minor
2023-02-04,MG Road,Road_10,75.3,21.1,5,89.5,75,69.2,90.0,1687,Clear,None
2022-08-19,Silk Board,Road_5,58.7,24.8,0,64.1,242,48.1,69.3,2005,Rain,None
2022-01-19,MG Road,Road_5,68.5,18.7,2,73.4,120,72.2,85.7,4614,Cloudy,Minor
2022-11-07,MG Road,Road_16,98.0,15.7,1,100.0,58,40.3,71.1,1307,Cloudy,None
2022-08-05,Brigade Road,Road_5,59.0,24.8,0,54.3,138,59.3,66.2,1364,Cloudy,Minor
2023-01-09,Marathahalli,Road_1,69.9,13.2,0,80.0,193,33.7,71.2,2260,Cloudy,Major
2022-10-06,Marathahalli,Road_3,88.5,18.9,0,100.0,149,53.1,73.0,4954,Haze,Minor
2024-06-21,Brigade Road,Road_12,59.5,20.6,0,70.8,69,40.5,73.7,2593,Rain,Minor
2023-03-17,Electronic City,Road_15,69.5,22.0,1,80.6,74,67.3,64.9,4373,Clear,Major
2023-05-09,Brigade Road,Road_16,53.4,20.9,1,69.2,193,55.9,91.7,1416,Haze,Minor
2022-10-24,MG Road,Road_6,66.9,16.4,2,74.3,118,41.1,75.8,2855,Haze,Major
2022-07-02,Whitefield,Road_1,83.7,20.8,2,83.2,132,40.4,92.2,1317,Clear,None
2023-10-05,Silk Board,Road_1,69.2,25.3,0,70.6,178,68.7,93.2,4791,Rain,Major
2024-01-21,MG Road,Road_4,83.5,13.2,1,81.7,204,67.5,88.9,4823,Clear,None
2022-09-14,Indiranagar,Road_13,61.2,29.5,1,74.8,112,74.1,87.1,2592,Haze,None
2023-04-04,Marathahalli,Road_8,74.4,23.4,2,86.4,204,74.7,69.7,2479,Cloudy,None
2023-01-25,Electronic City,Road_9,69.3,24.5,0,69.1,86,53.9,88.0,1309,Haze,None
2022-06-26,Electronic City,Road_6,64.1,17.8,0,74.2,238,65.0,72.2,670,Clear,Minor
2022-12-27,MG Road,Road_4,75.7,27.0,3,73.8,198,63.7,90.5,1300,Cloudy,Major
2022-05-08,MG Road,Road_10,73.2,8.9,2,74.2,241,48.5,91.2,1122,Rain,None
2023-07-19,Whitefield,Road_15,76.1,18.7,0,78.4,190,68.8,61.4,3978,Clear,Major
2023-12-09,Indiranagar,Road_15,65.6,21.2,1,79.1,197,42.3,93.1,1518,Rain,Major
2023-11-11,Koramangala,Road_4,65.4,23.0,0,71.0,73,51.5,61.6,1275,Haze,Minor
2024-07-06,Electronic City,Road_9,62.9,31.4,0,66.8,91,56.7,60.3,1169,Cloudy,Major
2024-01-09,Whitefield,Road_12,74.9,19.6,1,64.0,166,47.7,72.3,4073,Cloudy,Major
2023-12-17,Brigade Road,Road_13,72.4,23.5,1,83.9,62,38.4,80.7,2854,Clear,Minor
2022-03-22,Whitefield,Road_11,67.3,21.6,1,64.7,172,33.7,78.5,517,Clear,Minor
2022-11-19,Whitefield,Road_5,73.9,20.7,1,85.8,236,37.9,83.6,3442,Cloudy,None
2024-08-06,Koramangala,Road_7,80.7,9.3,3,100.0,233,69.6,83.4,4643,Cloudy,Minor
2022-03-04,Whitefield,Road_9,68.9,13.2,1,77.0,192,72.4,70.7,1009,Haze,Minor
2022-10-07,Marathahalli,Road_13,65.6,17.8,1,75.3,220,50.8,81.7,1599,Haze,Minor
2024-04-16,Whitefield,Road_1,78.4,14.7,2,89.3,120,47.8,87.4,3271,Haze,Minor
2022-06-11,Whitefield,Road_6,51.9,26.4,0,67.8,139,58.0,67.8,3484,Haze,Minor
2024-03-16,Brigade Road,Road_3,74.5,16.6,0,93.9,130,63.9,60.6,874,Cloudy,None
2022-02-23,Indiranagar,Road_16,99.0,8.0,1,100.0,69,52.3,77.4,4517,Cloudy,None
2024-07-28,Electronic City,Road_7,58.9,23.4,0,72.1,78,59.2,60.1,1901,Cloudy,Major
2022-05-12,Marathahalli,Road_12,75.4,11.8,3,74.0,233,30.9,82.4,4641,Rain,None
2022-02-21,Electronic City,Road_11,71.9,28.0,1,90.9,229,44.4,66.5,4073,Haze,Minor
2023-04-13,Silk Board,Road_11,69.7,21.5,1,97.6,189,56.4,70.5,2870,Clear,None
2022-03-13,Silk Board,Road_8,66.5,19.8,2,90.4,213,59.9,94.6,2267,Clear,Minor
2024-02-15,Brigade Road,Road_9,63.9,25.7,0,69.0,238,30.1,93.1,989,Rain,Major
2022-10-15,Marathahalli,Road_2,75.5,21.4,3,84.9,140,64.6,61.8,4216,Rain,None
2022-03-02,Marathahalli,Road_11,41.4,26.5,0,50.0,170,37.6,63.5,1929,Rain,Minor
2022-04-27,Electronic City,Road_4,99.0,9.3,1,100.0,180,64.4,66.0,1033,Cloudy,None
2022-11-10,Whitefield,Road_14,77.9,13.2,2,88.8,122,34.0,78.5,2045,Haze,Major
2024-05-15,Marathahalli,Road_11,65.9,24.7,1,61.6,54,53.8,79.6,3041,Haze,Major
2022-01-17,Marathahalli,Road_3,59.8,28.9,1,78.3,146,56.8,84.6,1289,Rain,None
2024-06-11,Marathahalli,Road_8,76.9,13.8,0,78.0,185,56.9,60.8,4824,Rain,Major
2024-03-13,Koramangala,Road_16,94.1,15.6,2,89.7,126,46.9,91.1,4320,Rain,Major
2023-05-10,Electronic City,Road_12,72.0,19.6,2,81.3,159,62.5,67.5,1993,Cloudy,None
2022-09-20,Whitefield,Road_7,76.6,20.0,1,94.1,86,64.8,79.3,4547,Cloudy,Major
2023-12-30,Silk Board,Road_15,73.8,16.0,0,74.5,168,45.8,93.7,1008,Haze,Minor
2023-04-01,Koramangala,Road_4,90.9,10.6,1,100.0,93,53.1,67.7,2890,Rain,Major
2023-07-04,Silk Board,Road_4,65.7,24.7,0,61.6,246,33.8,86.4,1288,Haze,Minor
2024-05-09,Electronic City,Road_6,62.7,27.1,0,61.1,122,71.8,66.7,1485,Cloudy,Minor
2022-02-01,Marathahalli,Road_2,70.6,15.4,1,73.6,106,58.3,92.4,2908,Haze,Major
2023-03-29,Whitefield,Road_14,93.0,10.5,4,77.3,201,36.5,71.3,3973,Haze,Major
2023-09-08,Whitefield,Road_6,63.1,18.6,0,60.9,100,57.8,82.6,586,Haze,None
2024-06-18,Silk Board,Road_3,79.8,18.2,1,78.1,169,36.0,71.1,2301,Haze,Minor
2024-08-05,Electronic City,Road_16,79.6,13.4,0,87.3,160,44.5,63.1,1630,Rain,None
2022-06-30,Koramangala,Road_7,66.4,27.4,1,58.0,236,62.2,77.8,3667,Cloudy,Minor
2023-03-25,Whitefield,Road_10,40.3,35.2,0,50.0,109,42.6,67.4,908,Clear,Major
2022-11-11,Brigade Road,Road_7,76.6,20.1,1,69.6,58,39.6,71.8,3371,Cloudy,None
2022-03-27,Indiranagar,Road_6,67.1,25.2,1,80.7,64,35.9,80.3,1761,Clear,None
2023-02-10,Marathahalli,Road_7,71.6,19.7,2,59.5,60,72.3,93.5,3754,Rain,Major
2023-09-16,Electronic City,Road_7,71.1,21.6,0,76.2,86,42.3,71.2,3530,Cloudy,None
2023-01-09,Silk Board,Road_12,68.1,11.3,0,79.0,190,50.7,91.6,2999,Rain,None
2022-10-28,Silk Board,Road_13,82.5,20.0,0,96.5,131,73.8,63.8,1952,Haze,Major
2024-02-29,Marathahalli,Road_3,63.7,16.1,0,81.9,122,43.5,93.7,4179,Clear,None
2022-04-15,Indiranagar,Road_10,62.7,26.7,0,56.8,179,54.5,72.8,728,Haze,None
2023-02-14,Indiranagar,Road_4,95.5,8.0,1,98.4,228,56.4,64.1,2848,Cloudy,Minor
2022-01-03,Marathahalli,Road_11,81.3,21.8,0,93.1,176,41.9,72.7,2358,Rain,None
2022-03-22,Brigade Road,Road_15,74.1,20.1,1,87.7,87,41.9,93.6,798,Clear,Minor
2024-05-08,Koramangala,Road_5,98.0,14.2,1,87.7,109,56.8,84.0,4987,Cloudy,Major
2023-09-14,Koramangala,Road_8,77.8,12.6,1,73.8,179,31.3,72.7,1958,Rain,None
2023-01-02,Koramangala,Road_11,62.1,28.1,0,71.5,246,42.2,69.8,4517,Rain,Major
2022-07-28,Brigade Road,Road_3,68.7,23.0,0,52.7,178,73.5,71.2,3520,Clear,None
2023-04-19,MG Road,Road_8,62.1,20.5,0,64.7,106,37.8,67.6,2888,Rain,None
2023-05-30,Marathahalli,Road_9,84.1,15.3,1,98.1,112,41.2,73.2,2864,Rain,Minor
2024-03-01,MG Road,Road_1,62.0,33.8,0,61.4,122,69.7,84.6,2677,Haze,None
2022-10-18,Whitefield,Road_6,84.1,8.0,2,84.8,161,49.6,72.7,1908,Cloudy,Major
2022-09-11,Marathahalli,Road_11,59.0,22.2,0,52.6,113,65.5,83.7,2517,Clear,Major
2024-02-07,Electronic City,Road_13,83.7,13.9,0,97.4,181,51.3,81.0,3259,Haze,Minor
2022-08-07,Indiranagar,Road_14,72.4,19.3,0,84.1,243,65.7,87.6,4472,Clear,Major
2022-07-14,Silk Board,Road_9,74.7,22.9,1,58.2,96,64.7,66.0,776,Haze,None
2024-02-04,Indiranagar,Road_2,53.7,26.6,0,50.0,192,36.5,68.2,4892,Haze,None
2022-02-03,Indiranagar,Road_15,58.9,24.7,0,54.4,241,47.8,89.2,2798,Haze,None
2024-01-12,Electronic City,Road_16,60.5,22.9,1,66.8,61,53.9,68.4,1379,Cloudy,None
2022-03-24,Electronic City,Road_16,74.8,15.8,0,68.4,209,52.2,89.7,4224,Haze,None
2024-03-15,Brigade Road,Road_5,66.3,21.7,1,76.3,178,36.6,77.8,3590,Rain,None
2024-04-12,Electronic City,Road_9,81.4,10.7,2,74.2,100,53.0,62.0,1692,Rain,Major
2023-01-08,Marathahalli,Road_1,63.0,25.4,1,55.7,108,59.4,63.1,3255,Haze,Major
2023-07-22,Whitefield,Road_10,87.8,15.1,1,93.5,108,54.9,80.7,3341,Cloudy,None
2023-07-13,Koramangala,Road_12,66.7,24.3,1,68.7,109,67.1,80.6,1006,Cloudy,Major
2024-08-15,Brigade Road,Road_3,58.0,20.1,0,72.1,142,61.5,89.8,2150,Haze,Major
2024-04-02,Silk Board,Road_1,59.9,25.2,1,54.6,129,50.5,89.9,4854,Rain,Minor
2024-01-25,Electronic City,Road_8,85.2,12.7,2,86.4,126,59.8,93.7,4778,Cloudy,Major
2022-07-05,Brigade Road,Road_13,86.4,8.0,2,94.1,77,42.9,80.1,4228,Haze,None
2023-12-25,Marathahalli,Road_2,87.8,18.9,1,81.5,70,35.9,78.8,3771,Haze,Minor
2022-11-10,Indiranagar,Road_14,56.9,26.4,0,63.1,78,69.5,94.8,1514,Cloudy,None
2023-05-19,MG Road,Road_14,72.4,12.1,1,85.4,238,52.2,68.1,1819,Rain,Major
2024-05-15,Whitefield,Road_9,59.1,27.8,1,62.0,132,43.5,87.7,3385,Rain,Minor
2023-04-27,Indiranagar,Road_5,58.9,25.3,0,56.8,95,49.8,78.6,4666,Haze,Major
2022-05-18,Marathahalli,Road_11,35.1,32.6,0,50.0,57,43.4,69.6,4486,Haze,Minor
2023-02-26,Brigade Road,Road_7,81.3,15.6,1,88.4,207,68.6,60.4,2271,Haze,None
2022-05-15,MG Road,Road_11,71.5,15.5,0,74.8,111,70.5,80.8,4554,Cloudy,Minor
2023-12-20,Koramangala,Road_7,86.6,17.6,2,91.4,222,45.6,60.8,678,Cloudy,None
2022-11-27,Electronic City,Road_3,99.0,8.0,2,100.0,185,39.5,74.6,2733,Clear,Minor
2023-01-02,Electronic City,Road_11,71.5,20.8,1,63.4,71,70.5,69.1,4609,Clear,None
2022-03-09,Silk Board,Road_4,52.9,32.2,0,71.4,167,36.0,63.1,4223,Clear,None
2022-09-04,Electronic City,Road_16,61.0,31.2,0,71.2,248,72.4,82.6,3830,Clear,Major
2022-08-17,MG Road,Road_4,57.5,28.7,0,53.8,87,42.7,61.9,4487,Cloudy,Minor
2022-02-20,Marathahalli,Road_9,57.0,28.1,0,52.3,213,71.8,91.0,4715,Rain,Major
2023-12-15,Whitefield,Road_15,62.5,29.5,1,66.4,221,71.8,77.2,4383,Clear,Major
2024-02-16,Brigade Road,Road_6,71.9,17.1,1,71.5,136,64.9,69.4,1037,Rain,Minor
2023-04-12,Koramangala,Road_14,55.6,26.6,0,61.0,76,66.4,76.8,3265,Cloudy,Minor
2023-05-08,MG Road,Road_9,55.4,26.7,0,59.9,145,61.8,70.4,4619,Haze,Major
2023-12-13,Koramangala,Road_4,78.7,16.8,3,81.0,137,59.8,74.5,4971,Rain,Major
2022-08-01,Brigade Road,Road_11,60.7,26.4,3,66.8,85,59.3,77.3,3294,Rain,Major
2024-07-28,Marathahalli,Road_16,72.5,24.5,0,74.9,244,63.5,80.1,633,Rain,Major
2022-09-04,Silk Board,Road_9,39.5,22.2,0,64.2,54,36.9,62.2,4046,Rain,Minor
2023-08-05,Brigade Road,Road_12,66.2,19.4,0,82.7,228,59.0,90.1,3383,Rain,Minor
2023-09-15,Indiranagar,Road_6,77.6,17.2,2,95.0,170,63.7,83.9,564,Cloudy,Major
2024-04-24,Silk Board,Road_4,64.6,25.3,0,53.5,135,52.7,74.3,2343,Clear,None
2023-05-07,Marathahalli,Road_6,89.9,19.3,6,92.6,172,57.7,88.3,3906,Cloudy,Major
2023-07-10,Marathahalli,Road_7,77.9,25.3,3,82.4,230,50.2,91.2,3263,Haze,Major
2022-03-06,Whitefield,Road_8,60.5,21.9,1,68.9,73,56.3,80.9,2341,Cloudy,Major
2024-05-08,Indiranagar,Road_5,69.7,21.4,1,75.5,235,35.1,78.8,3875,Cloudy,None
2023-02-11,Indiranagar,Road_16,38.2,36.0,1,50.0,193,33.8,91.6,2532,Clear,None
2023-06-01,Silk Board,Road_13,58.0,27.3,0,67.3,83,70.3,60.2,846,Cloudy,Major
2022-11-05,MG Road,Road_15,54.6,21.6,0,50.0,79,65.8,62.7,3575,Cloudy,None
2023-02-21,Silk Board,Road_10,73.2,14.1,3,91.0,214,44.1,72.5,1983,Haze,None
2023-11-13,Brigade Road,Road_10,55.7,29.3,0,56.4,133,60.4,66.7,836,Haze,None
2022-12-23,Electronic City,Road_16,48.8,24.2,1,50.0,192,56.5,75.1,3620,Haze,None
2024-01-22,Electronic City,Road_1,82.8,23.1,3,84.8,238,38.5,84.9,1732,Clear,None
2024-01-30,MG Road,Road_4,87.6,18.2,1,97.5,155,40.9,66.9,1465,Clear,Major
2022-01-13,Koramangala,Road_16,87.2,17.4,0,85.6,153,51.6,95.0,4257,Haze,None
2022-01-04,Silk Board,Road_10,88.8,11.9,2,96.4,155,40.0,72.4,3979,Cloudy,None
2024-05-26,Silk Board,Road_10,92.2,15.9,1,100.0,180,69.4,90.2,2181,Clear,None
2022-03-02,Whitefield,Road_1,55.9,26.9,0,54.1,142,37.4,93.3,2607,Cloudy,Major
2022-06-01,MG Road,Road_6,65.5,23.7,2,65.4,124,44.6,93.3,2749,Cloudy,Major
2022-01-31,Marathahalli,Road_7,78.5,11.6,3,82.6,51,57.4,90.2,629,Rain,None
2024-02-08,Koramangala,Road_15,67.4,17.9,1,86.8,139,40.3,64.7,3309,Haze,Major
2024-05-08,Marathahalli,Road_5,68.4,21.6,0,62.9,132,48.3,64.2,1524,Clear,Major
2023-03-27,Whitefield,Road_11,70.8,16.9,5,81.1,249,60.4,74.7,1734,Cloudy,Minor
2023-04-07,Indiranagar,Road_14,52.2,27.6,0,62.0,56,37.4,80.0,3434,Haze,Major
2024-02-07,MG Road,Road_12,90.6,14.7,1,95.7,63,63.1,91.1,507,Clear,Major
2022-07-16,Marathahalli,Road_6,84.6,14.8,0,92.0,172,53.2,88.3,1979,Haze,Major
2022-05-29,Silk Board,Road_14,64.0,17.4,0,51.2,54,74.3,71.9,4842,Cloudy,Major
2023-10-14,Whitefield,Road_6,60.3,29.4,0,61.7,70,57.1,88.5,3568,Clear,Major
2022-07-14,Indiranagar,Road_6,52.1,27.2,0,82.2,147,34.1,63.1,2178,Haze,Minor
2022-01-26,MG Road,Road_15,72.5,19.6,1,74.3,137,31.0,92.2,695,Haze,Major
2023-06-07,Koramangala,Road_13,87.1,14.2,0,82.8,172,49.6,84.3,3439,Cloudy,Major
2023-03-29,Indiranagar,Road_15,67.3,26.2,2,66.9,57,42.7,68.9,740,Rain,Major
2023-11-08,Silk Board,Road_1,58.1,27.4,1,55.4,221,48.7,61.8,1590,Rain,Major
2024-06-29,Marathahalli,Road_5,72.4,11.7,1,89.1,70,42.4,68.1,1091,Clear,None
2023-07-12,Indiranagar,Road_5,46.7,28.1,0,50.0,79,43.9,76.7,4420,Clear,Major
2023-04-04,Electronic City,Road_5,80.2,18.9,0,78.5,59,49.4,73.1,1397,Haze,Minor
2024-05-02,Marathahalli,Road_2,74.4,18.3,1,73.1,90,32.3,86.1,1709,Clear,Major
2023-03-20,Whitefield,Road_6,64.7,28.6,0,70.3,85,70.8,93.2,2681,Cloudy,Major
2024-02-14,MG Road,Road_8,84.5,15.2,2,100.0,178,66.7,91.4,1715,Cloudy,Major
2022-10-07,Silk Board,Road_16,67.2,17.7,0,81.1,78,73.9,93.9,4505,Cloudy,Minor
2022-12-12,Electronic City,Road_14,67.9,21.0,0,76.5,102,73.2,71.1,777,Cloudy,Minor
2022-12-09,Whitefield,Road_12,66.3,28.5,0,66.9,151,39.0,92.6,3744,Clear,None
2024-03-08,MG Road,Road_5,69.2,16.6,1,78.1,140,65.7,79.1,1289,Haze,Major
2023-11-07,Electronic City,Road_5,71.7,24.9,1,68.5,106,34.4,74.3,3744,Cloudy,None
2024-07-25,Marathahalli,Road_7,72.5,15.2,3,83.8,76,30.3,85.0,557,Rain,Minor
2024-03-18,Silk Board,Road_13,65.2,23.7,0,73.7,125,51.0,79.2,4091,Clear,None
2023-08-07,Silk Board,Road_7,60.7,24.8,0,65.8,150,36.5,83.3,2527,Clear,None
2023-06-05,Brigade Road,Road_16,69.4,20.9,1,82.1,57,72.3,69.5,3950,Haze,Minor
2024-02-15,Marathahalli,Road_7,76.4,14.3,0,75.9,190,31.7,86.9,2279,Clear,None
2023-07-22,Whitefield,Road_2,78.2,21.5,0,84.6,187,44.1,84.1,2067,Clear,Major
2024-07-13,MG Road,Road_8,67.9,14.7,1,80.9,53,68.9,70.9,4346,Cloudy,None
2022-09-22,Marathahalli,Road_9,81.5,20.3,1,93.8,57,43.2,74.9,4983,Cloudy,Major
2024-05-01,Whitefield,Road_5,79.3,17.0,2,98.9,71,34.3,90.6,3966,Clear,Minor
2022-07-31,Marathahalli,Road_13,69.5,18.3,2,72.4,201,53.8,80.0,1697,Cloudy,None
2024-06-12,Silk Board,Road_16,53.4,24.8,0,64.3,162,70.8,89.1,1325,Haze,Minor
2022-06-01,Silk Board,Road_15,75.4,17.8,1,79.4,199,38.1,80.1,3416,Clear,None
2022-11-15,Brigade Road,Road_3,63.0,26.3,0,71.1,166,60.7,83.8,4810,Haze,Minor
2024-01-25,Marathahalli,Road_9,74.6,16.3,2,85.8,160,73.9,65.5,4843,Rain,Major
2022-07-21,Indiranagar,Road_2,56.0,27.5,0,51.2,115,64.3,73.8,2438,Haze,None
2024-04-11,Electronic City,Road_11,70.8,23.2,1,75.5,189,38.3,82.3,4260,Cloudy,Minor
2023-08-24,Brigade Road,Road_11,67.0,22.8,0,78.5,153,49.1,94.3,978,Haze,Major
2023-05-26,Brigade Road,Road_6,66.5,25.5,0,73.1,199,55.5,63.5,3584,Cloudy,Major
2023-07-06,Brigade Road,Road_8,67.5,17.1,1,77.2,175,39.9,75.8,1881,Haze,Major
2022-10-23,Marathahalli,Road_13,65.0,18.4,1,64.6,249,33.5,77.5,3137,Rain,Major
2024-06-21,MG Road,Road_3,60.9,18.3,1,73.4,142,32.8,67.5,1485,Rain,Minor
2024-02-29,Marathahalli,Road_7,70.6,20.3,1,72.4,74,69.4,90.1,2603,Cloudy,Major
2024-06-06,Marathahalli,Road_5,51.0,29.1,0,61.5,220,72.1,60.7,1097,Rain,Major
2022-10-11,Brigade Road,Road_7,66.1,29.6,0,80.0,126,53.3,73.9,3029,Cloudy,None
2022-08-24,Electronic City,Road_11,69.8,25.7,1,79.6,109,59.4,80.5,2974,Clear,None
2024-01-24,MG Road,Road_12,67.2,13.4,0,64.8,92,55.8,63.8,3998,Rain,Major
2024-02-05,Marathahalli,Road_2,68.5,19.1,2,76.7,132,34.4,71.0,4398,Clear,Minor
2022-03-19,MG Road,Road_6,68.1,8.8,0,71.2,94,58.5,76.3,991,Rain,None
2024-06-15,MG Road,Road_5,93.6,8.0,2,100.0,66,44.3,77.8,2294,Rain,None
2024-04-23,Brigade Road,Road_10,72.3,18.8,0,77.4,204,34.6,79.3,1602,Cloudy,Minor
2024-07-15,Brigade Road,Road_14,57.2,23.6,0,55.6,149,35.8,70.4,885,Cloudy,None
2022-07-21,Koramangala,Road_13,94.0,10.3,1,100.0,213,34.1,64.7,4408,Cloudy,Minor
2023-02-22,Marathahalli,Road_5,67.8,24.1,0,64.8,227,35.0,93.4,1792,Rain,Major
2022-01-19,Whitefield,Road_9,61.9,21.6,0,58.7,69,52.8,91.0,573,Rain,Major
2022-12-31,MG Road,Road_15,65.1,21.7,0,55.8,77,33.6,83.6,2640,Haze,Minor
2023-11-26,Indiranagar,Road_13,63.8,22.7,0,66.7,152,68.5,90.0,2915,Rain,None
2023-02-27,Whitefield,Road_3,88.2,13.6,3,86.9,98,40.2,83.4,2310,Haze,None
2023-03-14,Marathahalli,Road_7,70.2,18.9,1,90.0,91,71.9,81.7,3695,Rain,Major
2023-12-02,Marathahalli,Road_9,79.8,18.6,1,96.1,53,69.7,69.1,4103,Haze,None
2022-11-26,Brigade Road,Road_9,77.3,19.0,0,72.2,125,67.3,67.6,785,Haze,Major
2023-08-03,Marathahalli,Road_5,68.2,18.6,2,80.9,118,65.7,77.3,1139,Cloudy,Minor
2022-11-12,Whitefield,Road_14,89.0,17.7,3,91.2,141,30.1,84.1,3008,Cloudy,None
2022-11-14,Whitefield,Road_2,76.3,20.1,0,82.5,201,53.9,87.2,4306,Clear,Minor
2023-10-16,Marathahalli,Road_5,63.0,24.5,1,53.9,243,43.2,81.3,4057,Rain,Minor
2024-07-30,MG Road,Road_7,78.1,17.7,2,85.7,74,51.6,61.4,3933,Clear,Minor
2022-06-29,Silk Board,Road_8,66.8,24.1,0,71.5,158,59.1,64.4,2942,Rain,Minor
2023-02-14,Silk Board,Road_16,64.2,20.0,0,65.0,187,56.0,90.6,1567,Rain,Major
2024-01-10,MG Road,Road_7,87.2,19.5,2,88.7,215,43.9,63.8,3378,Rain,Minor
2022-01-26,Indiranagar,Road_7,94.1,9.4,4,84.1,150,57.8,67.6,4334,Clear,None
2022-11-09,Indiranagar,Road_12,91.3,11.9,0,87.7,213,54.3,78.9,4003,Cloudy,None
2023-06-30,Silk Board,Road_16,84.3,14.2,1,93.5,215,51.7,68.2,1528,Rain,None
2022-07-14,Koramangala,Road_4,81.2,26.0,2,90.1,169,50.4,73.3,2553,Cloudy,Major
2024-05-26,Koramangala,Road_16,58.6,29.3,0,58.3,217,59.9,68.2,1131,Haze,None
2023-12-09,Brigade Road,Road_1,58.8,17.3,1,77.9,242,51.0,75.3,2471,Clear,None
2022-05-05,Marathahalli,Road_5,60.2,19.6,0,55.8,53,62.7,87.4,4418,Haze,None
2022-05-19,MG Road,Road_11,61.4,16.5,0,68.0,77,61.3,61.3,516,Haze,Minor
2022-10-07,Electronic City,Road_8,91.6,14.7,2,99.0,199,31.9,82.0,657,Haze,Minor
2022-04-20,MG Road,Road_12,76.0,22.1,3,75.5,163,70.4,86.8,1092,Cloudy,None
2022-06-13,Koramangala,Road_12,80.1,13.9,2,83.1,212,53.9,75.6,1707,Rain,Major
2022-06-12,Electronic City,Road_3,77.7,21.7,3,73.1,221,37.8,72.1,2911,Rain,None
2022-06-21,Whitefield,Road_12,54.9,30.1,0,63.3,231,72.9,68.8,1309,Cloudy,None
2023-12-25,Electronic City,Road_3,76.2,15.3,2,68.4,77,51.1,91.3,1692,Rain,None
2022-09-22,Koramangala,Road_7,52.4,29.2,0,54.2,116,41.4,88.2,2330,Rain,Minor
2022-08-08,Silk Board,Road_1,74.3,19.0,1,84.9,109,34.6,64.2,4470,Rain,None
2022-01-17,Silk Board,Road_8,72.1,15.5,1,77.5,238,60.9,70.6,1878,Clear,None
2023-09-10,Silk Board,Road_13,68.0,23.8,1,84.2,243,56.2,77.5,1180,Rain,Minor
2023-01-05,Koramangala,Road_11,79.6,13.5,0,81.2,93,57.7,88.8,4092,Cloudy,Minor
2023-02-16,Brigade Road,Road_8,70.4,20.8,0,70.9,150,31.2,75.3,2715,Clear,Minor
2022-12-23,Electronic City,Road_14,71.9,22.3,2,73.6,163,37.4,81.1,2191,Rain,Minor
2022-12-23,MG Road,Road_6,49.5,26.9,0,50.9,174,59.1,82.0,754,Haze,None
2022-02-14,Brigade Road,Road_4,69.2,22.3,0,81.9,132,65.4,74.4,1984,Rain,None
2024-05-17,Silk Board,Road_3,81.5,21.0,1,86.9,160,54.6,83.7,2085,Rain,None
2022-04-12,Electronic City,Road_16,93.0,10.5,2,78.0,140,41.7,63.3,2401,Cloudy,Major
2024-07-12,Whitefield,Road_16,66.0,19.6,1,69.8,235,70.5,64.8,4596,Clear,None
2024-02-17,Koramangala,Road_3,82.4,20.5,0,93.6,229,65.2,86.3,2390,Cloudy,None
2024-07-27,Electronic City,Road_6,70.1,16.7,1,80.7,93,67.7,77.1,1413,Haze,Minor
2022-03-29,Brigade Road,Road_14,55.0,26.4,0,52.6,89,60.3,76.0,3212,Clear,None
2022-09-08,Electronic City,Road_3,92.6,21.5,3,79.6,237,50.8,91.5,780,Haze,Minor
2023-09-23,Indiranagar,Road_9,50.6,29.6,0,50.0,244,56.3,81.0,2476,Haze,None
2022-09-03,Whitefield,Road_1,54.3,23.4,1,65.8,50,54.3,75.7,896,Clear,None
2024-03-19,Koramangala,Road_12,60.4,19.3,0,61.9,141,67.3,73.0,2032,Clear,Minor
2022-04-06,Marathahalli,Road_16,59.7,28.2,0,51.7,190,36.9,61.2,3791,Rain,Major
2022-10-28,Brigade Road,Road_9,86.2,20.0,3,92.4,178,31.9,61.2,4776,Clear,None
2023-10-26,Marathahalli,Road_8,81.7,12.3,2,89.2,227,40.9,89.1,1886,Haze,Minor
2023-07-23,Brigade Road,Road_2,94.2,13.6,3,99.9,171,53.9,70.7,4161,Cloudy,Minor
2023-09-27,Electronic City,Road_2,63.7,28.1,0,66.6,226,54.5,63.2,3679,Cloudy,Major
2022-06-11,Whitefield,Road_2,79.2,23.2,2,76.7,188,50.5,63.4,3115,Cloudy,Major
2024-03-04,Indiranagar,Road_4,65.8,19.6,1,75.6,82,69.8,77.4,1527,Cloudy,None
2024-07-28,Whitefield,Road_2,89.4,13.1,3,96.3,57,42.9,89.2,923,Haze,Major
2024-03-13,Electronic City,Road_2,60.7,18.0,1,70.9,178,66.7,63.6,1340,Rain,None
2023-03-19,Koramangala,Road_15,77.5,20.1,0,96.4,221,69.8,80.1,4633,Rain,Major
2023-05-30,Whitefield,Road_15,60.3,27.0,1,61.6,71,71.3,63.3,3400,Haze,Minor
2022-09-04,Silk Board,Road_13,86.8,18.4,0,87.7,171,41.4,92.0,4824,Clear,None
2023-01-19,Koramangala,Road_12,69.8,15.3,5,71.8,59,63.8,82.2,4035,Cloudy,Major
2023-07-05,Indiranagar,Road_3,84.7,9.9,0,100.0,170,60.2,80.2,4059,Haze,Minor
2022-08-18,MG Road,Road_13,70.6,23.8,3,68.5,127,52.9,69.4,1546,Rain,None
2022-06-05,Electronic City,Road_14,75.6,22.7,1,78.1,119,57.4,88.6,1488,Rain,Major
2024-01-15,Whitefield,Road_7,49.5,21.6,0,55.3,221,41.8,73.3,4689,Rain,None
2022-09-10,Indiranagar,Road_4,76.8,23.9,3,89.1,111,60.4,78.6,3729,Cloudy,Major
2023-03-08,Koramangala,Road_11,69.1,21.1,2,70.0,183,61.5,91.8,1002,Haze,Major
2023-12-10,Marathahalli,Road_2,73.0,17.8,2,80.3,243,34.6,61.8,4743,Haze,Minor
2022-01-31,Koramangala,Road_6,71.1,24.8,2,77.3,182,47.9,60.3,2756,Cloudy,None
2022-12-07,Silk Board,Road_9,91.5,11.9,1,98.8,202,35.6,63.9,2419,Cloudy,None
2022-04-26,Marathahalli,Road_2,74.8,25.2,1,85.1,184,40.4,74.0,3920,Rain,Major
2024-06-21,Whitefield,Road_16,77.3,12.2,0,91.6,230,64.3,68.2,3676,Cloudy,Minor
2023-03-27,Electronic City,Road_11,73.9,23.8,1,78.9,57,55.6,72.1,2065,Cloudy,None
2023-05-02,Indiranagar,Road_15,64.1,27.4,1,58.6,182,72.6,90.6,3894,Clear,Major
2022-01-16,Whitefield,Road_6,48.3,27.3,0,50.0,214,71.1,84.4,666,Cloudy,None
2024-07-12,Brigade Road,Road_12,70.5,15.3,0,69.4,154,53.7,82.9,2757,Haze,Major
2023-04-26,Koramangala,Road_5,51.1,31.6,0,55.7,113,53.9,89.7,1398,Cloudy,None
2023-07-27,Brigade Road,Road_8,69.7,27.5,0,67.4,217,45.7,70.8,3119,Cloudy,Major
2023-03-12,Marathahalli,Road_6,60.7,34.3,0,73.1,220,47.4,61.5,894,Cloudy,None
2022-11-16,Marathahalli,Road_3,56.5,19.9,2,57.7,71,73.9,90.1,1325,Cloudy,None
2023-05-16,Silk Board,Road_7,82.5,17.1,1,88.7,170,42.4,79.3,2667,Cloudy,None
2022-12-03,Silk Board,Road_6,84.2,12.4,0,76.3,196,52.9,81.2,856,Clear,Minor
2022-06-28,Indiranagar,Road_2,59.1,26.3,0,72.5,217,61.0,78.4,3575,Haze,Major
2023-07-11,MG Road,Road_1,75.8,22.5,2,79.4,165,46.5,84.3,2114,Clear,Major
2022-05-09,MG Road,Road_10,57.6,28.0,1,56.4,203,48.8,68.9,1514,Clear,None
2022-01-16,Marathahalli,Road_1,65.4,21.9,0,72.3,71,64.5,84.3,2900,Rain,Major
2023-12-16,Whitefield,Road_5,67.4,20.3,0,79.1,135,46.7,76.0,3284,Haze,Major
2022-11-23,Silk Board,Road_6,42.6,32.1,0,50.0,187,69.2,75.0,622,Haze,None
2023-07-22,Marathahalli,Road_12,72.6,28.1,3,76.2,156,51.7,79.0,2587,Rain,Major
2022-12-21,Koramangala,Road_4,60.2,15.9,0,86.6,107,40.0,81.6,1998,Haze,Minor
2023-10-27,Marathahalli,Road_10,75.9,17.4,1,81.3,122,70.9,78.6,580,Clear,None
2022-04-12,Whitefield,Road_12,85.7,14.2,2,92.4,227,48.4,68.0,1854,Haze,Major
2023-07-20,MG Road,Road_1,84.7,18.2,1,73.8,146,40.2,79.4,4091,Haze,Minor
2024-04-29,Brigade Road,Road_2,84.0,12.3,0,100.0,203,49.4,90.0,3962,Cloudy,None
2022-04-07,Indiranagar,Road_14,83.4,10.3,2,94.6,175,37.8,94.2,1416,Rain,Minor
2022-06-11,Electronic City,Road_15,73.0,21.4,1,86.7,147,69.6,91.8,4660,Clear,Minor
2023-02-02,Indiranagar,Road_14,39.7,31.2,0,50.0,208,74.7,78.7,2281,Haze,None
2023-09-16,Electronic City,Road_6,72.7,19.6,0,81.3,238,59.6,79.0,2733,Haze,Minor
2023-02-12,Marathahalli,Road_6,57.5,26.1,1,58.2,242,72.3,78.2,4268,Rain,None
2024-05-19,Silk Board,Road_5,49.2,24.0,0,50.3,54,37.4,86.9,682,Cloudy,None
2024-03-05,Koramangala,Road_12,53.9,31.2,1,60.1,240,73.8,66.2,4571,Clear,Major
2022-10-08,Whitefield,Road_7,73.3,12.2,0,74.1,59,47.8,76.3,1058,Haze,None
2023-06-05,Silk Board,Road_16,56.8,29.5,1,62.6,69,51.3,89.9,3528,Rain,None
2022-07-19,Koramangala,Road_7,84.4,13.2,0,99.3,185,66.6,93.1,4951,Cloudy,Minor
2024-04-14,Electronic City,Road_4,71.4,24.8,1,61.6,154,47.5,75.9,1635,Haze,None
2023-03-07,Marathahalli,Road_15,88.0,12.9,1,99.9,61,51.6,77.2,1370,Cloudy,Minor
2024-07-21,Koramangala,Road_1,73.8,17.9,1,69.3,96,51.1,67.7,4085,Clear,Major
2022-03-09,Indiranagar,Road_13,70.9,22.4,1,94.4,216,38.3,90.3,4572,Cloudy,Minor
2024-06-02,Marathahalli,Road_12,65.5,33.7,2,64.7,208,60.1,87.3,1258,Haze,Major
2022-06-25,Electronic City,Road_4,73.0,22.3,0,79.7,69,66.1,73.8,1953,Rain,None
2024-02-07,Koramangala,Road_8,88.1,13.4,1,95.6,120,49.0,70.1,3123,Cloudy,Major
2023-06-13,Silk Board,Road_6,71.1,12.8,1,70.4,203,38.5,77.2,1090,Clear,None
2023-03-15,Brigade Road,Road_16,74.9,22.2,1,72.1,122,62.5,77.3,4378,Cloudy,None
2023-04-16,MG Road,Road_8,56.5,22.0,2,72.8,67,32.6,91.1,3318,Clear,None
2022-02-17,Whitefield,Road_2,50.7,35.0,0,53.9,57,71.5,94.8,1520,Rain,Minor
2022-08-31,MG Road,Road_12,70.5,17.0,0,64.4,60,65.2,73.2,3383,Haze,Minor
2022-05-12,Whitefield,Road_10,57.3,25.0,0,50.0,89,73.2,69.5,2145,Haze,Major
2023-07-19,Marathahalli,Road_4,72.8,14.9,3,75.3,232,69.7,91.6,871,Cloudy,Minor
2023-09-26,MG Road,Road_11,76.7,18.2,1,80.0,219,56.5,73.2,4891,Rain,None
2023-11-22,MG Road,Road_4,61.3,23.5,0,70.3,219,37.3,93.8,2908,Cloudy,Major
2023-01-21,Silk Board,Road_16,66.6,26.5,0,67.5,98,31.8,93.5,3319,Cloudy,Minor
2022-08-02,Brigade Road,Road_6,74.7,20.2,0,76.1,176,60.2,74.6,1076,Clear,Major
2024-03-26,Electronic City,Road_9,70.8,20.3,1,84.2,178,60.0,75.2,3547,Rain,None
2024-01-07,MG Road,Road_9,88.9,15.7,5,96.9,192,48.6,73.9,3416,Cloudy,Minor
2022-11-20,Koramangala,Road_11,76.5,16.2,2,70.8,117,53.7,86.9,3038,Cloudy,None
2023-07-16,Brigade Road,Road_11,81.8,16.6,1,88.9,74,51.6,70.1,1895,Rain,Major
2023-10-08,Whitefield,Road_16,64.4,27.5,0,67.1,242,57.1,92.0,1291,Clear,Major
2023-02-19,Marathahalli,Road_14,67.4,19.5,1,76.8,119,60.5,88.0,1650,Haze,Minor
2023-01-16,Silk Board,Road_16,59.7,14.8,0,55.0,80,54.3,90.4,3963,Rain,Minor
2023-10-20,Indiranagar,Road_6,71.6,21.9,0,68.3,219,38.9,60.3,784,Clear,Major
2022-03-10,Silk Board,Road_13,90.3,8.0,1,97.9,158,64.3,93.0,1806,Haze,Minor
2022-01-19,Whitefield,Road_4,56.6,25.9,0,67.1,202,45.5,77.5,909,Haze,None
2023-02-17,Silk Board,Road_2,72.4,16.1,2,71.6,74,61.2,76.0,975,Cloudy,None
2024-01-03,Indiranagar,Road_15,76.5,14.9,0,76.0,131,45.6,69.6,729,Clear,Major
2023-09-17,Electronic City,Road_3,80.3,17.5,1,70.9,82,59.0,76.4,1299,Haze,Minor
2023-07-07,Whitefield,Road_11,69.4,20.1,2,74.3,141,40.1,84.8,2909,Cloudy,Minor
2023-01-01,MG Road,Road_15,76.1,21.7,0,74.7,170,57.2,76.7,3651,Haze,None
2023-11-09,Whitefield,Road_8,57.1,25.1,0,70.6,141,45.6,70.2,2603,Cloudy,Major
2022-09-15,Electronic City,Road_4,79.7,18.9,2,89.7,141,36.4,60.2,4456,Clear,None
2024-03-23,Brigade Road,Road_16,80.0,17.0,0,88.3,163,58.5,75.6,4751,Haze,Minor
2023-10-03,Whitefield,Road_5,54.1,31.4,0,70.2,67,64.6,76.7,510,Haze,Major
2022-03-16,MG Road,Road_12,74.8,15.9,0,71.9,109,42.0,93.3,815,Cloudy,Major
2022-05-14,MG Road,Road_11,75.2,17.8,0,83.2,53,34.3,94.6,1458,Clear,Major
2022-04-04,Whitefield,Road_16,69.2,14.7,2,62.9,229,32.0,87.6,4990,Rain,None
2022-04-01,Whitefield,Road_10,72.6,19.1,0,97.3,212,71.0,86.1,2509,Rain,Major
2022-03-11,Whitefield,Road_11,84.9,13.8,0,88.3,75,34.0,75.1,1431,Clear,Major
2022-09-14,Marathahalli,Road_3,46.8,27.7,0,50.6,167,60.0,60.5,4158,Cloudy,None
2022-08-02,Koramangala,Road_9,75.6,16.8,0,64.1,101,61.3,92.5,2205,Clear,Minor
2022-07-03,Whitefield,Road_15,89.5,17.1,2,100.0,233,51.7,82.6,1641,Rain,Major
2022-10-06,Indiranagar,Road_5,56.7,27.3,0,74.8,209,52.5,66.1,770,Clear,Major
2022-09-29,Electronic City,Road_14,93.4,8.0,1,94.4,149,36.4,70.7,1490,Rain,Minor
2022-06-06,Brigade Road,Road_13,81.1,25.5,0,85.4,160,31.5,91.1,638,Haze,None
2023-12-01,Koramangala,Road_6,81.4,9.7,2,83.1,122,74.1,93.6,2323,Haze,Minor
2023-06-17,Brigade Road,Road_15,59.9,26.2,0,53.5,199,71.5,72.5,2402,Rain,Minor
2022-03-27,Electronic City,Road_1,78.7,19.9,2,73.2,166,72.9,82.1,1175,Rain,None
2023-09-04,Brigade Road,Road_6,63.7,29.2,0,68.6,184,61.0,81.1,1256,Rain,None
2024-04-21,Electronic City,Road_7,80.0,18.9,1,88.9,215,46.1,64.3,1125,Clear,Minor
2024-08-13,Whitefield,Road_2,76.9,18.3,0,86.7,246,69.3,78.4,1738,Cloudy,Major
2024-01-03,Electronic City,Road_6,56.8,24.5,0,63.5,75,44.1,62.0,884,Rain,None
2024-02-15,Silk Board,Road_13,56.5,21.1,0,72.1,57,48.5,67.6,2117,Clear,None
2024-01-05,Indiranagar,Road_4,39.6,31.5,0,50.0,86,51.3,79.9,4355,Cloudy,None
2023-06-24,Whitefield,Road_8,88.4,14.2,3,88.6,197,34.1,66.1,4275,Haze,Major
2024-08-09,Marathahalli,Road_4,77.7,15.0,0,74.2,247,66.5,74.8,3670,Cloudy,None
2024-04-15,Silk Board,Road_1,57.5,23.2,0,55.8,246,53.5,92.9,2731,Clear,Major
2024-01-19,Silk Board,Road_15,69.9,18.3,0,71.0,184,40.2,85.0,1510,Cloudy,None
2023-11-05,Marathahalli,Road_8,53.8,27.7,0,57.4,50,31.8,68.2,4510,Cloudy,None
2022-01-23,Indiranagar,Road_1,78.7,21.6,3,81.9,183,52.2,93.7,4099,Rain,Minor
2023-11-11,Electronic City,Road_9,64.0,25.5,1,62.2,223,55.4,82.3,1015,Rain,Major
2024-04-08,MG Road,Road_8,49.5,30.5,0,56.9,206,64.4,79.0,3021,Haze,None
2022-07-03,Whitefield,Road_1,84.4,17.9,1,100.0,113,54.0,60.8,3167,Clear,Major
2022-04-05,Koramangala,Road_7,59.7,30.1,0,61.6,210,59.6,92.2,1221,Cloudy,Major
2023-06-02,Indiranagar,Road_14,71.6,10.0,0,71.7,91,57.4,75.6,4205,Haze,Major
2024-02-14,Brigade Road,Road_1,74.9,20.1,3,76.5,127,71.7,90.6,3380,Rain,Minor
2022-05-28,Silk Board,Road_9,78.0,11.8,2,94.5,70,72.2,79.2,2536,Cloudy,None
2023-05-09,Whitefield,Road_13,74.0,20.6,0,78.9,225,69.8,74.6,1020,Haze,Minor
2023-05-31,Brigade Road,Road_9,77.1,19.8,1,79.7,197,43.5,64.5,2786,Haze,Minor
2024-07-08,Electronic City,Road_8,73.9,18.7,1,72.9,148,68.2,74.9,4652,Rain,Minor
2023-11-04,Whitefield,Road_12,66.1,24.4,0,72.6,100,54.2,62.7,3418,Rain,None
2023-03-08,MG Road,Road_6,62.6,20.2,0,74.3,54,59.7,64.4,537,Clear,Major
2022-01-30,Indiranagar,Road_1,68.2,25.0,1,97.7,72,42.8,66.8,3938,Clear,Minor
2024-05-12,Brigade Road,Road_2,70.4,17.0,1,75.8,54,38.4,71.7,4475,Cloudy,Minor
2022-06-29,Indiranagar,Road_5,53.7,21.0,0,57.0,224,45.3,93.5,1836,Haze,Minor
2023-06-15,Whitefield,Road_3,67.4,13.8,1,78.2,199,34.8,65.3,2070,Cloudy,Minor
2023-11-02,Electronic City,Road_5,86.9,8.0,5,84.2,125,35.3,71.7,4275,Rain,Major
2022-05-09,Marathahalli,Road_4,51.1,26.3,0,69.3,92,46.4,87.4,4751,Haze,Minor
2023-04-26,Electronic City,Road_7,83.5,22.1,2,86.2,129,34.9,80.6,1096,Cloudy,None
2024-07-09,Indiranagar,Road_5,50.4,25.6,0,52.0,128,33.2,66.4,4401,Cloudy,None
2024-06-22,Whitefield,Road_7,88.2,13.9,0,100.0,159,48.4,71.7,805,Haze,Minor
2023-10-09,Brigade Road,Road_6,89.2,11.8,4,81.0,65,55.2,90.5,3016,Haze,None
2024-01-14,Electronic City,Road_4,62.3,26.8,3,71.4,144,31.1,70.3,656,Haze,None
2023-07-11,Marathahalli,Road_5,65.7,24.1,0,59.5,227,51.3,83.3,2255,Cloudy,None
2023-12-13,Koramangala,Road_15,60.7,23.7,1,72.5,80,73.7,77.0,4946,Cloudy,None
2024-04-12,Koramangala,Road_11,72.6,21.5,0,89.1,155,59.2,64.1,1009,Rain,None
2023-04-05,Marathahalli,Road_5,57.4,28.7,0,65.0,149,43.1,66.8,3137,Clear,Major
2022-09-07,Whitefield,Road_11,73.8,15.0,2,83.4,116,53.8,87.9,715,Haze,Minor
2022-06-25,Marathahalli,Road_16,57.7,18.0,0,65.4,161,30.3,87.3,2699,Clear,Minor
2024-02-28,Whitefield,Road_16,99.0,8.0,0,100.0,55,38.2,82.9,3973,Cloudy,None
2024-03-27,MG Road,Road_16,74.3,23.1,1,76.9,68,74.8,93.4,1187,Clear,Major
2022-10-07,Brigade Road,Road_1,35.0,35.0,0,50.0,152,58.6,81.7,4426,Rain,Minor
2023-12-28,Electronic City,Road_12,78.5,17.8,1,85.5,70,53.9,79.9,578,Rain,None
2023-01-21,MG Road,Road_2,76.5,20.0,2,74.3,126,67.7,93.5,3884,Haze,None
2023-06-06,Koramangala,Road_5,71.3,19.0,0,84.9,111,34.0,77.0,1405,Haze,None
2022-04-15,Brigade Road,Road_9,64.3,20.2,1,74.8,90,66.8,74.6,2510,Cloudy,Major
2022-07-24,Silk Board,Road_10,65.5,25.2,0,62.2,234,53.0,77.1,1105,Rain,Minor
2023-12-17,Electronic City,Road_6,99.0,18.9,2,100.0,95,42.9,85.7,3978,Cloudy,Major
2022-07-18,Indiranagar,Road_14,82.0,17.0,0,84.3,176,47.2,90.2,4407,Cloudy,Minor
2022-06-20,Koramangala,Road_12,61.4,28.7,2,69.1,154,36.0,74.7,3101,Cloudy,Major
2024-08-01,Electronic City,Road_13,72.4,25.6,0,74.8,187,73.5,94.6,2933,Cloudy,Major
2024-03-18,Brigade Road,Road_4,58.3,24.6,0,59.8,248,51.9,70.4,1365,Cloudy,None
2024-08-01,Marathahalli,Road_14,62.5,21.3,0,64.7,233,60.2,83.7,1630,Rain,Major
2022-07-03,Marathahalli,Road_1,65.0,20.8,1,71.6,185,51.3,82.3,4290,Cloudy,Major
2022-08-15,MG Road,Road_7,62.4,24.1,0,54.3,178,64.7,88.5,555,Clear,Major
2022-10-17,Indiranagar,Road_9,72.6,19.4,1,80.3,98,40.3,67.2,3192,Cloudy,None
2023-01-18,Brigade Road,Road_8,46.8,27.3,0,50.0,148,65.6,65.2,903,Haze,Major
2022-02-16,Whitefield,Road_16,84.4,16.9,0,79.4,106,64.3,91.2,2578,Rain,Minor
2023-08-11,Silk Board,Road_12,85.2,11.7,4,92.2,206,35.5,73.2,2366,Cloudy,Major
2024-06-06,Indiranagar,Road_11,80.8,14.0,0,78.7,117,46.5,75.0,1923,Rain,None
2022-09-26,Koramangala,Road_12,59.7,22.7,0,57.7,78,43.6,63.5,1399,Rain,None
2023-06-01,Electronic City,Road_14,68.1,20.0,1,87.8,234,60.9,88.0,1872,Rain,Minor
2022-08-30,Whitefield,Road_9,72.2,21.0,1,90.2,121,35.0,77.3,2091,Cloudy,Minor
2023-06-07,Indiranagar,Road_7,75.2,18.7,2,91.2,202,31.0,83.5,3723,Cloudy,Minor
2024-01-08,Koramangala,Road_14,60.0,29.8,0,58.8,247,66.8,85.5,4641,Haze,Minor
2023-05-12,Indiranagar,Road_5,59.5,20.3,1,58.5,82,36.7,81.8,3835,Haze,Major
2022-08-16,MG Road,Road_13,78.8,14.8,2,79.2,104,61.4,73.7,3548,Rain,None
2023-09-10,MG Road,Road_5,76.1,12.6,0,100.0,114,40.4,66.0,3127,Cloudy,None
2024-04-15,Silk Board,Road_15,73.7,20.4,0,73.2,122,40.2,86.5,3725,Haze,Major
2024-02-06,Silk Board,Road_12,92.0,14.4,2,88.8,183,69.2,71.7,1311,Rain,None
2023-05-13,Indiranagar,Road_7,51.7,27.3,0,50.0,151,71.3,92.6,3612,Haze,None
2022-04-22,Koramangala,Road_14,67.6,22.4,1,83.3,199,33.4,78.3,4195,Rain,Minor
2024-02-28,Brigade Road,Road_8,87.9,17.6,1,90.5,174,56.2,63.6,1827,Cloudy,None
2022-12-07,MG Road,Road_7,57.5,27.8,1,60.4,153,40.7,83.3,906,Rain,Major
2023-08-08,Indiranagar,Road_14,67.3,21.0,1,65.5,225,74.4,60.7,2538,Clear,Major
2023-11-04,Silk Board,Road_4,83.3,8.8,1,85.5,87,50.3,67.3,1206,Clear,Major
2023-07-30,Silk Board,Road_1,70.3,24.3,1,71.4,145,35.1,87.0,4371,Cloudy,Minor
2022-11-15,Koramangala,Road_13,90.6,12.9,0,93.7,150,31.4,93.6,2876,Haze,Minor
2022-07-02,Indiranagar,Road_7,84.2,12.1,0,86.5,245,32.2,78.7,2813,Cloudy,Major
2023-04-12,Electronic City,Road_16,62.5,28.4,1,66.4,158,49.2,75.8,3741,Cloudy,None
2022-08-30,Electronic City,Road_6,60.9,19.2,0,60.8,239,37.7,77.1,1886,Cloudy,None
2023-04-17,Koramangala,Road_5,49.8,17.3,0,70.2,94,49.9,61.6,1762,Haze,None
2024-08-09,Brigade Road,Road_3,64.9,16.7,0,61.3,59,32.1,80.8,4275,Clear,Major
2022-08-11,Electronic City,Road_5,98.7,9.0,2,100.0,100,67.5,93.0,1849,Rain,None
2024-03-02,Silk Board,Road_13,67.8,28.1,1,71.6,96,45.2,62.8,3013,Haze,Major
2024-04-24,Silk Board,Road_13,52.9,26.9,0,54.9,55,67.3,90.1,3198,Clear,Minor
2022-01-30,Electronic City,Road_10,84.2,13.0,2,92.9,202,73.5,64.8,2736,Clear,Minor
2023-11-08,MG Road,Road_8,80.0,14.6,0,93.1,238,57.3,69.8,2942,Rain,Minor
2024-02-15,Silk Board,Road_5,73.9,17.1,2,71.4,161,39.4,77.4,923,Clear,None
2022-06-17,Marathahalli,Road_10,55.5,23.8,0,58.6,110,55.5,93.2,830,Clear,Major
2023-03-20,Marathahalli,Road_9,47.6,23.6,0,50.0,145,62.3,83.6,3563,Haze,Minor
2022-04-03,Electronic City,Road_3,60.3,24.7,0,73.3,208,36.0,64.9,1255,Haze,None
2023-02-02,Electronic City,Road_9,61.0,24.8,0,84.6,87,38.9,88.7,893,Haze,Minor
2024-02-18,Whitefield,Road_10,88.5,14.0,1,98.1,123,39.5,80.0,1159,Clear,None
2023-07-22,Koramangala,Road_5,64.4,21.7,0,70.6,220,44.9,75.7,681,Haze,Major
2022-08-05,Whitefield,Road_13,43.9,30.8,0,50.0,133,57.9,74.1,1617,Haze,Major
2023-01-09,MG Road,Road_3,68.6,22.9,0,67.0,79,66.2,86.2,2564,Clear,Minor
2024-05-09,Whitefield,Road_12,50.3,25.4,0,50.0,111,63.8,92.3,4706,Cloudy,Minor
2023-08-22,Indiranagar,Road_8,72.8,24.0,1,78.7,209,71.8,70.4,3733,Rain,Major
2023-08-11,Whitefield,Road_12,64.4,22.5,0,72.9,97,46.2,79.5,4348,Rain,Major
2022-04-22,Whitefield,Road_9,65.5,22.7,1,63.6,69,60.2,70.2,2890,Cloudy,Major
2024-01-24,Marathahalli,Road_1,80.8,13.4,0,80.4,117,60.9,79.3,3675,Haze,Major
2023-09-26,MG Road,Road_11,54.9,25.5,0,71.5,149,53.6,89.5,3841,Rain,Minor
2023-07-11,Koramangala,Road_3,71.1,24.8,0,68.5,181,36.3,79.7,2118,Clear,None
2022-06-12,Brigade Road,Road_7,76.0,15.1,2,67.7,233,34.2,91.9,2299,Haze,Minor
2022-05-21,MG Road,Road_9,64.5,18.5,0,59.4,140,42.4,77.5,1334,Haze,None
2022-04-23,Brigade Road,Road_6,69.7,20.4,1,85.7,198,53.1,68.4,4169,Clear,Major
2022-05-27,Whitefield,Road_14,58.6,21.9,0,76.1,125,51.4,93.2,4981,Haze,Minor
2024-05-13,Electronic City,Road_2,70.7,26.5,0,97.2,201,65.1,80.0,3628,Rain,Minor
2023-07-18,Indiranagar,Road_5,54.8,31.0,0,50.0,230,60.3,64.9,907,Rain,None
2022-06-16,Marathahalli,Road_14,59.4,23.4,2,64.7,148,33.6,70.2,800,Haze,None
2024-03-08,Brigade Road,Road_8,73.2,29.5,0,75.6,166,55.7,82.8,3795,Clear,Major
2022-11-27,Electronic City,Road_13,73.8,14.0,0,98.3,188,42.2,86.0,3826,Cloudy,Minor
2023-08-24,Electronic City,Road_16,39.6,31.4,0,50.0,122,69.7,85.7,4823,Rain,Major
2024-02-27,Indiranagar,Road_1,92.2,15.1,0,98.2,108,40.2,93.9,2174,Cloudy,Major
2022-09-05,Indiranagar,Road_3,59.5,24.2,0,67.8,141,54.3,81.8,4392,Clear,Major
2023-06-19,MG Road,Road_12,59.6,19.6,1,75.9,241,49.6,62.7,3996,Cloudy,Major
2023-11-30,MG Road,Road_7,79.0,22.2,0,90.6,176,41.5,75.8,4520,Cloudy,None
2022-09-20,MG Road,Road_8,65.7,28.2,3,70.6,67,65.7,90.8,4505,Clear,Major
2024-01-04,Silk Board,Road_14,49.5,28.9,0,50.0,62,66.2,68.0,3767,Cloudy,Major
2024-01-09,Marathahalli,Road_13,85.2,18.0,4,84.1,210,62.0,71.5,2234,Clear,None
2022-10-01,Brigade Road,Road_8,77.0,20.1,2,89.9,168,60.5,91.3,3116,Rain,Major
2023-10-17,Koramangala,Road_7,77.5,18.0,1,99.2,206,42.7,61.6,1765,Clear,None
2022-08-11,Silk Board,Road_10,59.5,28.9,0,56.1,57,50.6,86.4,1776,Clear,None
2022-03-12,Indiranagar,Road_7,66.6,15.6,0,65.9,242,69.9,70.7,1047,Clear,Major
2022-02-21,Silk Board,Road_15,52.7,26.5,1,50.0,237,56.0,65.8,1758,Cloudy,Major
2022-06-21,Koramangala,Road_3,70.0,23.3,1,77.9,125,43.5,80.7,2667,Cloudy,Minor
2022-05-09,Marathahalli,Road_7,64.1,22.1,1,72.0,221,31.3,77.6,2468,Cloudy,None
2023-05-11,Brigade Road,Road_7,86.8,12.0,2,85.6,184,52.0,89.7,4823,Haze,Major
2022-11-30,Brigade Road,Road_13,87.8,12.3,1,89.4,129,55.9,87.3,4182,Cloudy,Major
2022-12-17,Marathahalli,Road_15,51.4,25.8,0,70.5,190,65.8,89.0,1841,Rain,None
2022-06-07,Silk Board,Road_11,79.5,16.5,0,90.5,99,43.2,67.2,933,Cloudy,Minor
2023-02-20,MG Road,Road_9,68.9,21.3,2,65.8,204,59.3,73.2,1505,Rain,None
2024-04-26,Koramangala,Road_15,84.4,8.6,0,81.4,130,62.4,87.2,1782,Clear,Minor
2023-03-31,Koramangala,Road_11,71.5,20.2,2,87.5,147,45.1,69.7,1352,Cloudy,Minor
2023-05-11,Electronic City,Road_5,75.8,21.4,0,79.7,53,58.9,91.7,4443,Clear,Minor
2023-12-01,Indiranagar,Road_13,64.8,27.0,0,74.3,108,74.7,74.4,792,Haze,Major
2024-06-08,Indiranagar,Road_1,49.5,26.6,0,52.7,87,53.9,86.2,2267,Cloudy,Major
2022-11-30,Silk Board,Road_3,82.8,18.6,2,86.0,183,57.1,70.4,1922,Cloudy,None
2022-04-11,Brigade Road,Road_2,54.5,26.7,0,65.8,225,74.9,81.3,2202,Haze,Minor
2024-01-12,Whitefield,Road_6,74.1,13.7,0,77.7,225,63.9,79.0,2612,Haze,None
2022-06-12,Whitefield,Road_7,73.1,12.2,0,68.9,125,49.9,83.0,2458,Rain,None
2024-01-17,Electronic City,Road_8,64.0,24.8,0,72.1,186,71.2,70.2,3750,Cloudy,Minor
2024-01-18,Whitefield,Road_14,59.9,18.5,0,58.1,118,41.4,82.0,2552,Haze,None
2023-02-14,Whitefield,Road_14,80.5,17.0,1,82.6,76,58.0,67.3,1864,Cloudy,None
2022-10-27,Koramangala,Road_2,67.0,13.3,1,66.9,222,46.5,69.5,1586,Haze,Major
2022-11-07,Indiranagar,Road_15,73.8,18.4,1,64.0,180,32.7,71.7,960,Clear,Minor
2023-02-20,Koramangala,Road_14,76.2,25.9,1,71.2,52,39.3,86.9,4032,Haze,Minor
2023-08-28,Whitefield,Road_2,67.3,19.1,2,61.9,124,37.2,82.6,784,Clear,Minor
2022-08-18,Indiranagar,Road_8,66.5,27.9,0,79.7,198,48.7,67.4,1596,Cloudy,Minor
2022-02-15,Indiranagar,Road_16,65.5,28.2,0,65.2,218,69.1,74.8,626,Rain,Major
2023-07-07,Brigade Road,Road_15,61.1,20.8,0,75.8,167,51.7,88.7,1524,Clear,Major
2022-10-16,Silk Board,Road_3,68.2,21.3,1,80.6,236,71.6,60.3,2672,Haze,Major
2024-08-15,MG Road,Road_9,92.5,12.2,1,100.0,63,60.4,70.5,4539,Cloudy,Minor
2023-03-12,MG Road,Road_16,79.4,18.2,2,76.7,219,37.4,63.0,2946,Cloudy,Minor
2023-10-07,Electronic City,Road_10,61.0,24.7,0,71.2,210,37.5,88.0,3280,Cloudy,None
2023-04-27,Koramangala,Road_2,73.7,13.6,2,93.9,231,64.8,77.6,1694,Rain,Minor
2024-01-10,Koramangala,Road_1,90.5,12.7,3,100.0,67,54.8,94.5,787,Rain,Minor
2022-02-15,Marathahalli,Road_9,71.7,18.2,4,91.2,66,66.4,75.2,2112,Cloudy,Minor
2023-03-05,Brigade Road,Road_16,68.2,22.0,0,56.0,106,42.1,89.3,1930,Cloudy,Minor
2024-08-01,Marathahalli,Road_9,91.2,12.0,2,89.3,125,48.8,66.4,3818,Rain,None
2023-09-05,Marathahalli,Road_4,83.1,18.2,2,67.5,245,32.5,66.2,571,Haze,Major
2023-03-27,Marathahalli,Road_1,68.6,18.4,0,91.2,195,59.2,82.3,3072,Clear,None
2022-07-04,Silk Board,Road_16,81.1,20.7,2,79.5,58,34.0,61.1,2314,Clear,None
2022-10-05,Electronic City,Road_10,50.2,31.6,0,58.3,114,40.2,84.9,1470,Haze,Major
2022-01-08,Electronic City,Road_9,78.1,14.3,0,81.8,125,39.6,83.5,4183,Rain,Minor
2022-03-29,MG Road,Road_13,88.6,9.6,1,100.0,68,65.9,90.2,4796,Clear,Major
2023-03-10,Electronic City,Road_2,86.7,17.1,0,95.9,86,43.9,92.3,4080,Clear,None
2024-08-02,Marathahalli,Road_10,63.4,31.3,0,52.3,133,66.0,80.4,3771,Clear,None
2024-06-24,Whitefield,Road_2,62.4,19.8,1,66.7,181,57.3,65.4,2580,Haze,None
2023-09-15,Marathahalli,Road_8,67.5,25.0,1,70.3,84,49.2,91.4,1029,Clear,Minor
2022-11-14,Marathahalli,Road_1,84.4,12.7,0,94.3,123,41.1,67.1,1198,Cloudy,Major
2022-01-02,Silk Board,Road_12,80.9,26.4,4,80.1,140,61.5,94.8,2519,Clear,None
2024-05-08,MG Road,Road_15,60.2,27.7,0,68.0,65,49.6,86.9,1647,Haze,None
2023-01-04,Marathahalli,Road_14,70.2,21.5,1,82.9,123,59.8,82.3,4914,Haze,Major
2023-02-10,Electronic City,Road_16,71.7,20.6,0,78.0,174,58.1,72.9,4041,Clear,None
2023-04-03,Marathahalli,Road_5,85.5,15.8,2,80.6,203,54.4,92.3,538,Rain,Major
2023-12-14,Brigade Road,Road_5,58.9,16.1,0,63.8,120,56.2,70.1,4009,Rain,Major
2022-04-02,Silk Board,Road_11,60.5,20.0,2,50.0,95,54.5,76.2,4264,Cloudy,Major
2024-04-02,MG Road,Road_12,73.7,20.8,0,83.1,151,54.6,82.2,1251,Clear,None
2023-08-09,Marathahalli,Road_11,50.1,17.0,0,57.8,134,52.0,92.5,780,Cloudy,Minor
2022-04-05,Marathahalli,Road_10,97.9,15.6,2,99.0,103,73.1,89.8,2324,Clear,Minor
2022-03-13,Silk Board,Road_10,64.1,21.6,0,54.3,163,37.3,60.2,3859,Rain,Minor
2022-06-10,Koramangala,Road_7,85.6,19.5,1,84.2,137,49.6,60.5,2291,Rain,Major
2022-06-29,Silk Board,Road_5,68.2,14.9,1,81.9,220,72.8,80.3,625,Clear,Major
2022-07-05,Silk Board,Road_14,73.4,14.7,0,74.7,59,71.4,72.2,3535,Clear,Minor
2022-12-18,Silk Board,Road_7,83.7,11.2,2,91.2,179,48.6,77.6,2664,Haze,Minor
2024-08-13,Indiranagar,Road_9,81.8,8.8,3,75.2,164,54.0,70.2,4601,Rain,Minor
2024-04-11,Marathahalli,Road_11,64.5,18.0,0,82.5,243,74.3,66.8,2774,Haze,None
2023-10-31,Indiranagar,Road_5,78.8,21.0,3,81.0,172,74.3,79.5,1014,Clear,Minor
2023-06-14,Brigade Road,Road_6,60.3,24.6,2,62.6,204,68.5,79.4,4186,Haze,Major
2023-07-01,Marathahalli,Road_16,71.0,18.6,1,76.5,164,70.1,79.6,4135,Clear,None
2023-05-01,Brigade Road,Road_2,61.4,23.0,1,64.3,241,48.9,84.0,686,Haze,None
2022-08-13,Silk Board,Road_16,71.8,17.5,0,80.1,55,51.6,90.2,3830,Rain,Major
2022-07-15,Koramangala,Road_13,53.5,29.6,0,57.7,200,73.2,62.7,850,Cloudy,Major
2023-07-20,Whitefield,Road_5,69.8,15.8,0,76.1,160,73.8,75.8,2140,Cloudy,None
2024-06-20,Marathahalli,Road_6,63.6,25.8,2,72.7,228,50.9,75.0,914,Rain,Major
2024-05-26,Brigade Road,Road_3,59.3,24.7,1,56.9,141,60.8,82.3,2588,Clear,Major
2023-05-02,Brigade Road,Road_9,60.5,21.5,0,67.6,85,69.6,91.4,1966,Rain,Major
2022-11-02,Indiranagar,Road_3,93.5,9.4,1,89.0,144,33.4,66.1,4388,Rain,None
2023-05-24,Marathahalli,Road_1,79.7,17.8,2,71.5,73,45.9,81.0,1343,Rain,Minor
2024-07-31,MG Road,Road_9,48.9,24.9,1,50.0,58,64.1,66.6,3655,Cloudy,None
2023-09-21,Brigade Road,Road_6,59.6,25.2,0,54.3,184,43.8,76.8,3856,Cloudy,None
2022-08-10,Koramangala,Road_4,87.4,18.1,2,99.1,111,35.5,80.8,2367,Cloudy,Minor
2023-09-16,Koramangala,Road_3,36.4,31.3,0,50.0,184,35.1,79.0,4488,Clear,Major
2023-12-26,Indiranagar,Road_16,69.3,12.9,0,74.8,199,45.0,91.8,1918,Clear,Major
2024-03-15,Marathahalli,Road_2,75.3,22.6,1,74.6,166,50.0,61.9,2370,Cloudy,Minor
2024-02-23,MG Road,Road_2,65.1,18.3,0,76.4,193,50.2,85.8,3660,Clear,Major
2022-10-24,Koramangala,Road_10,91.8,10.5,1,93.9,54,37.3,72.5,2421,Clear,Minor
2022-04-18,Marathahalli,Road_7,61.8,22.0,0,56.3,231,39.8,63.3,3227,Cloudy,None
2023-03-24,Whitefield,Road_5,47.1,28.8,0,50.0,56,57.5,89.6,2142,Rain,None
2023-02-21,Indiranagar,Road_3,63.2,20.4,0,71.9,164,72.9,67.6,1659,Clear,Major
2024-07-29,Brigade Road,Road_1,82.4,17.5,2,73.9,247,64.6,72.0,3807,Rain,Major
2024-03-10,Whitefield,Road_9,62.3,22.5,0,72.7,241,35.1,83.5,1663,Rain,Major
2023-02-21,Silk Board,Road_9,84.7,12.7,1,100.0,244,63.0,67.0,3083,Cloudy,None
2022-03-19,Brigade Road,Road_8,69.8,21.7,1,64.0,217,37.9,88.0,1996,Rain,Minor
2024-06-08,Marathahalli,Road_13,87.8,19.5,2,93.6,130,42.9,83.8,4304,Haze,Major
2024-04-27,Marathahalli,Road_3,89.9,12.6,2,100.0,130,57.9,60.7,1544,Rain,Minor
2022-12-05,Marathahalli,Road_15,53.9,31.6,0,50.0,55,64.6,65.0,3168,Haze,None
2023-06-23,Electronic City,Road_13,84.5,13.9,1,79.2,104,46.1,93.8,2970,Rain,Minor
2022-12-18,Electronic City,Road_1,58.0,26.7,1,57.7,207,69.9,62.8,3083,Rain,Major
2023-04-23,Electronic City,Road_13,55.7,21.9,0,68.5,141,38.4,93.7,832,Clear,Minor
2022-01-30,Silk Board,Road_11,46.7,31.8,0,50.8,56,62.1,89.4,4640,Rain,None
2024-03-20,Electronic City,Road_10,82.4,16.8,3,96.0,149,46.5,87.1,2256,Clear,Major
2023-09-04,Electronic City,Road_2,47.4,27.1,0,53.8,171,63.7,68.5,4394,Clear,Major
2023-05-22,Indiranagar,Road_9,86.3,13.6,0,94.7,91,35.7,76.0,2265,Cloudy,Major
2022-03-17,MG Road,Road_12,39.3,34.2,0,51.6,92,73.5,92.7,1318,Rain,Minor
2023-12-05,Brigade Road,Road_6,72.0,17.3,0,85.4,134,65.2,65.1,4288,Clear,Minor
2024-07-16,Brigade Road,Road_13,76.8,26.5,0,72.6,116,36.9,85.9,4402,Haze,None
2023-03-22,Electronic City,Road_8,60.8,14.2,1,75.9,116,60.2,60.1,4110,Cloudy,Minor
2024-01-23,Koramangala,Road_14,99.0,16.5,1,100.0,212,36.2,77.9,3705,Cloudy,Major
2022-06-04,Silk Board,Road_4,82.5,18.7,4,100.0,130,63.4,75.6,3813,Cloudy,Major
2022-07-20,Whitefield,Road_12,70.6,19.6,1,88.2,206,56.5,87.8,2660,Rain,None
2022-07-24,Silk Board,Road_10,78.8,24.6,2,81.7,166,39.0,86.0,4812,Clear,None
2024-02-20,Silk Board,Road_4,75.5,23.9,0,76.9,160,42.6,76.0,1634,Cloudy,Major
2022-06-15,Silk Board,Road_2,92.1,8.7,4,96.7,118,73.6,88.3,4523,Cloudy,None
2022-07-22,Electronic City,Road_6,61.8,18.1,1,53.1,178,74.5,87.3,3773,Cloudy,Major
2022-03-08,MG Road,Road_2,87.9,18.8,1,100.0,235,46.2,74.4,2373,Haze,Major
2022-09-26,Whitefield,Road_4,61.8,22.6,0,59.4,98,55.6,60.3,2114,Rain,Major
2024-01-30,Brigade Road,Road_7,76.3,21.9,1,75.6,102,74.8,94.1,1475,Clear,Major
2023-07-29,Marathahalli,Road_13,65.0,23.6,0,79.1,73,59.4,94.4,3788,Cloudy,Minor
2022-01-09,Marathahalli,Road_15,65.7,17.0,2,67.9,243,50.0,63.6,998,Haze,None
2023-06-12,Whitefield,Road_9,88.3,12.5,0,94.7,121,40.5,71.2,1121,Clear,Major
2023-01-06,Electronic City,Road_3,73.1,15.9,0,76.3,93,55.0,82.2,973,Rain,None
2024-04-05,Marathahalli,Road_9,80.3,13.3,1,73.6,115,60.2,87.5,3603,Cloudy,None
2022-08-16,Silk Board,Road_3,97.7,13.6,1,100.0,164,44.2,83.8,4625,Cloudy,None
2022-12-23,Koramangala,Road_6,84.0,15.3,2,77.8,138,73.2,71.3,3348,Haze,Minor
2024-01-11,Whitefield,Road_1,69.9,26.1,1,63.3,175,57.0,89.5,3863,Cloudy,Major
2023-04-18,MG Road,Road_9,60.2,24.8,0,62.2,83,54.6,88.1,1813,Clear,None
2022-05-17,Koramangala,Road_2,81.5,15.3,2,98.9,197,56.3,73.2,4638,Clear,None
2023-09-03,Marathahalli,Road_16,64.1,25.9,2,58.6,81,54.9,64.6,4870,Haze,Major
2023-09-17,Electronic City,Road_6,73.9,17.9,1,75.9,100,33.3,69.7,3555,Rain,Major
2022-07-25,MG Road,Road_1,65.3,27.6,0,61.9,248,73.1,70.3,3368,Cloudy,Minor
2023-07-11,Whitefield,Road_3,79.2,16.7,1,88.9,232,47.2,65.1,4956,Clear,Major
2022-07-18,Whitefield,Road_4,75.7,19.8,1,80.7,184,54.4,77.7,2784,Haze,Minor
2022-01-03,Silk Board,Road_6,89.2,14.3,2,95.4,122,65.1,71.4,4297,Rain,Minor
2022-03-11,Whitefield,Road_8,60.7,24.5,0,50.1,86,31.8,73.7,4303,Haze,None
2022-06-30,Brigade Road,Road_8,80.3,21.4,1,82.1,80,58.2,82.3,4706,Clear,None
2023-03-17,Marathahalli,Road_6,85.1,18.0,2,96.0,153,64.5,86.3,4473,Rain,Major
2023-08-28,Whitefield,Road_4,73.8,17.8,1,70.3,222,42.8,63.4,4543,Rain,None
2023-01-21,Silk Board,Road_11,54.1,28.4,0,63.0,238,66.4,62.9,702,Haze,None
2022-09-01,Whitefield,Road_9,92.1,17.4,2,98.4,157,49.4,72.4,3493,Haze,Major
2023-10-11,Brigade Road,Road_9,51.9,25.2,0,72.3,68,70.1,81.3,2092,Rain,Minor
2023-12-30,Brigade Road,Road_8,63.2,20.3,0,66.2,164,38.1,66.9,2822,Rain,None
2022-11-15,Indiranagar,Road_12,81.0,18.7,1,79.9,140,30.2,83.6,1951,Clear,Major
2022-11-23,Indiranagar,Road_16,58.6,26.9,1,58.8,142,45.0,75.5,3292,Clear,None
2024-03-01,Electronic City,Road_13,62.7,20.2,1,68.5,193,69.0,79.7,725,Haze,None
2022-04-17,Koramangala,Road_8,74.1,14.4,2,86.2,107,32.5,61.7,1793,Haze,None
2023-12-03,Koramangala,Road_1,70.1,17.9,1,75.8,53,32.3,60.8,2728,Clear,Major
2023-05-17,Brigade Road,Road_8,43.7,29.9,0,50.0,149,35.7,92.5,3160,Haze,Major
2023-06-17,Indiranagar,Road_3,44.1,30.7,0,50.0,152,63.0,65.9,3986,Haze,Minor
2024-06-22,Koramangala,Road_4,86.3,15.3,1,84.1,172,37.7,60.7,1960,Cloudy,Minor
2023-05-25,Koramangala,Road_8,79.1,21.6,0,82.2,172,58.2,65.8,3784,Cloudy,None
2022-09-18,Electronic City,Road_2,78.0,14.7,2,100.0,219,71.5,66.0,4862,Haze,None
2022-05-22,Whitefield,Road_7,90.1,11.0,2,82.6,105,60.0,68.8,661,Rain,Minor
2023-03-14,Silk Board,Road_9,68.1,16.9,1,86.1,207,53.2,66.6,1570,Cloudy,None
2022-11-28,Indiranagar,Road_5,63.8,15.9,0,55.0,126,49.5,80.0,2719,Cloudy,None
2023-10-11,Silk Board,Road_11,67.7,16.5,0,77.3,158,40.2,61.7,3990,Clear,Minor
2023-11-15,Electronic City,Road_16,88.6,11.7,5,100.0,150,74.5,85.8,2982,Clear,Minor
2024-02-21,Brigade Road,Road_11,78.8,8.4,1,78.5,241,45.9,77.7,3514,Clear,Major
2022-10-04,Koramangala,Road_12,74.0,8.0,0,81.7,211,50.5,92.5,2203,Haze,None
2022-11-15,Indiranagar,Road_12,71.5,22.0,0,65.6,151,61.7,75.9,953,Clear,Major
2023-02-08,Koramangala,Road_7,56.2,24.3,0,64.5,110,35.0,64.9,2168,Cloudy,Major
2024-04-23,Marathahalli,Road_8,42.2,29.3,0,50.0,179,68.8,93.8,4803,Clear,None
2022-09-11,Brigade Road,Road_13,63.4,31.0,1,68.9,61,41.9,87.2,4410,Clear,Minor
2022-06-12,Silk Board,Road_3,60.9,22.0,0,58.3,111,67.2,61.9,3233,Haze,Minor
2022-12-16,Silk Board,Road_3,99.0,8.0,0,92.5,68,67.9,87.3,2089,Cloudy,Major
2022-01-21,Marathahalli,Road_1,48.6,29.3,0,50.0,216,62.5,94.7,2240,Rain,Major
2023-12-17,Whitefield,Road_4,53.7,31.4,1,63.6,161,59.0,72.4,732,Rain,Major
2023-07-26,Electronic City,Road_11,64.7,18.3,0,59.2,107,38.8,77.4,3455,Clear,Major
2024-01-29,Silk Board,Road_5,55.8,28.1,0,73.7,206,43.0,80.8,3863,Clear,Major
2022-08-27,Electronic City,Road_11,61.7,25.4,1,65.6,127,64.0,66.0,1746,Cloudy,None
2022-03-28,Marathahalli,Road_9,79.7,17.6,3,88.3,133,66.0,87.5,2917,Haze,Major
2023-04-17,Indiranagar,Road_10,73.2,14.2,2,82.3,122,74.3,85.1,1517,Haze,Minor
2023-09-05,Silk Board,Road_2,70.8,11.6,1,85.4,154,60.6,65.7,1740,Rain,Major
2024-02-28,MG Road,Road_3,55.5,30.9,0,50.0,217,65.6,92.2,1839,Cloudy,Minor
2022-12-01,Koramangala,Road_9,67.8,15.1,1,71.1,56,50.8,63.8,3615,Clear,Minor
2023-11-20,MG Road,Road_7,70.9,21.8,1,92.7,75,62.1,93.4,1261,Clear,Major
2023-07-28,Whitefield,Road_13,64.9,22.4,1,66.0,74,60.3,90.7,599,Cloudy,None
2024-05-09,Electronic City,Road_10,83.9,10.9,2,88.0,198,57.2,76.4,1879,Haze,Major
2022-08-16,Marathahalli,Road_15,60.7,28.6,1,67.7,163,56.0,64.4,686,Clear,Major
2023-02-17,Brigade Road,Road_15,57.9,28.0,0,68.6,234,59.7,77.8,4585,Clear,None
2023-09-08,Koramangala,Road_8,62.1,17.0,0,65.2,151,44.9,75.7,4755,Rain,Major
2023-05-06,Whitefield,Road_2,65.1,23.8,0,72.1,107,58.6,68.6,4666,Haze,None
2023-02-03,Whitefield,Road_8,80.6,9.9,2,84.6,245,39.7,93.0,3182,Haze,Major
2023-04-12,Koramangala,Road_4,80.6,16.4,1,84.3,68,48.1,61.0,1013,Rain,Minor
2024-03-29,MG Road,Road_8,81.7,20.8,1,100.0,196,62.2,74.3,4271,Haze,Minor
2023-01-13,Indiranagar,Road_3,89.9,11.7,1,100.0,200,44.3,80.8,4434,Clear,Minor
2022-03-25,Whitefield,Road_12,79.5,20.1,0,76.2,171,69.7,87.7,3644,Rain,Minor
2023-12-28,Indiranagar,Road_8,69.9,26.2,1,76.1,53,64.8,77.7,1909,Clear,None
2023-01-15,MG Road,Road_3,75.7,19.9,0,76.7,129,57.7,93.7,3745,Haze,None
2022-11-20,MG Road,Road_5,79.0,18.0,0,87.8,177,62.5,84.8,2287,Clear,Major
2024-01-07,MG Road,Road_10,54.4,30.7,0,57.7,124,67.4,83.0,1284,Cloudy,None
2023-10-27,Silk Board,Road_14,71.7,20.8,1,97.4,215,72.1,87.1,3820,Clear,None
2022-03-02,MG Road,Road_2,82.3,21.7,0,100.0,129,73.5,93.5,855,Haze,None
2023-10-30,Brigade Road,Road_16,43.1,26.3,0,50.0,241,51.7,78.0,1648,Haze,None
2023-05-06,Silk Board,Road_3,69.8,16.8,0,87.4,122,65.4,70.4,1912,Cloudy,Minor
2022-06-30,Brigade Road,Road_7,85.3,15.7,4,93.5,129,36.4,94.9,3698,Cloudy,None
2024-07-13,Brigade Road,Road_3,63.9,25.8,0,67.5,115,49.2,92.0,2436,Rain,Major
2023-03-02,MG Road,Road_12,71.8,18.8,1,83.9,197,36.8,80.7,1338,Rain,Major
2022-10-18,Brigade Road,Road_1,65.5,26.3,1,61.3,143,44.6,81.0,1851,Haze,Major
2024-03-03,Silk Board,Road_16,75.5,20.1,3,83.2,100,60.2,60.7,2776,Haze,None
2022-03-14,Whitefield,Road_9,85.0,18.8,2,88.9,51,33.5,94.1,2682,Clear,Major
2023-03-12,Whitefield,Road_6,99.0,11.4,1,100.0,150,50.2,62.4,1022,Cloudy,Major
2022-06-12,Koramangala,Road_5,86.6,18.3,4,80.3,177,31.3,94.0,4385,Rain,Major
2024-06-07,MG Road,Road_12,87.3,11.8,3,98.1,170,73.7,86.0,2073,Cloudy,Major
2023-10-27,Indiranagar,Road_12,68.1,27.9,1,55.3,158,70.7,92.8,2979,Rain,Minor
2023-01-31,Electronic City,Road_6,76.6,20.6,0,78.7,206,32.2,79.1,3122,Haze,Major
2024-02-11,Whitefield,Road_3,71.4,20.9,0,76.8,214,67.4,70.0,3319,Clear,None
2023-04-01,Silk Board,Road_9,48.4,27.5,0,50.0,56,38.8,76.1,569,Cloudy,Major
2023-06-08,Marathahalli,Road_13,61.0,22.5,0,61.0,166,34.3,72.4,2352,Rain,Minor
2023-01-17,Whitefield,Road_12,71.5,20.5,0,80.5,232,36.8,73.8,3783,Haze,None
2022-07-29,Marathahalli,Road_15,90.9,16.8,0,100.0,216,42.8,90.9,3575,Haze,None
2024-05-06,Marathahalli,Road_15,76.0,17.5,0,81.7,51,45.1,85.7,1378,Haze,None
2022-08-30,Electronic City,Road_16,83.0,19.7,0,87.9,190,46.1,69.1,1492,Rain,Major
2023-01-30,Koramangala,Road_5,91.9,13.5,0,93.4,230,53.4,88.9,3492,Rain,Minor
2024-05-28,Electronic City,Road_8,65.8,13.3,0,64.3,177,65.3,80.0,2659,Rain,None
2022-11-22,Indiranagar,Road_4,51.1,30.8,0,50.0,77,70.7,91.7,4727,Haze,Major
2023-04-04,MG Road,Road_16,85.5,12.5,2,82.2,70,68.4,93.2,1600,Clear,None
2022-03-22,Marathahalli,Road_14,63.4,23.6,0,62.7,167,59.2,61.2,3212,Haze,Major
2022-11-26,MG Road,Road_9,57.3,23.6,1,68.3,148,64.9,84.8,4013,Haze,Major
2023-05-02,Electronic City,Road_7,72.5,8.0,0,81.4,70,41.4,75.8,3754,Clear,Major
2023-09-12,Silk Board,Road_3,59.9,25.7,0,64.8,91,40.3,74.9,4849,Haze,Minor
2024-03-04,Indiranagar,Road_11,68.1,20.2,1,71.6,200,38.5,61.6,2280,Clear,Major
2023-06-26,Koramangala,Road_8,76.0,21.6,3,74.2,177,56.5,86.1,4843,Rain,None
2024-06-30,MG Road,Road_16,80.4,16.7,0,77.1,154,73.0,67.5,674,Clear,Minor
2022-12-27,Brigade Road,Road_1,96.9,8.2,1,100.0,177,38.0,91.6,1743,Cloudy,Major
2022-12-24,MG Road,Road_8,74.0,20.4,0,95.9,120,42.6,80.4,2462,Cloudy,None
2022-02-09,Brigade Road,Road_3,99.0,11.7,0,96.9,194,57.6,75.8,2416,Haze,Minor
2023-04-03,Brigade Road,Road_3,81.2,11.3,1,90.1,228,63.6,69.0,3284,Clear,None
2022-01-22,Indiranagar,Road_5,60.7,22.3,0,59.5,209,54.9,70.9,2422,Haze,Minor
2022-08-28,Electronic City,Road_13,75.5,13.7,1,71.3,67,50.1,66.2,1220,Cloudy,None
2023-03-29,Brigade Road,Road_14,63.0,17.6,0,67.7,138,65.9,76.9,2417,Clear,None
2022-08-22,Brigade Road,Road_11,74.9,17.3,1,82.0,53,62.5,67.5,3728,Cloudy,Major
2024-01-04,MG Road,Road_3,72.3,22.0,0,72.2,105,51.2,82.9,2184,Cloudy,Major
2022-10-02,Marathahalli,Road_3,63.5,23.2,1,74.8,184,46.2,75.4,1867,Rain,Major
2023-12-07,Marathahalli,Road_8,68.5,21.3,1,87.8,114,59.6,68.1,4935,Haze,Major
2022-11-24,Electronic City,Road_9,52.7,21.1,1,64.3,130,34.6,90.8,4946,Cloudy,None
2023-02-15,Indiranagar,Road_11,72.0,21.9,1,70.5,61,37.8,93.1,2485,Haze,None
2023-06-05,Koramangala,Road_1,70.0,23.0,1,82.4,109,65.8,77.8,819,Cloudy,Major
2022-11-28,Electronic City,Road_8,73.5,18.9,0,69.1,94,73.6,68.7,3315,Rain,Minor
2022-05-15,MG Road,Road_2,98.5,13.5,4,93.0,60,32.5,85.7,2438,Cloudy,Minor
2024-02-28,Whitefield,Road_6,83.3,19.8,1,92.3,113,38.4,67.4,3627,Cloudy,None
2023-11-21,Brigade Road,Road_12,44.2,28.3,0,50.0,112,56.0,68.3,981,Haze,Major
2023-03-31,Whitefield,Road_2,69.8,21.6,1,88.8,129,30.8,82.6,2715,Haze,None
2022-02-15,Indiranagar,Road_16,76.5,18.0,3,72.6,198,40.3,87.7,4320,Rain,None
2022-02-08,MG Road,Road_11,99.0,8.0,1,100.0,206,57.2,65.7,2717,Clear,Major
2022-06-29,Brigade Road,Road_14,42.0,36.7,0,50.0,75,55.3,88.1,1806,Cloudy,Minor
2023-10-27,Whitefield,Road_13,61.0,26.4,1,59.3,117,70.9,88.5,1996,Cloudy,Major
2023-09-20,Silk Board,Road_2,85.3,10.8,3,90.2,131,73.9,72.9,881,Clear,None
2024-04-10,Marathahalli,Road_8,89.2,16.6,4,100.0,83,51.6,88.2,2884,Haze,Major
2022-08-18,Brigade Road,Road_4,90.8,16.4,3,100.0,207,32.1,70.4,2070,Cloudy,None
2023-03-08,Electronic City,Road_3,78.1,13.7,0,84.9,129,48.4,62.3,3501,Clear,Major
2024-07-26,Marathahalli,Road_7,61.9,21.0,1,66.0,238,55.3,78.8,4294,Haze,Minor
2023-12-06,Silk Board,Road_7,64.9,16.1,0,76.1,163,66.3,90.5,3991,Haze,Major
2024-06-11,Indiranagar,Road_3,83.8,23.0,0,88.3,105,74.0,62.1,2297,Rain,Major
2024-06-18,Marathahalli,Road_7,80.0,18.4,1,79.6,136,37.5,62.5,4487,Cloudy,Major
2024-05-14,Whitefield,Road_14,63.0,21.3,0,62.4,101,47.1,83.5,4112,Clear,Minor
2024-04-01,Marathahalli,Road_6,88.4,8.5,0,88.2,175,36.5,81.9,3275,Haze,None
2023-04-25,Whitefield,Road_2,63.3,23.2,1,67.9,161,50.0,76.9,2506,Cloudy,Major
2022-06-05,Whitefield,Road_7,35.1,31.0,0,50.0,152,59.7,83.0,1188,Rain,Minor
2024-04-17,Indiranagar,Road_6,76.1,18.1,0,78.7,187,55.7,75.9,2147,Cloudy,Minor
2024-07-21,Indiranagar,Road_13,78.0,17.7,0,80.1,202,34.8,87.3,875,Haze,Major
2024-03-05,MG Road,Road_8,80.7,12.1,3,87.1,69,60.8,61.7,1921,Cloudy,Minor
2022-11-27,Brigade Road,Road_8,62.6,22.8,1,73.7,117,64.4,67.8,533,Rain,Minor
2022-02-27,Indiranagar,Road_15,71.7,23.4,0,72.9,219,72.7,82.1,948,Rain,Minor
2023-05-27,Brigade Road,Road_5,75.1,16.3,0,80.1,221,33.7,93.7,748,Clear,Minor
2022-07-11,Silk Board,Road_15,75.6,17.6,0,70.5,83,34.7,91.3,3799,Cloudy,None
2024-04-25,Marathahalli,Road_8,71.8,19.6,1,70.3,189,41.1,84.6,1328,Clear,Major
2022-01-22,Indiranagar,Road_11,89.3,18.8,3,92.2,160,63.6,65.0,3448,Clear,Major
2022-11-07,Whitefield,Road_1,62.7,25.3,1,77.4,201,73.5,60.3,1135,Cloudy,Major
2024-01-05,Marathahalli,Road_8,50.1,30.3,0,69.2,51,31.4,71.8,4244,Rain,Minor
2024-08-04,Silk Board,Road_2,55.1,27.1,0,57.7,101,36.8,92.2,3875,Cloudy,Minor
2023-09-18,Koramangala,Road_7,51.7,24.4,0,60.9,63,34.9,67.8,956,Rain,None
2023-05-06,Whitefield,Road_15,46.5,24.0,0,63.0,234,61.0,76.1,3166,Cloudy,Major
2023-12-04,Silk Board,Road_1,51.1,35.5,0,58.0,171,52.2,78.3,998,Rain,None
2022-06-06,Marathahalli,Road_1,53.6,25.8,0,70.4,215,62.9,81.7,635,Cloudy,None
2022-07-11,Indiranagar,Road_7,86.0,18.6,2,89.7,88,53.9,73.5,4561,Rain,Minor
2022-06-07,Marathahalli,Road_13,65.7,17.8,0,78.8,242,58.7,64.3,1657,Cloudy,Minor
2022-10-18,Whitefield,Road_13,72.3,19.3,2,68.2,113,73.5,63.3,1181,Clear,Major
2022-09-13,Indiranagar,Road_7,82.9,15.6,3,87.3,209,72.3,88.7,1724,Haze,None
2022-05-19,Silk Board,Road_7,75.6,17.0,2,74.9,132,33.9,60.2,1926,Clear,None
2022-07-19,Silk Board,Road_6,50.5,27.3,0,50.0,242,67.0,84.3,2206,Haze,Major
2022-10-24,Koramangala,Road_12,71.5,17.1,1,72.6,59,34.3,75.8,2480,Clear,Minor
2022-05-26,Marathahalli,Road_1,64.9,19.3,0,68.1,156,62.7,60.2,1495,Cloudy,None
2022-03-18,Koramangala,Road_4,79.0,19.9,2,88.2,101,45.0,76.6,3656,Cloudy,None
2022-12-28,Marathahalli,Road_10,72.4,15.4,0,83.5,207,65.6,92.9,2357,Cloudy,Major
2023-02-10,Indiranagar,Road_1,60.9,20.4,1,81.4,144,71.4,82.5,3332,Haze,None
2022-03-16,Silk Board,Road_9,68.2,17.5,1,73.2,202,43.3,72.3,2465,Cloudy,Minor
2022-10-12,Brigade Road,Road_11,65.9,17.4,1,86.9,236,73.1,68.1,3534,Haze,None
2023-11-19,Electronic City,Road_11,76.1,17.7,2,87.9,123,69.6,67.7,2877,Cloudy,None
2023-01-27,Koramangala,Road_8,84.4,15.5,4,82.6,236,63.8,69.2,1445,Rain,Major
2024-04-07,Marathahalli,Road_11,59.2,23.2,0,55.9,82,35.0,80.3,1568,Haze,None
2024-01-01,MG Road,Road_10,48.1,24.2,0,53.2,182,39.5,76.9,3454,Cloudy,None
2023-06-01,Electronic City,Road_9,95.0,16.3,1,99.1,166,50.6,90.2,4912,Clear,Minor
2022-11-10,MG Road,Road_1,81.5,19.5,2,77.4,204,66.3,82.0,2448,Clear,None
2023-08-23,MG Road,Road_7,64.8,27.3,0,94.4,248,71.1,87.7,1654,Clear,Minor
2022-03-05,Brigade Road,Road_14,87.5,10.6,5,100.0,224,37.5,64.9,1090,Clear,Major
2023-05-27,MG Road,Road_13,62.3,23.7,0,67.4,113,74.4,91.2,3605,Haze,None
2022-04-18,Whitefield,Road_11,64.1,23.2,0,56.2,103,60.5,84.0,3697,Clear,None
2024-02-04,Indiranagar,Road_10,63.2,17.9,1,75.7,108,53.5,84.0,2509,Haze,Minor
2023-04-19,Brigade Road,Road_12,59.2,25.6,0,60.5,104,74.2,86.5,2983,Cloudy,None
2023-12-03,Whitefield,Road_4,45.9,40.7,0,72.2,65,69.6,66.0,2236,Cloudy,Major
2022-11-09,Silk Board,Road_3,57.3,25.5,0,52.5,197,52.8,70.1,4760,Rain,Major
2023-12-29,Brigade Road,Road_14,76.8,22.5,1,89.3,63,54.4,68.7,2729,Rain,Major
2023-05-02,Electronic City,Road_5,57.7,29.0,0,50.0,178,40.4,64.3,4149,Cloudy,Major
2023-03-13,Electronic City,Road_4,73.7,16.4,0,74.8,108,52.1,70.3,4597,Clear,None
2024-03-13,Indiranagar,Road_5,80.7,16.0,2,57.8,137,74.1,87.3,2894,Rain,Minor
2023-12-27,Whitefield,Road_16,66.8,17.4,0,70.4,64,62.7,66.9,3686,Haze,None
2022-05-15,MG Road,Road_6,63.1,13.7,1,70.4,110,73.8,62.4,528,Cloudy,Major
2023-02-24,MG Road,Road_10,59.0,23.3,1,58.0,121,70.3,78.6,3396,Haze,Minor
2022-10-10,Silk Board,Road_4,60.2,23.9,0,68.0,76,58.9,94.3,1850,Haze,Minor
2022-05-06,Marathahalli,Road_9,60.9,23.3,0,62.1,60,74.8,86.3,4975,Haze,Minor
2023-05-13,Koramangala,Road_14,63.2,24.6,0,70.6,242,41.8,86.8,1087,Cloudy,None
2023-05-09,Whitefield,Road_6,53.1,28.1,0,75.8,226,30.1,61.3,3330,Clear,None
2022-10-25,MG Road,Road_13,74.6,21.0,1,68.6,196,71.9,64.5,1328,Clear,Minor
2023-09-21,Marathahalli,Road_10,62.3,30.6,0,76.7,57,42.9,90.1,4015,Cloudy,None
2022-09-09,Marathahalli,Road_7,90.3,12.4,1,96.3,192,57.1,93.3,4044,Rain,Minor
2022-08-06,Electronic City,Road_8,48.7,32.2,0,54.3,179,49.8,75.3,4013,Clear,Major
2023-12-20,Brigade Road,Road_15,58.5,26.7,2,68.3,198,63.0,65.8,4742,Rain,Minor
2024-03-24,Electronic City,Road_7,66.4,25.4,1,65.4,173,54.8,91.7,3540,Rain,Minor
2024-06-04,Whitefield,Road_3,77.0,22.6,1,95.6,184,37.1,91.7,1621,Clear,None
2022-07-17,Electronic City,Road_15,88.6,13.4,0,87.5,140,43.2,70.8,4265,Cloudy,None
2024-04-06,Whitefield,Road_11,70.2,14.5,0,80.3,227,45.9,65.9,2727,Cloudy,Minor
2022-05-15,Whitefield,Road_8,77.3,10.7,2,87.5,137,52.0,80.6,3275,Rain,None
2022-06-23,Brigade Road,Road_9,78.0,14.5,0,87.1,182,36.5,70.8,1474,Rain,Major
2022-02-22,Electronic City,Road_3,85.0,18.5,1,92.8,239,73.6,84.1,4964,Rain,None
2024-07-29,Brigade Road,Road_14,71.4,23.7,0,69.9,116,30.4,60.0,822,Clear,Minor
2023-09-11,Koramangala,Road_4,82.3,13.9,1,85.3,94,39.9,91.3,4492,Rain,Major
2022-08-22,Silk Board,Road_15,57.9,25.7,0,50.3,146,34.6,87.3,3957,Cloudy,Minor
2023-11-22,Indiranagar,Road_15,93.0,8.0,2,100.0,130,43.7,86.3,1270,Rain,Minor
2023-04-27,Marathahalli,Road_1,61.1,27.2,1,75.3,214,38.5,66.3,4855,Clear,None
2023-12-03,MG Road,Road_4,70.1,23.5,0,74.3,118,40.1,89.9,4478,Clear,None
2022-04-07,Brigade Road,Road_15,68.1,19.9,0,69.8,95,43.6,75.1,4702,Clear,None
2022-09-25,MG Road,Road_8,59.8,25.6,1,64.9,114,37.1,70.9,2737,Clear,Minor
2024-01-12,Marathahalli,Road_16,82.7,15.0,3,87.1,127,73.3,75.4,668,Haze,None
2022-07-21,Brigade Road,Road_12,72.4,24.0,0,86.3,110,73.8,84.3,2085,Rain,Minor
2023-03-11,Electronic City,Road_8,71.7,18.2,1,66.7,186,63.2,84.2,1954,Rain,Minor
2022-11-17,Brigade Road,Road_1,69.1,20.2,0,79.0,173,50.1,88.8,952,Rain,Major
2023-01-29,Silk Board,Road_10,83.3,8.0,2,94.5,52,46.4,91.5,2523,Clear,Minor
2023-10-24,Silk Board,Road_9,39.9,24.9,0,50.0,105,70.8,61.6,3998,Haze,None
2023-07-12,Indiranagar,Road_12,74.3,17.9,3,89.5,163,60.5,65.4,2290,Clear,None
2024-04-25,Indiranagar,Road_16,52.2,25.2,0,50.1,179,71.2,81.0,3310,Clear,None
2023-10-04,Brigade Road,Road_12,88.2,20.5,4,100.0,121,49.0,91.6,3153,Cloudy,None
2024-04-09,Brigade Road,Road_10,80.2,18.7,3,84.2,182,74.9,90.4,3742,Cloudy,Minor
2024-06-09,Brigade Road,Road_13,74.2,20.3,0,88.4,101,63.5,70.1,652,Haze,Major
2023-03-30,Electronic City,Road_14,85.9,16.3,4,97.7,243,55.8,93.6,4661,Cloudy,Minor
2023-03-27,Koramangala,Road_4,67.3,18.2,0,73.5,155,47.7,86.4,4309,Clear,Major
2022-09-14,Indiranagar,Road_8,74.9,15.2,1,75.9,133,62.9,83.7,2679,Haze,Minor
2023-02-17,Whitefield,Road_9,73.4,15.9,0,76.6,108,63.7,83.5,690,Clear,None
2024-04-02,Koramangala,Road_13,74.4,30.9,2,71.7,73,39.0,79.7,4499,Cloudy,None
2023-09-14,MG Road,Road_11,95.7,8.0,2,100.0,163,32.0,81.5,1423,Clear,None
2024-01-02,Indiranagar,Road_1,75.1,18.8,1,85.0,173,46.8,68.9,4099,Clear,Major
2023-09-03,Marathahalli,Road_13,68.8,23.0,1,81.8,212,41.7,67.7,2330,Cloudy,Major
2023-12-19,Marathahalli,Road_6,85.1,12.9,1,72.7,66,42.5,78.3,851,Haze,None
2024-06-10,Whitefield,Road_15,47.5,33.9,0,50.0,191,40.4,93.9,4681,Haze,Major
2024-06-07,Koramangala,Road_13,56.3,23.2,1,76.6,139,53.5,87.1,2368,Rain,None
2023-06-30,Koramangala,Road_16,78.0,17.7,0,77.2,210,65.9,64.9,3830,Rain,None
2023-11-10,Silk Board,Road_1,64.6,19.9,0,62.9,206,46.2,67.6,2074,Cloudy,Major
2023-12-04,MG Road,Road_2,70.4,16.7,0,83.0,147,58.1,94.2,3418,Rain,Major
2023-03-18,Indiranagar,Road_6,71.0,19.0,1,74.2,157,64.2,87.4,2178,Clear,Minor
2022-10-12,Brigade Road,Road_6,66.8,24.1,0,82.2,53,64.5,64.5,1476,Haze,Major
2023-04-09,Koramangala,Road_4,62.9,26.1,0,68.4,141,39.5,79.4,3162,Clear,None
2022-11-20,Indiranagar,Road_9,75.9,25.6,1,86.0,94,46.4,72.3,3489,Clear,Major
2022-05-14,MG Road,Road_11,50.4,34.6,0,50.0,148,52.1,88.1,1631,Rain,Minor
2022-04-18,Electronic City,Road_5,78.2,21.2,1,91.8,161,64.8,70.3,2546,Cloudy,Major
2023-08-06,Marathahalli,Road_2,79.9,18.8,2,96.0,97,57.4,88.6,2894,Haze,Major
2023-01-06,Koramangala,Road_6,72.8,16.1,0,88.0,175,62.6,85.1,826,Rain,Minor
2022-07-08,Marathahalli,Road_10,63.2,25.0,0,88.4,86,49.8,78.6,717,Rain,None
2022-07-07,MG Road,Road_6,58.8,27.9,0,67.7,247,35.5,88.0,4684,Haze,Minor
2022-09-19,Silk Board,Road_9,56.2,30.0,0,53.6,74,65.0,81.8,2272,Clear,Major
2022-09-03,Indiranagar,Road_12,78.6,15.3,0,66.9,204,70.8,70.0,4077,Rain,None
2022-10-13,Marathahalli,Road_10,88.5,8.0,0,90.2,183,67.8,64.7,3353,Rain,None
2023-08-04,Whitefield,Road_14,61.2,22.1,2,62.6,83,34.3,61.3,2598,Rain,Minor
2022-03-12,MG Road,Road_2,93.0,12.0,2,99.7,167,33.7,91.5,2427,Clear,Minor
2022-07-06,Silk Board,Road_9,68.3,27.3,0,72.1,115,34.7,79.5,1539,Haze,Minor
2022-02-18,Electronic City,Road_13,65.7,19.1,1,79.0,152,70.9,67.3,1801,Haze,Minor
2023-10-06,Silk Board,Road_8,69.6,23.6,0,81.3,67,50.1,93.8,2241,Haze,Major
2024-02-03,Electronic City,Road_9,76.3,13.0,1,86.2,74,36.0,76.8,2045,Cloudy,Major
2022-10-03,Brigade Road,Road_11,91.1,8.6,0,100.0,172,69.3,78.2,2247,Haze,None
2023-11-08,Indiranagar,Road_8,70.2,23.1,0,73.4,55,59.3,91.6,4945,Clear,None
2023-05-16,Indiranagar,Road_13,72.5,24.2,2,96.0,68,54.7,81.5,3515,Haze,Major
2024-07-14,Silk Board,Road_8,60.3,31.4,1,65.2,180,32.3,78.4,1864,Rain,None
2023-11-04,MG Road,Road_3,60.8,27.7,1,58.6,249,50.0,61.3,4621,Rain,Minor
2023-05-09,Marathahalli,Road_2,71.6,21.6,3,68.4,185,39.8,64.1,4479,Clear,None
2023-08-15,Whitefield,Road_9,62.9,27.0,0,68.4,51,74.2,67.0,2761,Cloudy,Major
2023-07-28,Koramangala,Road_13,73.5,16.7,2,72.9,237,54.6,84.8,3783,Cloudy,Minor
2023-09-26,Silk Board,Road_11,80.9,20.1,3,79.9,79,66.1,90.9,3638,Rain,Major
2022-12-02,Indiranagar,Road_3,76.7,20.2,1,75.4,205,43.4,77.1,3544,Haze,Major
2022-06-11,Silk Board,Road_4,74.2,16.4,1,82.9,119,68.2,61.5,958,Cloudy,Minor
2023-01-11,Electronic City,Road_10,73.1,18.6,0,92.1,66,60.8,86.3,1366,Cloudy,None
2022-09-23,Electronic City,Road_3,69.5,21.2,0,83.7,232,38.6,92.1,3071,Rain,None
2022-12-26,MG Road,Road_3,64.4,17.7,2,65.1,222,44.4,67.4,4258,Rain,None
2023-11-27,Whitefield,Road_6,66.5,21.3,0,79.2,81,57.5,71.6,4494,Haze,None
2022-06-28,Marathahalli,Road_11,93.1,8.0,0,100.0,158,52.0,60.8,2408,Clear,None
2023-12-28,Marathahalli,Road_7,99.0,13.8,2,100.0,243,66.6,80.8,1620,Cloudy,Major
2022-02-18,MG Road,Road_1,99.0,8.1,1,95.4,55,67.2,80.3,2208,Haze,Major
2022-01-26,Indiranagar,Road_12,45.0,22.4,0,57.6,179,64.2,67.4,1096,Cloudy,Minor
2023-12-07,Whitefield,Road_11,76.6,16.7,1,76.5,89,35.5,60.6,3830,Cloudy,Minor
2022-02-01,Silk Board,Road_13,78.1,16.3,2,82.5,175,47.9,71.9,2944,Clear,None
2023-06-02,Silk Board,Road_6,80.5,14.7,1,82.6,97,33.1,92.9,2560,Clear,None
2022-05-10,Electronic City,Road_1,68.9,26.2,1,71.1,156,66.5,90.5,4349,Cloudy,Major
2023-10-20,Marathahalli,Road_5,54.0,25.4,0,53.2,110,39.0,94.3,3550,Cloudy,None
2022-11-04,Silk Board,Road_11,75.0,21.4,2,82.8,209,43.7,62.1,1694,Clear,Minor
2022-01-13,Electronic City,Road_5,77.6,24.6,1,75.4,109,56.9,69.6,2656,Haze,Minor
2023-11-22,Brigade Road,Road_8,73.4,17.2,0,78.3,177,51.0,78.6,2977,Haze,None
2023-11-01,Koramangala,Road_5,89.6,14.2,0,93.2,236,68.8,68.1,3537,Cloudy,Major
2023-07-02,Whitefield,Road_3,72.5,19.3,0,77.6,180,59.1,78.6,1506,Clear,Major
2023-06-25,Marathahalli,Road_7,38.9,34.8,0,53.0,145,40.6,85.0,2088,Haze,Minor
2023-08-15,Marathahalli,Road_15,74.5,17.4,2,79.7,98,53.9,82.3,2998,Haze,None
2022-08-23,Brigade Road,Road_9,54.4,29.6,0,68.1,168,40.1,94.3,4044,Cloudy,None
2023-01-01,Koramangala,Road_5,90.6,19.9,4,82.0,52,73.3,61.2,3872,Clear,Major
2024-03-18,Electronic City,Road_1,82.7,18.5,0,92.7,113,31.4,89.0,3026,Clear,Major
2023-03-27,Koramangala,Road_8,69.4,22.5,1,74.6,84,52.7,61.9,2837,Haze,Minor
2022-02-16,Marathahalli,Road_12,65.2,30.4,0,62.0,100,71.8,92.8,4508,Rain,Minor
2022-12-22,Indiranagar,Road_2,83.7,14.9,1,71.9,177,55.9,88.9,664,Haze,Major
2022-08-28,Koramangala,Road_14,58.4,15.4,0,51.3,154,45.0,61.0,1327,Clear,Major
2022-03-28,Brigade Road,Road_9,62.3,22.9,0,62.7,214,62.7,79.7,3081,Rain,Minor
2022-04-29,Indiranagar,Road_7,71.2,23.3,1,64.3,135,39.5,75.4,2635,Cloudy,Major
2023-04-05,Marathahalli,Road_9,91.4,20.9,3,100.0,135,69.5,64.4,1266,Haze,None
2022-05-10,Koramangala,Road_10,83.9,13.2,3,83.7,149,35.4,80.1,3566,Cloudy,Major
2024-02-02,Whitefield,Road_5,68.9,23.1,0,66.3,170,54.9,79.1,1091,Cloudy,Major
2023-11-21,MG Road,Road_9,73.5,15.9,1,89.9,65,44.2,86.6,1011,Rain,Major
2023-10-07,Brigade Road,Road_11,84.6,13.9,0,75.3,77,52.6,82.7,3258,Cloudy,None
2022-08-27,Indiranagar,Road_8,88.3,15.2,1,91.5,167,51.9,70.3,2583,Haze,Major
2022-11-29,MG Road,Road_12,77.8,22.3,1,76.6,222,42.3,67.0,2232,Cloudy,Major
2022-05-14,MG Road,Road_11,62.3,29.3,0,57.0,56,55.7,90.9,1118,Rain,Minor
2024-02-26,Brigade Road,Road_14,68.2,23.8,0,70.0,180,40.4,88.0,2314,Cloudy,Major
2022-03-26,Silk Board,Road_14,66.3,23.6,0,79.8,221,62.1,74.6,1928,Cloudy,Major
2022-02-05,Brigade Road,Road_15,69.7,17.4,0,81.7,135,62.8,86.1,1068,Clear,Minor
2022-12-29,Brigade Road,Road_3,72.5,18.6,2,86.2,163,74.4,65.6,4451,Haze,Minor
2024-04-29,Electronic City,Road_15,73.2,16.6,1,69.1,104,56.7,94.6,1242,Clear,Major
2022-03-26,Electronic City,Road_15,74.1,30.2,3,84.2,175,34.9,72.1,3722,Haze,Minor
2022-12-29,Marathahalli,Road_13,52.6,26.4,1,54.2,91,69.2,73.9,2087,Haze,Major
2024-06-27,Indiranagar,Road_3,64.8,23.3,0,73.8,58,64.8,61.5,1538,Clear,None
2022-12-14,Electronic City,Road_11,76.9,20.3,1,81.3,213,57.9,77.7,2708,Haze,Minor
2022-04-14,Indiranagar,Road_12,70.4,21.2,0,88.7,168,63.2,69.3,1714,Rain,Minor
2022-04-03,Brigade Road,Road_2,54.0,14.5,0,50.0,212,37.4,91.2,4063,Haze,Minor
2023-12-30,Whitefield,Road_11,68.2,17.1,0,80.1,70,67.0,71.7,2483,Cloudy,Major
2023-03-16,Electronic City,Road_4,71.2,20.7,0,71.6,86,32.9,67.9,4181,Cloudy,None
2023-10-25,MG Road,Road_7,71.1,22.8,0,79.3,60,62.8,93.6,4542,Cloudy,Major
2022-12-29,Marathahalli,Road_1,61.6,17.9,0,64.2,168,51.2,80.1,669,Haze,Minor
2022-12-10,Koramangala,Road_7,69.0,20.7,0,79.7,222,35.1,72.1,3880,Cloudy,Major
2024-05-10,Silk Board,Road_13,56.1,23.4,0,56.5,199,47.4,63.9,3905,Haze,Minor
2024-01-22,Electronic City,Road_15,79.6,18.4,1,83.9,91,70.2,64.3,1658,Cloudy,Major
2023-10-15,Brigade Road,Road_2,71.5,12.9,2,81.1,246,38.7,93.5,3926,Haze,None
2024-03-22,Brigade Road,Road_6,54.9,29.1,1,50.0,96,57.0,79.3,1549,Clear,None
2022-11-03,Brigade Road,Road_5,79.6,14.6,1,88.4,206,44.5,69.5,909,Clear,None
2024-02-07,Indiranagar,Road_13,68.5,19.9,0,75.3,133,60.2,84.3,1844,Clear,None
2022-02-24,Silk Board,Road_4,52.2,22.5,0,50.0,220,62.6,76.1,1961,Rain,Major
2022-10-10,Indiranagar,Road_16,69.4,25.4,1,84.6,210,40.8,76.2,2797,Clear,None
2023-04-08,Koramangala,Road_5,78.1,9.5,0,88.6,186,53.2,79.3,4463,Haze,None
2022-07-12,Brigade Road,Road_5,67.2,18.8,0,66.7,134,60.5,91.5,3447,Clear,None
2023-08-19,Indiranagar,Road_9,65.5,22.3,1,82.0,177,53.9,94.3,585,Cloudy,Major
2023-12-21,Indiranagar,Road_14,72.2,22.9,3,78.9,87,39.6,64.8,4898,Haze,Major
2023-03-16,Marathahalli,Road_8,56.5,20.0,0,75.4,59,74.6,63.9,1770,Clear,Major
2022-05-12,MG Road,Road_5,85.3,20.0,1,83.5,76,73.4,73.3,2996,Cloudy,Major
2024-07-29,Indiranagar,Road_4,86.9,16.0,0,99.3,57,66.9,66.0,1446,Rain,Minor
2023-07-01,MG Road,Road_14,71.8,19.0,1,80.6,77,70.2,65.2,3925,Clear,Minor
2024-05-14,Brigade Road,Road_8,81.6,16.9,1,94.4,99,65.5,70.1,1022,Cloudy,Major
2022-07-18,Electronic City,Road_11,60.9,19.3,0,59.4,208,59.2,79.0,3470,Rain,Minor
2023-10-14,MG Road,Road_15,76.0,25.0,0,100.0,161,49.8,69.3,2607,Clear,None
2023-05-13,Whitefield,Road_13,79.7,19.5,2,91.7,219,60.2,76.5,2242,Clear,None
2022-10-24,Brigade Road,Road_12,75.1,18.2,0,80.2,188,68.2,84.7,4872,Cloudy,Major
2022-02-03,Indiranagar,Road_10,60.8,23.3,0,63.2,234,55.2,73.3,1280,Rain,None
2022-11-13,Marathahalli,Road_15,85.9,11.6,2,83.3,149,57.9,92.3,2914,Haze,None
2023-09-01,Marathahalli,Road_13,56.3,27.6,2,50.0,92,62.4,71.6,4871,Haze,None
2024-08-16,Electronic City,Road_16,84.9,17.9,3,100.0,178,34.5,60.1,4002,Rain,Major
2024-05-13,Marathahalli,Road_6,90.3,19.8,1,100.0,215,48.7,88.4,3440,Clear,None
2024-02-01,Whitefield,Road_11,81.3,15.2,1,100.0,249,34.8,83.9,3256,Cloudy,Minor
2023-05-20,Koramangala,Road_4,87.5,17.4,1,98.8,233,37.9,90.6,3242,Haze,Major
2022-08-30,Silk Board,Road_5,50.4,20.3,0,50.0,225,68.7,93.1,3613,Haze,Minor
2024-03-28,Marathahalli,Road_12,86.2,23.2,1,98.1,73,41.5,60.5,3141,Clear,None
2022-07-29,Koramangala,Road_9,90.6,8.0,1,100.0,147,33.3,72.7,1829,Haze,Major
2023-11-07,Silk Board,Road_1,58.8,19.8,0,66.6,121,71.2,94.0,2349,Rain,None
2023-12-27,Electronic City,Road_4,78.5,11.7,2,100.0,245,40.0,74.3,4183,Rain,Minor
2022-04-01,Electronic City,Road_11,61.7,24.2,0,69.4,162,49.9,76.5,3839,Haze,Minor
2023-02-22,Indiranagar,Road_16,57.6,26.0,0,56.9,240,30.4,72.8,3233,Clear,Major
2022-05-22,Silk Board,Road_9,56.3,29.4,1,65.5,239,58.7,64.9,4034,Haze,Major
2024-06-07,Koramangala,Road_11,86.6,15.5,0,92.3,150,67.5,80.2,3267,Cloudy,Major
2022-05-18,MG Road,Road_9,84.8,12.7,2,97.3,209,61.8,88.6,4223,Rain,None
2022-05-08,Indiranagar,Road_8,75.5,19.3,1,78.6,227,59.5,80.9,1702,Haze,Minor
2023-04-04,Marathahalli,Road_7,66.6,19.6,1,80.0,179,61.1,64.0,4996,Rain,None
2023-11-21,Brigade Road,Road_9,80.4,15.3,1,84.5,181,70.9,77.1,3561,Clear,Major
2022-04-06,Marathahalli,Road_16,74.8,23.2,1,76.3,51,45.5,82.0,1860,Haze,Minor
2023-07-18,Whitefield,Road_2,69.9,19.7,0,84.1,227,51.3,83.3,2147,Rain,Minor
2023-02-20,Silk Board,Road_4,82.7,14.3,3,80.5,236,55.9,84.6,2065,Clear,Minor
2024-05-21,Whitefield,Road_3,67.5,18.3,1,70.5,147,30.0,84.0,4674,Rain,None
2022-08-07,Koramangala,Road_13,74.5,24.5,0,84.3,217,66.8,93.5,3358,Clear,None
2022-03-11,Brigade Road,Road_1,68.2,21.2,2,76.0,198,56.8,81.5,1443,Cloudy,None
2022-09-01,Brigade Road,Road_16,81.4,20.2,3,80.7,67,45.3,73.9,1499,Haze,Major
2022-03-31,MG Road,Road_15,73.4,12.3,0,80.4,204,36.2,82.7,983,Cloudy,Major
2023-07-11,Whitefield,Road_5,67.6,19.6,0,60.4,179,45.6,80.2,4536,Rain,Minor
2022-04-02,Whitefield,Road_5,70.8,17.9,1,65.1,148,41.0,78.1,1734,Cloudy,Major
2023-10-25,MG Road,Road_15,62.3,19.3,1,65.1,119,51.0,80.1,3558,Cloudy,Major
2023-11-08,Indiranagar,Road_5,77.2,16.8,3,80.0,66,30.1,75.6,2092,Cloudy,None
2022-08-04,Brigade Road,Road_1,73.1,12.5,1,77.1,187,64.5,93.3,3277,Rain,Major
2023-05-17,Marathahalli,Road_13,74.9,12.4,2,74.5,180,35.3,75.7,1176,Cloudy,None
2022-11-12,MG Road,Road_4,67.4,19.4,1,64.9,225,59.0,94.0,715,Clear,None
2023-07-18,Brigade Road,Road_9,72.5,11.3,1,59.1,123,34.5,61.4,2663,Cloudy,None
2024-05-14,Whitefield,Road_15,73.1,21.8,0,90.3,182,71.9,71.4,1250,Haze,Major
2024-07-16,MG Road,Road_12,56.0,26.7,0,61.5,157,44.2,81.5,1552,Clear,Minor
2022-01-14,Koramangala,Road_16,68.8,16.3,2,83.1,70,63.0,84.7,4530,Haze,Minor
2022-06-22,Brigade Road,Road_5,70.1,16.6,0,69.9,122,33.8,90.6,3421,Clear,Major
2022-12-13,Electronic City,Road_5,81.5,21.0,0,79.4,217,48.8,79.9,4221,Haze,Major
2023-08-02,Whitefield,Road_6,75.3,15.2,1,84.0,140,73.0,75.7,1311,Clear,None
2023-12-09,Whitefield,Road_7,73.2,20.7,2,75.4,199,58.7,61.2,1849,Clear,None
2024-03-30,Electronic City,Road_1,77.8,27.4,2,69.1,93,31.8,74.5,4889,Rain,Major
2023-09-11,Brigade Road,Road_14,68.9,19.6,0,81.9,184,51.2,66.8,3410,Rain,None
2022-01-08,Whitefield,Road_1,61.1,25.2,3,78.9,101,63.3,61.8,2971,Cloudy,Minor
2023-03-26,MG Road,Road_14,64.0,27.1,0,67.1,183,48.6,76.1,547,Clear,Major
2022-06-01,Marathahalli,Road_15,99.0,19.5,1,99.8,126,53.9,60.2,2125,Cloudy,Major
2022-10-23,Whitefield,Road_12,60.0,24.0,0,65.3,98,62.8,64.8,4055,Cloudy,Minor
2024-04-05,MG Road,Road_8,40.1,32.9,0,50.0,144,57.2,61.6,3323,Clear,Minor
2023-02-03,Marathahalli,Road_5,94.8,8.9,1,91.9,88,45.3,89.7,1054,Cloudy,Major
2023-06-21,Electronic City,Road_8,74.5,14.8,0,85.8,150,44.4,67.0,1743,Haze,None
2023-04-01,Indiranagar,Road_5,65.9,18.6,0,73.1,208,69.8,61.2,3764,Cloudy,None
2023-06-01,Whitefield,Road_11,88.8,17.5,1,81.7,241,37.4,77.8,2032,Cloudy,Major
2022-04-30,Silk Board,Road_15,68.2,14.4,2,68.0,169,62.1,79.5,4657,Rain,Major
2022-07-03,Indiranagar,Road_14,62.3,31.0,1,52.7,144,61.2,80.1,4883,Rain,Major
2023-11-19,Electronic City,Road_10,68.6,17.4,0,75.5,92,37.7,90.0,582,Rain,Minor
2022-07-22,Whitefield,Road_7,93.2,14.4,0,100.0,57,72.9,79.2,4576,Clear,Major
2022-05-24,MG Road,Road_13,66.2,19.9,1,83.6,214,63.3,65.9,3033,Cloudy,None
2023-09-17,Electronic City,Road_12,63.9,23.6,1,59.3,239,38.2,81.2,2432,Cloudy,None
2022-04-09,Brigade Road,Road_11,94.5,8.0,1,97.0,220,56.0,69.7,715,Haze,None
2023-04-27,Marathahalli,Road_7,68.7,19.5,0,70.7,235,70.1,78.8,3181,Cloudy,Minor
2023-09-21,Marathahalli,Road_15,63.6,24.6,0,70.2,192,30.3,81.0,2344,Cloudy,Major
2023-05-23,Marathahalli,Road_11,73.2,21.2,1,79.7,54,32.6,61.6,2643,Cloudy,Minor
2024-05-28,Whitefield,Road_15,58.5,27.8,0,51.3,214,58.4,83.9,3914,Rain,Major
2022-04-03,Koramangala,Road_2,63.9,23.6,0,78.3,90,48.6,68.5,706,Haze,None
2022-11-03,Marathahalli,Road_7,59.5,18.9,0,70.1,131,62.3,92.0,4711,Cloudy,Major
2024-05-26,MG Road,Road_14,84.1,18.7,2,90.2,191,66.5,67.8,4141,Cloudy,Minor
2024-05-07,Brigade Road,Road_6,75.1,14.8,1,94.9,247,63.7,61.4,2428,Clear,None
2023-10-01,Koramangala,Road_7,53.6,22.5,0,59.7,69,52.5,67.6,3328,Clear,Minor
2022-11-01,Whitefield,Road_13,77.5,15.8,0,69.4,111,68.5,85.6,4622,Rain,Major
2022-01-28,Whitefield,Road_8,73.8,17.2,0,80.7,108,36.7,86.8,954,Cloudy,Minor
2022-10-23,Marathahalli,Road_15,63.9,20.6,0,71.1,245,31.3,67.9,943,Haze,Major
2022-12-26,Indiranagar,Road_1,58.3,24.1,0,56.6,210,33.7,63.8,4815,Clear,None
2022-03-24,MG Road,Road_4,70.1,21.8,1,69.4,220,65.0,78.6,4194,Cloudy,None
2023-10-29,Electronic City,Road_13,69.7,23.7,2,71.8,158,46.1,73.3,2468,Rain,Major
2022-09-26,MG Road,Road_13,85.3,12.6,2,90.1,106,65.1,85.0,3260,Rain,Major
2023-04-28,Koramangala,Road_7,72.9,19.5,1,66.8,237,41.9,63.4,1612,Haze,Major
2024-08-07,Whitefield,Road_7,87.3,13.2,4,87.2,73,32.6,90.6,3472,Rain,Major
2023-01-28,Koramangala,Road_2,86.2,17.7,0,79.4,242,70.5,64.9,4297,Rain,None
2024-03-21,Brigade Road,Road_4,56.6,30.4,0,57.4,240,61.7,76.6,2442,Haze,Major
2022-03-31,Electronic City,Road_10,75.4,15.8,3,72.4,125,62.3,67.6,3551,Rain,Minor
2024-06-16,Silk Board,Road_10,57.8,30.2,0,77.9,75,67.1,62.0,1824,Clear,Major
2022-11-06,Indiranagar,Road_5,56.6,26.5,0,73.6,113,50.5,73.8,3700,Cloudy,Major
2024-06-28,Silk Board,Road_6,77.5,18.2,0,90.4,215,72.9,70.7,4225,Cloudy,Minor
2022-12-28,Indiranagar,Road_10,53.7,22.0,0,50.0,170,67.0,83.2,4247,Cloudy,None
2022-02-18,Indiranagar,Road_3,85.5,14.2,1,79.9,222,53.2,63.5,2497,Haze,None
2022-09-15,Indiranagar,Road_12,65.3,17.0,0,55.0,249,38.1,72.6,2910,Cloudy,Major
2023-03-09,Marathahalli,Road_16,85.8,8.6,0,91.9,214,56.2,75.6,1283,Cloudy,None
2024-07-05,Indiranagar,Road_3,64.8,18.7,1,69.4,185,38.3,79.0,4246,Clear,Major
2024-05-14,Electronic City,Road_13,70.6,16.8,0,62.3,128,38.8,73.4,4068,Cloudy,Minor
2023-03-15,Whitefield,Road_14,86.3,11.5,2,98.8,58,46.7,90.6,4234,Cloudy,Minor
2023-08-29,MG Road,Road_8,87.3,18.4,2,93.7,244,45.5,68.2,2546,Clear,None
2024-06-02,Silk Board,Road_11,45.9,31.3,0,50.0,178,33.9,91.1,890,Rain,Minor
2022-09-28,Koramangala,Road_3,70.9,21.5,1,72.9,112,59.0,85.3,4805,Clear,None
2024-03-24,Electronic City,Road_16,95.6,11.5,1,100.0,199,66.4,75.1,3984,Cloudy,Major
2024-07-05,Electronic City,Road_1,69.3,15.5,1,76.6,248,34.5,65.8,4405,Haze,None
2023-12-12,Indiranagar,Road_12,54.7,23.1,0,59.2,123,47.3,77.6,4700,Haze,Major
2023-08-26,Koramangala,Road_4,94.2,9.1,1,97.4,52,41.0,71.8,1341,Haze,Minor
2023-03-12,MG Road,Road_15,65.6,22.8,0,62.3,198,56.7,83.8,4498,Rain,Major
2023-12-09,Marathahalli,Road_14,80.8,16.4,0,93.4,150,30.1,71.1,800,Haze,None
2024-07-22,Koramangala,Road_14,62.4,21.7,1,78.1,150,62.1,88.8,4167,Clear,Major
2023-01-19,Marathahalli,Road_7,77.2,21.4,2,72.6,184,48.9,66.7,3878,Haze,None
2024-02-27,Marathahalli,Road_11,59.9,25.1,0,66.1,89,64.0,72.5,1289,Cloudy,None
2022-09-16,Brigade Road,Road_11,69.9,22.8,1,74.5,61,57.0,75.8,3463,Haze,Major
2023-07-19,Koramangala,Road_2,75.1,21.7,0,73.2,200,43.1,68.5,3702,Haze,Major
2023-05-03,Silk Board,Road_16,57.3,28.6,0,58.1,194,44.7,70.5,4644,Clear,Major
2024-04-14,Electronic City,Road_14,66.7,14.5,0,79.9,197,72.1,83.7,1989,Haze,None
2022-05-11,Electronic City,Road_11,48.6,23.6,0,52.6,84,49.9,77.3,4821,Rain,Minor
2024-07-09,MG Road,Road_4,84.1,15.3,1,87.4,148,39.5,70.8,2042,Cloudy,None
2022-01-09,Electronic City,Road_7,62.6,19.3,2,79.0,79,74.7,94.3,4707,Cloudy,Major
2023-12-13,Indiranagar,Road_11,72.1,21.7,0,92.1,225,60.8,82.3,4472,Rain,Major
2022-07-31,Indiranagar,Road_1,35.0,30.6,0,50.0,225,66.7,81.6,2410,Rain,Major
2022-09-06,Brigade Road,Road_16,58.2,25.0,1,70.6,215,65.4,75.5,1949,Cloudy,Major
2024-01-01,Silk Board,Road_7,84.7,17.2,5,92.7,129,59.1,94.2,669,Haze,None
2024-03-25,MG Road,Road_13,78.6,25.2,0,70.8,168,65.2,94.1,3541,Haze,None
2023-02-26,MG Road,Road_10,65.2,25.5,0,74.3,172,65.7,93.4,2501,Haze,Minor
2022-07-19,Electronic City,Road_4,99.0,8.0,2,86.3,99,51.7,75.6,3343,Cloudy,Minor
2024-02-16,Electronic City,Road_14,90.5,19.4,2,95.1,225,72.9,88.2,2925,Clear,None
2022-02-23,Electronic City,Road_3,70.2,21.5,0,64.9,100,56.0,61.4,3165,Clear,Major
2022-02-10,Electronic City,Road_9,66.8,24.2,0,56.7,115,49.1,81.0,3577,Clear,Minor
2022-07-05,MG Road,Road_6,80.8,13.7,0,73.9,108,45.1,94.2,2723,Rain,None
2023-10-05,Whitefield,Road_2,72.8,17.4,2,65.1,195,36.0,85.1,999,Rain,Major
2023-01-26,Electronic City,Road_4,63.6,15.7,0,62.7,186,73.9,76.2,2585,Haze,Minor
2022-02-01,Indiranagar,Road_4,77.3,16.0,1,79.0,179,51.1,78.4,3612,Haze,Minor
2023-09-27,Brigade Road,Road_5,73.7,20.0,1,81.2,209,58.9,88.2,4071,Cloudy,Minor
2023-10-26,Electronic City,Road_12,63.4,15.9,0,69.9,72,63.6,80.9,4797,Clear,None
2022-01-24,Koramangala,Road_2,52.5,26.3,0,58.8,53,73.4,67.8,2583,Cloudy,None
2022-05-10,Brigade Road,Road_4,84.0,10.1,3,100.0,167,35.6,64.7,2966,Haze,Major
2024-02-08,MG Road,Road_13,91.2,12.1,3,100.0,90,33.5,81.2,663,Rain,None
2023-08-18,Brigade Road,Road_14,66.6,23.0,0,70.9,144,46.5,79.9,1009,Rain,None
2022-12-08,Electronic City,Road_9,90.5,15.7,1,100.0,226,51.8,93.1,845,Cloudy,Minor
2024-06-20,MG Road,Road_15,71.7,21.8,0,84.4,161,40.3,86.5,3474,Cloudy,None
2022-04-22,Whitefield,Road_9,57.6,26.2,1,60.8,124,40.2,78.4,3637,Clear,Major
2022-11-22,Brigade Road,Road_6,58.5,27.6,0,60.3,192,53.0,88.3,4714,Rain,None
2022-02-26,Whitefield,Road_7,75.2,22.1,2,80.6,230,69.7,74.2,3373,Rain,Major
2023-03-27,Koramangala,Road_13,71.2,20.5,0,78.6,225,43.0,85.4,4870,Rain,None
2022-04-13,Indiranagar,Road_8,89.4,18.1,1,100.0,122,31.4,83.9,756,Clear,Major
2024-05-05,MG Road,Road_7,73.4,17.3,0,82.3,89,52.6,61.9,1897,Clear,Major
2023-05-20,Koramangala,Road_8,76.9,12.8,1,75.7,161,57.1,68.5,1749,Clear,Major
2022-05-27,Electronic City,Road_16,54.6,24.7,0,50.0,111,71.1,91.9,2712,Rain,Minor
2023-01-08,MG Road,Road_15,59.4,22.6,0,68.1,219,54.7,81.4,2388,Clear,Minor
2022-07-26,Marathahalli,Road_11,70.8,22.4,0,77.1,125,73.2,91.5,1473,Clear,None
2024-04-22,Whitefield,Road_14,75.9,15.8,2,75.0,185,60.6,62.5,790,Rain,Minor
2023-10-25,Indiranagar,Road_16,77.9,15.4,0,83.4,194,52.4,68.3,1765,Clear,Minor
2023-03-11,Brigade Road,Road_2,74.8,15.5,2,86.0,189,54.9,80.7,4593,Haze,Major
2023-11-11,Indiranagar,Road_9,60.1,22.8,1,58.6,98,53.3,90.5,3000,Cloudy,None
2023-01-14,MG Road,Road_10,72.3,14.3,0,80.3,249,40.2,83.1,934,Cloudy,Major
2022-12-08,Indiranagar,Road_15,74.0,18.8,0,78.2,54,32.3,88.8,789,Cloudy,None
2022-02-01,Indiranagar,Road_5,57.4,25.6,0,65.0,119,56.6,93.4,3471,Clear,Minor
2023-09-28,Electronic City,Road_4,73.5,17.4,2,92.4,137,62.1,71.8,1953,Haze,Minor
2022-03-18,Marathahalli,Road_7,60.5,24.1,0,71.0,143,52.2,76.4,929,Haze,Minor
2023-04-18,Electronic City,Road_5,75.0,20.8,2,73.9,125,71.2,84.5,4055,Cloudy,Minor
2022-07-28,Marathahalli,Road_8,73.7,18.8,2,74.2,225,62.7,79.7,2424,Rain,None
2024-05-31,Silk Board,Road_4,81.3,12.8,0,80.1,166,72.0,81.6,3319,Haze,Major
2022-04-12,Electronic City,Road_12,88.4,8.0,2,92.0,136,34.3,63.1,4474,Cloudy,Minor
2024-04-19,Marathahalli,Road_9,79.7,15.9,2,100.0,98,45.9,73.0,1049,Rain,None
2022-08-18,Indiranagar,Road_15,90.4,14.8,2,93.3,219,48.6,81.7,4717,Clear,None
2023-08-12,Indiranagar,Road_9,80.4,17.2,1,83.4,153,59.5,64.3,690,Rain,Minor
2022-11-25,Electronic City,Road_1,65.3,26.0,0,66.7,183,74.8,91.0,3130,Rain,Minor
2022-01-04,MG Road,Road_11,84.1,18.4,1,64.9,215,45.7,86.8,766,Cloudy,Minor
2023-09-12,Indiranagar,Road_12,74.2,16.5,0,75.2,106,32.0,73.4,3560,Clear,Major
2022-09-24,Marathahalli,Road_3,87.6,14.1,4,100.0,185,44.8,82.7,1699,Rain,None
2022-04-26,Silk Board,Road_2,73.1,19.8,2,72.1,160,56.3,61.9,4417,Rain,Minor
2023-07-08,Koramangala,Road_7,93.6,16.7,0,93.8,185,30.3,77.4,3766,Rain,Minor
2024-02-16,Silk Board,Road_7,58.1,27.9,0,71.4,135,67.6,80.9,2279,Rain,Minor
2023-11-07,Electronic City,Road_7,53.9,22.6,0,50.0,156,44.4,65.5,4943,Cloudy,Minor
2022-09-17,Electronic City,Road_13,69.9,20.7,2,80.9,193,49.0,81.5,1855,Clear,Minor
2022-06-21,Brigade Road,Road_3,64.5,26.2,0,69.5,110,36.8,92.7,3737,Rain,Minor
2023-09-17,Silk Board,Road_9,67.2,30.5,0,80.2,75,31.7,62.7,3316,Clear,Minor
2024-02-25,Electronic City,Road_9,75.5,26.4,0,77.4,154,72.2,81.9,2497,Clear,None
2023-03-15,Koramangala,Road_1,86.2,13.7,0,91.4,63,55.9,66.2,4958,Clear,None
2024-02-21,Brigade Road,Road_13,48.3,25.2,1,57.1,159,34.6,71.5,1916,Cloudy,None
2022-06-18,Indiranagar,Road_5,69.5,25.8,1,82.1,63,66.8,79.6,575,Rain,None
2024-05-24,Electronic City,Road_11,66.1,27.7,2,77.4,126,41.2,86.4,2365,Rain,None
2023-11-07,Brigade Road,Road_12,79.4,15.1,1,85.3,116,36.0,60.4,3675,Clear,Major
2024-02-03,Brigade Road,Road_14,78.5,13.6,1,73.1,92,67.0,89.9,3110,Rain,Major
2024-07-28,Koramangala,Road_16,77.9,14.2,1,74.6,230,50.9,64.2,1139,Rain,Major
2022-12-14,Marathahalli,Road_14,62.4,23.2,0,60.4,148,70.7,61.9,3675,Rain,Major
2024-07-07,MG Road,Road_7,75.5,18.6,0,74.3,218,32.1,67.6,1679,Cloudy,Minor
2023-10-01,Marathahalli,Road_1,59.5,30.1,0,59.0,191,31.4,71.8,3759,Cloudy,Minor
2022-01-21,Whitefield,Road_1,63.9,19.6,0,62.1,236,31.1,88.2,2557,Clear,Minor
2022-03-27,Silk Board,Road_5,65.3,27.7,0,67.8,120,73.6,64.2,1605,Cloudy,Minor
2023-09-07,Indiranagar,Road_5,71.4,21.8,1,69.3,182,63.6,94.7,4264,Rain,Major
2024-01-11,Silk Board,Road_1,51.0,18.5,0,50.0,53,73.6,65.5,952,Clear,None
2022-10-01,Electronic City,Road_10,59.1,15.7,0,59.5,157,56.0,64.1,3501,Haze,Minor
2023-08-13,Brigade Road,Road_9,62.4,19.1,1,74.1,130,37.2,74.4,2320,Cloudy,Major
2023-04-04,Indiranagar,Road_2,70.3,25.3,1,72.0,86,52.8,62.3,3095,Clear,None
2022-06-24,Marathahalli,Road_14,57.3,20.1,0,70.3,206,33.7,79.5,4397,Haze,Major
2024-02-14,MG Road,Road_14,49.2,29.2,0,50.0,67,57.8,71.9,1547,Rain,None
2023-11-22,Whitefield,Road_3,69.6,20.4,0,84.7,60,73.2,82.4,1289,Rain,Minor
2022-08-24,Electronic City,Road_16,78.4,27.2,0,85.2,140,30.1,90.1,534,Cloudy,Major
2023-11-12,Brigade Road,Road_8,69.8,18.3,1,64.0,126,63.8,83.6,4401,Cloudy,Major
2023-01-16,MG Road,Road_4,86.2,12.8,2,76.0,114,31.4,61.7,3716,Clear,Major
2024-04-08,Koramangala,Road_10,86.8,14.6,3,95.5,148,32.4,69.1,886,Rain,Minor
2023-04-22,Silk Board,Road_15,74.1,19.9,1,79.5,84,61.6,90.9,2321,Clear,None
2024-08-11,MG Road,Road_4,65.7,20.5,1,85.1,224,45.8,70.6,3217,Rain,Major
2023-08-20,Electronic City,Road_2,95.2,9.5,3,86.0,139,41.5,72.8,1401,Rain,Major
2024-04-02,Electronic City,Road_5,62.2,20.2,0,58.2,87,69.0,69.6,2665,Haze,Minor
2023-11-20,Whitefield,Road_8,70.0,19.4,0,86.9,188,34.0,65.7,1557,Clear,Minor
2022-05-16,Indiranagar,Road_15,45.4,28.8,0,53.3,246,35.2,85.0,4269,Haze,None
2022-12-15,Koramangala,Road_16,84.2,9.1,1,100.0,192,74.2,72.8,4741,Cloudy,None
2022-10-27,Marathahalli,Road_13,76.9,14.0,1,75.3,56,72.1,67.4,1691,Cloudy,Minor
2022-05-31,Whitefield,Road_16,57.0,19.9,0,59.9,67,67.7,61.0,2938,Haze,Minor
2022-07-05,Marathahalli,Road_7,80.0,22.2,2,94.2,201,45.4,91.9,509,Cloudy,Minor
2023-02-20,Indiranagar,Road_4,64.9,22.4,0,83.5,78,73.3,82.7,3771,Haze,Major
2024-04-06,Koramangala,Road_9,77.2,15.4,2,85.7,55,50.4,89.3,4006,Rain,Minor
2023-11-24,Indiranagar,Road_14,71.3,22.7,0,89.9,239,73.9,76.5,887,Rain,Major
2022-07-23,Silk Board,Road_12,97.2,8.1,0,100.0,145,30.5,68.4,1856,Clear,Major
2023-03-29,Koramangala,Road_1,60.4,24.3,1,50.0,92,62.9,67.5,2921,Clear,None
2024-05-21,Silk Board,Road_1,51.6,21.9,1,56.3,59,61.1,69.6,2949,Cloudy,Minor
2023-02-23,Brigade Road,Road_1,78.4,21.6,3,75.5,229,44.5,72.9,3942,Rain,Minor
2023-05-22,Brigade Road,Road_13,83.1,16.4,1,82.7,219,34.7,89.1,4395,Rain,Major
2023-09-19,Marathahalli,Road_9,86.8,14.0,0,100.0,116,30.2,94.6,3120,Cloudy,Minor
2022-07-02,Marathahalli,Road_1,85.5,15.1,0,81.2,181,63.5,67.0,574,Haze,Major
2023-06-19,Whitefield,Road_16,87.6,12.2,3,95.3,68,53.7,92.8,2938,Clear,None
2022-08-25,Indiranagar,Road_5,68.6,22.4,0,64.0,219,59.3,70.9,4379,Clear,Major
2022-04-29,Whitefield,Road_3,80.7,15.8,1,80.8,192,74.5,78.7,4121,Clear,Major
2022-08-19,Koramangala,Road_14,37.8,27.0,0,50.0,133,47.1,80.5,3906,Rain,Minor
2023-03-04,Silk Board,Road_10,76.1,15.2,0,78.0,240,51.9,62.3,1008,Haze,Major
2022-06-05,Marathahalli,Road_16,96.0,10.3,2,100.0,230,46.9,70.7,3538,Clear,None
2022-02-08,MG Road,Road_13,54.4,19.3,0,62.6,150,59.9,76.3,2865,Rain,None
2023-09-19,Electronic City,Road_5,64.6,21.4,0,61.7,155,64.7,61.2,1287,Cloudy,None
2022-11-08,Marathahalli,Road_16,72.2,28.2,0,83.5,174,63.8,76.4,3692,Rain,None
2024-03-03,Indiranagar,Road_6,48.0,32.4,0,50.0,209,73.1,93.5,2871,Cloudy,None
2022-05-08,Silk Board,Road_15,40.3,32.0,0,59.6,137,48.9,85.3,4133,Rain,Major
2023-07-29,Indiranagar,Road_13,75.7,16.3,2,90.1,90,38.9,67.9,1265,Cloudy,Minor
2023-02-26,Electronic City,Road_1,75.1,25.9,1,86.7,145,43.1,93.6,1484,Haze,Major
2024-03-19,Electronic City,Road_15,98.7,11.3,3,100.0,86,59.0,91.3,2297,Clear,None
2022-08-25,Silk Board,Road_5,84.7,18.3,1,98.6,199,54.2,66.5,1696,Clear,Major
2024-06-08,Whitefield,Road_15,52.5,28.3,0,50.0,78,74.6,81.6,4325,Haze,Minor
2022-08-02,Electronic City,Road_11,83.8,16.5,2,91.3,72,69.5,80.0,1592,Haze,Major
2022-08-21,MG Road,Road_9,56.0,26.4,0,50.0,62,47.5,62.1,2150,Haze,None
2023-10-20,Silk Board,Road_14,74.4,19.5,0,87.6,61,74.7,91.1,1399,Haze,Minor
2022-09-19,Brigade Road,Road_16,84.7,12.0,0,84.7,137,38.0,60.0,1088,Haze,Minor
2023-10-27,Electronic City,Road_7,63.5,21.5,0,68.1,101,72.4,66.3,4759,Clear,Minor
2022-08-21,Electronic City,Road_14,70.1,22.7,0,73.9,76,45.7,63.8,928,Cloudy,None
2023-10-22,Marathahalli,Road_11,72.6,22.3,2,69.0,138,46.5,76.9,1722,Cloudy,None
2023-03-17,Silk Board,Road_11,74.5,15.0,1,74.4,132,38.0,72.8,3286,Haze,Minor
2024-01-31,Whitefield,Road_11,84.0,16.5,1,91.7,66,67.1,68.6,2512,Cloudy,None
2022-07-12,Electronic City,Road_5,71.6,18.8,1,67.1,156,71.9,70.0,4692,Cloudy,None
2022-05-08,Koramangala,Road_12,76.4,16.2,1,90.9,123,61.9,93.2,2530,Rain,None
2024-07-11,Koramangala,Road_12,81.9,13.6,2,91.3,193,63.0,68.8,3646,Cloudy,Minor
2023-11-06,Brigade Road,Road_2,43.0,35.5,0,50.0,92,71.2,93.8,3192,Rain,None
2022-03-29,MG Road,Road_16,76.4,13.8,1,97.1,94,66.4,95.0,522,Haze,None
2023-04-02,Koramangala,Road_13,63.8,24.8,0,71.6,228,56.0,70.2,3141,Haze,None
2022-06-20,Brigade Road,Road_10,66.1,19.3,0,69.0,235,50.9,60.8,3383,Cloudy,Major
2023-06-22,Brigade Road,Road_6,91.1,8.0,2,100.0,182,39.7,74.9,4114,Cloudy,Minor
2024-06-07,MG Road,Road_16,78.2,21.5,0,70.7,101,33.9,71.8,3635,Rain,Minor
2023-01-14,Electronic City,Road_11,82.4,8.1,1,85.4,158,47.2,69.8,4122,Rain,Minor
2022-07-20,Indiranagar,Road_15,71.1,17.5,1,77.7,63,41.6,87.7,1113,Rain,Major
2024-02-16,Silk Board,Road_6,60.8,24.4,0,50.0,144,40.6,75.7,764,Rain,Major
2024-02-24,Silk Board,Road_13,74.5,23.8,0,76.7,211,33.2,92.5,2026,Rain,Major
2024-08-01,Whitefield,Road_11,86.5,14.1,2,93.5,83,73.8,74.0,3334,Rain,Minor
2022-07-10,Whitefield,Road_1,59.2,23.3,0,65.6,202,64.5,71.6,4834,Clear,None
2022-05-08,Marathahalli,Road_13,80.4,20.6,2,97.9,182,56.3,74.7,2222,Clear,None
2024-04-29,Indiranagar,Road_6,56.6,27.2,0,67.9,239,47.9,71.3,3408,Cloudy,Major
2022-04-21,Marathahalli,Road_2,68.8,18.2,3,71.8,214,42.6,69.7,3942,Haze,Minor
2023-03-06,Marathahalli,Road_2,69.7,22.6,1,74.0,190,71.6,70.8,1312,Clear,Major
2023-05-05,Koramangala,Road_1,88.0,17.6,3,94.7,59,55.6,74.1,3647,Cloudy,Minor
2022-09-15,Indiranagar,Road_2,82.3,11.5,1,70.8,238,30.5,62.8,1739,Rain,Minor
2024-04-15,Whitefield,Road_3,49.3,30.0,0,50.0,175,58.8,91.2,4076,Cloudy,Minor
2023-08-04,MG Road,Road_10,64.8,23.1,0,73.4,65,52.0,80.4,919,Rain,Major
2023-08-10,Silk Board,Road_12,78.1,20.5,1,81.7,61,57.0,71.5,2752,Clear,Major
2023-01-21,Marathahalli,Road_15,69.1,29.5,0,65.4,194,39.6,70.4,4636,Cloudy,Major
2024-03-04,Electronic City,Road_13,79.7,8.0,0,72.9,128,41.8,78.2,529,Rain,None
2024-07-05,Electronic City,Road_2,70.5,20.5,0,80.6,166,71.3,61.7,3378,Clear,Major
2024-01-07,Indiranagar,Road_8,66.5,17.5,0,75.1,126,35.6,88.4,2869,Cloudy,Minor
2023-06-10,Electronic City,Road_15,83.0,16.6,1,87.2,64,44.7,93.8,1619,Cloudy,Minor
2023-12-26,Whitefield,Road_14,71.9,23.2,0,73.9,51,43.5,84.9,595,Clear,Minor
2022-04-18,Marathahalli,Road_14,79.5,15.1,1,84.0,136,49.8,63.2,1627,Clear,None
2023-08-15,Koramangala,Road_10,86.0,17.2,2,81.3,248,36.4,94.5,4431,Cloudy,Minor
2023-07-12,Marathahalli,Road_5,65.3,24.3,0,79.2,138,74.2,63.2,4931,Rain,None
2024-05-27,Silk Board,Road_13,70.0,19.3,0,62.2,178,51.6,83.1,645,Cloudy,None
2023-06-06,MG Road,Road_12,71.1,17.9,1,76.6,76,30.1,86.9,3635,Cloudy,Major
2023-09-27,Silk Board,Road_2,53.5,24.6,0,50.0,120,46.1,71.9,837,Rain,Minor
2022-02-25,Brigade Road,Road_8,49.1,23.7,1,50.0,178,50.5,83.7,2315,Haze,Minor
2023-08-08,Whitefield,Road_4,68.5,21.7,2,66.8,217,68.3,69.9,3792,Rain,Minor
2022-02-23,MG Road,Road_8,63.7,25.3,0,73.3,96,33.6,81.2,2087,Clear,None
2022-06-30,Electronic City,Road_9,67.9,24.7,0,81.5,76,37.4,93.8,4749,Clear,Minor
2023-11-14,Koramangala,Road_12,80.1,14.7,0,87.4,176,39.2,64.6,2483,Clear,Major
2022-08-29,Electronic City,Road_2,62.6,20.5,1,69.9,189,33.6,91.8,1884,Haze,Minor
2022-11-19,Whitefield,Road_14,75.0,21.3,1,79.9,210,39.8,60.1,2139,Clear,None
2023-10-21,Silk Board,Road_6,72.6,14.8,1,86.9,180,37.4,65.4,2314,Haze,None
2023-04-04,Koramangala,Road_1,62.9,27.2,0,62.3,153,68.6,88.1,1066,Cloudy,Major
2023-05-04,MG Road,Road_13,58.8,29.7,0,63.0,148,59.6,89.7,4145,Haze,Major
2022-04-27,Whitefield,Road_12,43.3,28.6,0,50.0,206,63.4,81.2,1210,Clear,Major
2024-02-11,Indiranagar,Road_5,76.9,17.1,3,78.5,185,45.3,86.2,3034,Haze,None
2022-05-12,Marathahalli,Road_12,63.2,26.1,2,89.1,220,73.7,70.1,1197,Haze,Minor
2022-08-17,MG Road,Road_13,83.1,13.8,3,77.8,154,59.7,69.7,2296,Cloudy,Minor
2022-08-28,Whitefield,Road_9,73.2,23.7,0,72.8,147,36.4,89.1,1683,Haze,Major
2022-02-25,MG Road,Road_3,46.9,27.1,0,72.1,240,41.8,87.3,3402,Clear,Major
2023-02-05,Brigade Road,Road_5,84.2,16.5,0,73.8,136,46.1,86.3,2273,Rain,Minor
2022-01-30,Silk Board,Road_15,49.8,22.5,0,52.5,175,32.0,61.8,631,Clear,None
2023-09-03,Marathahalli,Road_14,83.2,14.7,0,100.0,172,57.0,90.5,2540,Haze,Minor
2024-06-14,Silk Board,Road_9,81.0,13.1,1,87.0,119,67.3,94.4,2646,Haze,Major
2023-02-22,Indiranagar,Road_4,60.2,21.7,1,67.8,215,35.9,63.2,2567,Cloudy,None
2022-06-24,MG Road,Road_2,73.4,23.1,0,75.4,228,41.5,68.8,1222,Haze,None
2022-10-12,Silk Board,Road_1,76.8,24.8,1,75.6,243,62.4,61.3,4433,Clear,Major
2023-05-29,Brigade Road,Road_7,68.5,20.6,1,71.9,194,67.1,77.2,1882,Cloudy,Minor
2023-09-26,Electronic City,Road_16,74.4,17.0,2,72.9,248,51.3,73.9,4187,Rain,None
2024-03-17,Electronic City,Road_2,57.9,23.2,0,51.7,74,58.0,77.9,3850,Rain,None
2023-03-19,Electronic City,Road_2,71.9,13.0,2,70.4,80,43.5,76.3,2902,Cloudy,Major
2024-02-18,Whitefield,Road_16,73.4,16.1,2,85.4,197,38.2,78.2,2839,Cloudy,None
2023-03-31,Koramangala,Road_16,56.6,22.8,0,60.8,179,37.3,89.1,2107,Rain,Minor
2024-04-30,Brigade Road,Road_10,88.7,12.7,0,92.0,194,45.2,78.4,4710,Haze,Major
2023-06-30,MG Road,Road_14,74.9,24.1,0,87.6,190,55.5,88.3,3184,Clear,None
2022-12-10,Silk Board,Road_4,84.3,13.1,3,99.4,187,65.3,72.6,1580,Haze,Major
2023-03-13,Indiranagar,Road_3,74.8,20.8,0,80.6,84,34.8,63.8,1154,Cloudy,Minor
2023-10-13,Whitefield,Road_3,71.1,24.7,2,89.6,202,71.3,86.7,2203,Cloudy,None
2022-11-28,Marathahalli,Road_15,55.5,34.9,0,58.5,143,52.7,76.5,4202,Haze,Minor
2023-05-06,Marathahalli,Road_8,57.5,18.7,0,54.8,169,54.3,61.9,3298,Cloudy,Minor
2022-06-30,Brigade Road,Road_9,98.1,8.0,0,98.1,156,68.0,63.1,4374,Cloudy,None
2022-11-11,Brigade Road,Road_15,91.6,15.6,1,88.1,101,61.2,75.2,1583,Cloudy,Minor
2024-04-02,Whitefield,Road_8,76.8,18.8,2,75.2,134,41.5,71.8,1584,Clear,Major
2023-04-14,Electronic City,Road_11,70.1,20.3,0,75.2,197,59.5,60.4,1237,Haze,Major
2023-05-27,Silk Board,Road_1,82.6,8.6,1,78.1,212,72.8,73.3,1914,Cloudy,Major
2022-03-20,Koramangala,Road_8,70.4,19.1,0,71.3,72,68.4,85.7,3678,Cloudy,Major
2022-11-01,MG Road,Road_1,78.2,15.7,0,81.0,122,47.4,91.1,4841,Cloudy,None
2022-07-30,Marathahalli,Road_12,49.7,27.1,0,59.7,143,38.1,85.1,2909,Clear,Minor
2024-04-13,Koramangala,Road_15,60.5,24.3,0,64.1,127,38.6,66.6,4538,Rain,Major
2023-02-14,Koramangala,Road_7,62.2,18.9,0,68.5,192,70.8,67.8,3624,Clear,Minor
2022-08-19,Silk Board,Road_12,79.9,20.3,1,90.5,170,68.6,75.7,3536,Haze,None
2024-07-29,Electronic City,Road_14,75.5,12.7,0,78.9,132,72.9,80.9,4117,Cloudy,Minor
2024-04-21,Indiranagar,Road_13,57.6,22.6,0,70.2,124,59.4,79.0,4685,Clear,None
2023-12-31,Marathahalli,Road_9,65.5,20.8,2,69.2,224,48.0,92.8,3271,Clear,None
2024-06-06,Indiranagar,Road_6,63.5,22.3,0,55.1,65,30.8,66.2,2892,Haze,None
2022-07-13,Marathahalli,Road_2,73.8,15.6,2,73.1,82,73.4,86.2,1579,Rain,Minor
2024-04-30,Whitefield,Road_11,77.8,20.8,0,76.1,179,53.7,65.4,4401,Cloudy,None
2024-08-03,Marathahalli,Road_11,72.2,14.2,1,80.4,84,36.0,92.5,4174,Rain,Minor
2022-06-22,Brigade Road,Road_8,71.0,18.3,0,70.8,75,55.1,80.1,2345,Rain,None
2022-09-07,Koramangala,Road_13,56.3,33.3,0,60.2,110,30.8,64.2,938,Haze,Major
2024-03-04,Electronic City,Road_2,92.7,16.6,4,97.0,71,47.7,60.0,2480,Rain,Major
2022-12-13,Whitefield,Road_10,81.6,13.2,2,98.5,175,42.1,92.8,2294,Rain,Minor
2023-01-11,Marathahalli,Road_13,82.8,19.6,1,84.1,94,52.3,81.1,4233,Haze,Minor
2022-01-12,Silk Board,Road_1,69.3,20.2,0,67.3,162,55.3,85.3,2418,Haze,None
2022-03-31,Indiranagar,Road_12,65.0,20.6,0,73.2,134,48.9,79.6,2227,Cloudy,Minor
2023-11-15,Marathahalli,Road_1,65.4,17.1,0,63.2,132,73.6,76.3,3459,Rain,Major
2022-09-28,MG Road,Road_14,74.0,17.9,1,67.7,238,54.4,72.8,2243,Rain,Major
2022-01-03,Silk Board,Road_5,42.5,30.5,0,50.0,171,63.9,71.9,4268,Cloudy,Minor
2022-10-28,Brigade Road,Road_8,67.2,15.5,1,64.3,152,70.3,88.1,799,Haze,None
2024-08-14,Marathahalli,Road_11,82.3,10.5,1,93.5,57,57.2,82.5,4354,Cloudy,Major
2022-03-08,Electronic City,Road_13,79.7,13.0,1,80.4,220,39.3,62.3,1445,Clear,Major
2023-10-28,Indiranagar,Road_12,67.8,18.4,0,53.5,117,41.4,94.6,2774,Clear,None
2022-02-15,Koramangala,Road_6,75.3,33.3,1,71.7,188,49.4,72.2,4868,Haze,None
2023-08-22,Whitefield,Road_10,83.6,22.3,1,92.6,112,61.8,81.0,3491,Clear,Minor
2023-05-25,Electronic City,Road_12,70.9,26.7,4,69.5,112,39.7,65.4,685,Haze,None
2022-03-13,Indiranagar,Road_3,66.0,23.4,0,81.7,117,53.2,82.6,1370,Clear,Minor
2023-01-11,MG Road,Road_5,77.3,20.5,3,67.9,200,36.5,67.7,2541,Rain,Minor
2024-07-23,Electronic City,Road_6,87.2,17.5,1,100.0,58,63.5,82.3,2722,Haze,None
2024-05-16,Koramangala,Road_13,79.4,11.5,2,80.1,50,72.5,86.9,4324,Haze,None
2022-04-27,Electronic City,Road_14,54.8,25.2,0,62.6,205,61.2,65.6,3767,Clear,Minor
2023-11-25,Whitefield,Road_15,71.7,15.7,1,70.2,112,52.7,60.3,589,Cloudy,Major
2023-08-18,Indiranagar,Road_4,87.2,16.5,0,78.4,113,60.0,93.9,3824,Cloudy,None
2023-10-21,Koramangala,Road_4,84.4,16.0,1,87.7,91,36.9,81.2,2153,Haze,Major
2024-02-23,Indiranagar,Road_5,70.9,20.6,1,69.3,124,63.4,72.0,4795,Cloudy,Minor
2024-08-11,Silk Board,Road_9,69.0,19.7,0,79.4,191,35.6,76.0,2750,Haze,Major
2022-06-09,Marathahalli,Road_9,51.9,22.1,0,51.2,248,43.2,93.5,1036,Clear,Major
2023-11-07,Marathahalli,Road_13,62.1,24.4,0,59.6,249,53.2,81.3,3579,Clear,Minor
2023-11-09,Indiranagar,Road_12,62.9,15.5,0,64.0,144,73.0,73.6,3779,Cloudy,Minor
2023-11-10,Indiranagar,Road_2,65.4,23.2,0,73.9,116,48.6,63.6,529,Clear,None
2022-11-09,MG Road,Road_5,63.9,28.7,1,71.5,140,57.3,66.5,1429,Cloudy,None
2022-01-30,Electronic City,Road_5,74.6,14.5,2,83.1,245,49.2,67.0,2463,Haze,Minor
2024-04-21,MG Road,Road_14,67.9,21.8,0,71.1,147,58.1,92.4,1353,Rain,Major
2024-01-31,MG Road,Road_10,74.6,17.0,3,94.1,65,65.3,91.1,4974,Cloudy,None
2022-07-09,Koramangala,Road_8,75.8,17.4,0,79.0,155,49.0,60.7,1502,Rain,Minor
2023-04-02,Marathahalli,Road_12,54.5,27.8,1,50.0,153,62.2,85.3,4353,Haze,Major
2024-06-26,Whitefield,Road_16,99.0,11.4,1,100.0,58,69.6,79.0,2883,Cloudy,Major
2023-11-26,Indiranagar,Road_2,82.7,17.4,0,93.1,240,60.4,68.2,4253,Rain,Major
2024-07-24,Whitefield,Road_2,73.7,17.2,0,66.6,211,39.3,91.0,2793,Rain,None
2022-07-11,Marathahalli,Road_12,53.2,25.0,1,54.4,127,36.4,79.4,2175,Rain,Minor
2022-03-14,Silk Board,Road_14,86.6,11.5,3,95.2,235,37.0,79.8,4328,Clear,Major
2023-05-23,Whitefield,Road_16,61.6,21.4,0,50.0,188,54.4,75.0,857,Rain,Major
2022-05-18,Whitefield,Road_12,74.6,16.5,3,89.2,188,38.5,79.6,2427,Rain,None
2024-05-31,Koramangala,Road_2,78.3,17.8,0,91.0,52,42.2,82.0,3842,Haze,Minor
2022-05-16,Electronic City,Road_10,75.2,17.0,2,82.1,149,46.7,67.8,1239,Cloudy,None
2022-02-28,Silk Board,Road_3,60.6,21.3,1,66.8,228,54.9,87.7,1053,Clear,Minor
2022-04-14,Electronic City,Road_15,58.5,21.8,0,63.0,56,55.7,66.8,2522,Clear,None
2022-10-13,Koramangala,Road_13,72.0,24.5,0,79.1,127,42.1,61.6,3351,Rain,None
2022-07-08,Koramangala,Road_8,68.5,19.3,2,67.1,91,63.6,91.3,636,Haze,None
2024-03-05,Silk Board,Road_13,69.1,26.5,1,75.0,176,57.5,78.3,3983,Haze,Minor
2022-01-22,Brigade Road,Road_2,81.1,13.2,1,87.4,222,63.0,68.1,3087,Clear,Minor
2023-06-11,Electronic City,Road_14,76.4,19.7,1,90.4,215,36.0,93.4,1617,Haze,None
2024-04-08,Electronic City,Road_10,58.5,28.4,0,58.7,130,45.3,66.0,4523,Rain,Minor
2024-08-10,Whitefield,Road_8,48.4,27.5,2,50.0,220,72.1,79.0,3771,Clear,Minor
2023-01-12,Silk Board,Road_1,64.2,17.4,1,71.5,151,56.5,62.6,1567,Haze,Major
2024-08-07,Brigade Road,Road_12,69.8,23.0,0,75.0,82,30.8,62.5,4412,Rain,None
2022-04-21,Indiranagar,Road_5,61.3,13.8,0,61.8,50,41.0,76.6,3383,Cloudy,Major
2022-05-08,Whitefield,Road_16,67.8,17.7,1,69.0,182,61.5,77.2,1650,Cloudy,None
2023-05-04,Whitefield,Road_14,74.5,13.1,0,88.3,187,37.2,90.9,4522,Rain,None
2023-04-02,Whitefield,Road_7,55.3,32.7,2,77.6,213,42.9,94.7,3390,Haze,Minor
2023-06-22,Indiranagar,Road_12,84.1,15.1,3,80.2,188,46.7,71.7,3026,Rain,Minor
2023-11-03,Brigade Road,Road_10,68.5,23.7,1,62.4,75,66.5,71.3,3395,Cloudy,None
2022-07-24,Whitefield,Road_2,66.3,19.0,0,63.4,66,68.6,78.1,837,Haze,Major
2023-03-28,Electronic City,Road_12,70.0,17.8,1,73.6,84,74.2,62.6,2368,Cloudy,Minor
2024-07-27,Koramangala,Road_7,78.6,17.4,1,81.4,143,70.2,77.7,4685,Haze,Major
2024-06-11,Whitefield,Road_16,82.5,18.6,3,72.9,245,46.2,87.1,806,Haze,None
2022-12-16,Brigade Road,Road_15,65.9,28.1,4,71.8,157,45.9,79.8,3918,Clear,Minor
2022-05-08,Electronic City,Road_16,65.3,23.8,0,79.8,200,41.4,93.5,722,Rain,Major
2023-01-02,Marathahalli,Road_2,52.8,17.0,0,64.8,224,36.6,67.9,614,Rain,None
2023-12-12,Whitefield,Road_3,57.1,29.4,0,50.0,69,65.5,73.5,3699,Rain,Major
2024-05-09,Silk Board,Road_1,71.1,19.7,0,89.2,204,71.5,71.7,4468,Cloudy,Minor
2023-10-11,Brigade Road,Road_9,66.8,22.7,0,71.9,125,32.9,75.2,4774,Clear,Major
2023-02-14,Whitefield,Road_14,63.9,19.1,0,77.7,221,36.1,73.7,2643,Clear,None
2024-02-02,Whitefield,Road_3,65.4,24.1,1,70.1,137,33.2,91.1,3290,Rain,Major
2022-05-27,Brigade Road,Road_5,78.8,24.9,2,75.2,67,68.7,85.9,3690,Clear,Minor
2023-11-27,Whitefield,Road_3,49.2,28.2,0,53.3,129,62.0,93.1,3760,Haze,Minor
2024-07-23,Brigade Road,Road_9,67.8,16.3,0,72.8,198,67.4,77.7,3902,Haze,Minor
2023-11-11,Koramangala,Road_9,70.1,15.0,0,70.1,149,69.1,94.7,2944,Clear,Minor
2022-05-22,MG Road,Road_15,60.4,22.4,1,66.4,224,59.0,67.9,3983,Rain,None
2023-10-29,Whitefield,Road_13,74.9,26.6,0,73.0,63,61.5,87.8,2590,Haze,Major
2022-06-23,Brigade Road,Road_15,83.1,14.7,1,97.0,69,74.4,71.8,3789,Haze,None
2022-06-26,Whitefield,Road_1,82.9,13.5,4,87.6,200,73.4,81.6,2967,Clear,Major
2023-03-23,Indiranagar,Road_15,57.7,30.1,0,58.3,205,69.8,74.7,3918,Haze,Major
2022-11-15,Silk Board,Road_3,64.7,20.8,0,78.0,224,59.6,65.4,1200,Clear,Minor
2022-11-16,Whitefield,Road_13,68.9,22.5,0,83.3,182,70.7,89.5,706,Clear,Minor
2022-02-05,Koramangala,Road_1,80.5,15.9,1,76.5,217,47.3,73.1,920,Rain,None
2023-12-03,Silk Board,Road_4,67.9,19.8,2,71.4,93,37.5,77.1,2446,Rain,Major
2023-12-31,Koramangala,Road_14,59.8,29.8,0,73.7,159,61.0,94.3,3552,Rain,Minor
2023-09-18,Brigade Road,Road_7,57.0,25.1,1,56.0,198,37.3,93.1,842,Haze,Major
2022-05-22,MG Road,Road_3,71.2,13.4,3,69.0,53,67.7,68.3,829,Cloudy,None
2023-05-31,Marathahalli,Road_5,54.8,24.9,0,60.2,119,72.4,65.3,3861,Cloudy,Major
2023-03-07,Electronic City,Road_2,72.4,19.2,0,77.5,194,49.7,63.3,561,Cloudy,Minor
2022-08-20,Marathahalli,Road_7,58.6,21.1,0,63.4,77,54.7,87.3,560,Clear,Major
2023-09-19,Silk Board,Road_3,61.2,24.3,0,55.7,103,31.4,60.8,1913,Haze,None
2023-10-21,Electronic City,Road_10,93.0,20.6,0,99.8,173,68.4,67.1,4972,Haze,Major
2023-06-01,Indiranagar,Road_13,83.7,17.4,0,86.1,97,44.7,60.8,4042,Clear,Major
2023-09-12,Indiranagar,Road_2,73.6,18.7,1,87.5,102,71.9,91.0,2370,Clear,None
2023-06-13,MG Road,Road_9,76.6,23.5,0,85.1,152,64.5,84.7,839,Clear,Major
2024-02-18,MG Road,Road_9,65.7,20.3,2,71.4,136,48.5,68.3,1425,Clear,None
2023-09-30,Brigade Road,Road_15,44.8,34.3,0,50.0,226,58.2,64.9,2100,Clear,Minor
2023-09-26,Silk Board,Road_3,80.6,10.5,0,91.1,72,46.5,60.5,2431,Cloudy,Major
2022-11-24,Marathahalli,Road_3,72.6,9.5,0,61.8,60,45.3,91.6,4064,Cloudy,None
2023-08-27,Koramangala,Road_9,83.7,11.2,1,69.5,108,37.0,62.6,4236,Clear,Major
2022-08-25,Marathahalli,Road_8,74.2,15.1,0,81.5,223,55.0,84.5,2522,Clear,Major
2023-04-18,Indiranagar,Road_12,75.3,21.5,1,82.8,65,72.0,92.6,4737,Rain,None
2023-03-21,MG Road,Road_11,66.0,23.8,0,77.4,52,63.5,72.7,4549,Clear,Major
2022-12-09,Electronic City,Road_1,69.4,26.6,0,62.9,166,58.6,85.2,4704,Cloudy,Minor
2024-08-02,Silk Board,Road_10,87.2,18.3,0,91.5,178,34.4,88.0,4328,Haze,Minor
2023-11-25,Whitefield,Road_7,83.4,11.5,2,86.7,72,33.6,76.2,2712,Haze,Minor
2023-12-07,Indiranagar,Road_9,62.2,35.3,1,77.0,183,48.6,93.7,2828,Haze,None
2024-07-31,Indiranagar,Road_16,75.2,16.6,0,73.2,204,58.7,78.4,1560,Cloudy,None
2022-10-14,Brigade Road,Road_5,73.6,20.5,2,74.0,225,59.0,85.0,1596,Rain,Minor
2023-07-22,Electronic City,Road_16,74.9,24.4,1,86.7,81,51.8,84.6,1927,Rain,None
2022-05-03,Marathahalli,Road_16,79.0,14.9,0,79.5,158,73.0,82.9,1123,Cloudy,Minor
2022-03-19,Silk Board,Road_4,76.9,16.8,1,70.1,118,49.9,94.6,3750,Rain,Major
2022-09-13,Electronic City,Road_2,56.6,28.6,0,62.8,156,60.3,93.2,2374,Haze,None
2024-06-27,MG Road,Road_3,86.5,19.4,2,95.9,208,69.8,93.5,1736,Clear,Minor
2022-02-11,Koramangala,Road_15,46.3,20.7,1,60.0,214,34.9,66.0,4907,Clear,Minor
2023-10-09,Marathahalli,Road_5,82.2,20.6,0,91.8,133,46.0,94.9,4460,Haze,Minor
2024-03-16,Indiranagar,Road_4,82.0,19.4,0,87.0,168,44.8,88.1,2083,Cloudy,Major
2023-07-09,Indiranagar,Road_15,85.7,26.0,1,87.6,242,73.5,83.3,4313,Haze,Minor
2023-02-28,MG Road,Road_7,66.4,21.8,0,71.4,156,69.3,86.6,4250,Clear,Minor
2024-05-09,Electronic City,Road_7,78.5,17.6,0,90.2,73,59.7,62.4,4860,Clear,None
2023-02-26,Whitefield,Road_3,77.5,18.0,0,86.1,87,40.1,80.4,2164,Clear,Major
2023-04-22,Silk Board,Road_15,59.8,18.4,0,67.4,155,66.0,94.2,2641,Cloudy,None
2022-10-31,Marathahalli,Road_12,67.7,20.5,0,65.8,222,44.1,71.3,3258,Clear,Major
2023-06-28,Marathahalli,Road_5,50.7,31.6,0,50.0,161,33.6,62.2,2884,Haze,Minor
2024-07-28,MG Road,Road_16,61.5,20.8,2,61.4,222,49.5,80.4,2775,Cloudy,Major
2022-04-22,Marathahalli,Road_15,60.0,23.4,0,65.2,70,70.9,72.7,4004,Cloudy,None
2022-12-13,Silk Board,Road_13,51.0,22.9,0,57.5,53,31.5,72.8,1416,Rain,Major
2022-09-12,MG Road,Road_7,80.1,15.3,0,97.2,227,61.4,70.8,591,Clear,Minor
2022-10-16,Indiranagar,Road_8,88.0,10.1,2,100.0,98,61.3,60.7,3988,Clear,Major
2022-01-05,Brigade Road,Road_4,81.4,22.7,0,83.4,110,60.6,82.5,787,Cloudy,None
2023-06-15,Whitefield,Road_12,66.7,26.2,1,74.8,66,34.9,66.4,3103,Clear,Minor
2023-04-17,Marathahalli,Road_3,52.3,24.9,0,61.4,152,44.8,71.3,2840,Rain,Minor
2023-06-12,Koramangala,Road_14,62.7,22.0,0,69.2,73,61.5,71.8,1373,Haze,Major
2024-08-15,Indiranagar,Road_12,72.3,16.1,2,75.9,121,48.4,81.4,2733,Haze,None
2023-08-13,Electronic City,Road_1,99.0,14.4,3,97.7,167,70.0,87.8,1095,Rain,Major
2022-11-07,Koramangala,Road_7,91.1,17.2,0,86.8,200,69.5,82.5,1929,Clear,Major
2024-04-20,Brigade Road,Road_1,58.8,23.9,0,62.2,69,60.5,92.7,4441,Cloudy,None
2023-01-09,Koramangala,Road_3,75.3,15.9,1,81.6,247,38.7,92.3,4400,Haze,Major
2024-04-27,Indiranagar,Road_3,88.5,14.9,2,100.0,156,50.2,75.4,2909,Haze,Major
2024-08-03,Brigade Road,Road_3,75.3,17.0,2,79.0,176,64.3,80.2,3104,Rain,Minor
2022-05-06,Marathahalli,Road_11,60.3,19.3,1,60.7,200,63.5,89.7,549,Cloudy,Major
2023-03-19,Indiranagar,Road_2,64.7,21.8,0,66.5,52,59.5,73.8,540,Cloudy,Major
2023-07-02,Whitefield,Road_11,84.7,17.0,0,98.9,163,43.6,94.0,2599,Clear,None
2024-02-06,Brigade Road,Road_7,71.3,16.4,2,77.1,187,66.4,72.2,2438,Rain,Minor
2023-09-06,MG Road,Road_6,67.1,17.2,0,75.6,168,53.7,77.0,2040,Clear,None
2024-02-12,Brigade Road,Road_7,54.7,22.9,0,50.0,99,52.2,61.8,2835,Clear,Minor
2022-12-11,Electronic City,Road_3,79.8,18.9,0,99.3,152,57.2,72.9,4856,Clear,None
2024-02-21,Indiranagar,Road_7,54.4,28.0,0,57.2,211,63.8,89.5,2749,Rain,Major
2024-07-13,Silk Board,Road_5,74.5,23.5,0,75.1,62,37.5,63.2,1724,Cloudy,Major
2022-11-15,Electronic City,Road_4,82.6,11.8,1,92.3,222,36.6,71.8,1500,Haze,Minor
2022-12-30,Indiranagar,Road_6,88.8,19.0,1,84.6,121,33.5,76.8,4680,Clear,Major
2022-11-07,Brigade Road,Road_9,57.1,25.0,1,52.6,242,35.0,89.7,4442,Clear,Minor
2023-01-07,Koramangala,Road_16,82.1,17.6,2,97.0,180,58.4,91.3,2112,Cloudy,Minor
2022-06-29,Marathahalli,Road_10,51.1,27.6,0,55.0,194,58.8,63.4,1399,Cloudy,Minor
2023-04-26,Indiranagar,Road_2,75.8,20.5,1,78.2,140,45.0,60.6,1233,Cloudy,Major
2024-03-27,Silk Board,Road_14,46.0,31.1,0,50.0,156,45.7,61.6,3911,Clear,None
2023-07-03,Whitefield,Road_1,43.2,32.3,0,63.6,82,70.8,78.5,622,Cloudy,Major
2023-02-06,Whitefield,Road_1,79.1,17.4,0,68.7,233,40.1,89.0,2070,Haze,Minor
2023-05-09,Silk Board,Road_9,71.6,23.2,1,64.1,60,41.5,82.3,4668,Rain,None
2024-02-01,MG Road,Road_10,86.9,17.1,2,86.4,201,56.9,86.6,1763,Cloudy,Major
2023-01-14,Silk Board,Road_14,73.2,13.2,0,82.2,133,58.5,85.3,2599,Clear,None
2023-12-04,MG Road,Road_3,65.1,27.7,0,73.0,80,65.3,65.2,1742,Clear,Minor
2023-09-29,Koramangala,Road_3,72.2,24.4,1,73.6,181,59.0,68.5,4245,Rain,None
2023-05-15,Silk Board,Road_3,72.2,12.9,1,81.6,114,71.8,85.2,2812,Haze,Major
2022-02-23,Marathahalli,Road_4,74.6,18.0,1,67.4,87,67.4,86.3,3908,Cloudy,Major
2024-06-01,Whitefield,Road_7,77.4,21.2,1,83.2,198,48.3,69.8,4608,Clear,Minor
2022-08-03,Indiranagar,Road_8,74.8,16.5,2,77.3,216,56.4,86.8,1429,Clear,None
2022-06-21,Whitefield,Road_13,73.8,23.4,1,74.6,57,52.5,76.3,4290,Cloudy,Major
2022-07-10,Marathahalli,Road_1,74.7,15.3,1,90.6,83,52.2,75.8,1282,Cloudy,None
2023-02-04,Indiranagar,Road_13,81.5,13.5,0,79.9,231,38.1,65.2,545,Rain,None
2022-09-03,Koramangala,Road_9,97.4,16.0,2,100.0,175,67.1,72.8,4932,Clear,None
2024-03-02,Marathahalli,Road_9,68.9,16.2,2,75.3,88,62.8,94.6,1205,Haze,None
2023-02-01,Whitefield,Road_9,65.4,26.1,0,61.9,206,64.2,92.0,2585,Cloudy,Minor
2023-03-30,Koramangala,Road_8,77.1,11.1,1,91.1,137,69.2,66.5,732,Clear,None
2024-07-03,Silk Board,Road_11,66.9,22.6,2,81.8,209,68.8,84.3,557,Cloudy,Minor
2023-11-07,Brigade Road,Road_14,62.3,16.9,0,69.5,197,59.5,85.9,2311,Cloudy,Minor
2022-05-04,Brigade Road,Road_9,67.4,21.2,1,69.0,110,45.1,74.5,1643,Haze,Major
2022-04-05,Brigade Road,Road_7,72.1,20.9,0,81.7,94,39.6,62.9,1931,Haze,None
2022-08-16,Indiranagar,Road_10,62.7,19.9,1,75.4,214,43.9,78.1,4296,Cloudy,None
2022-04-11,Silk Board,Road_4,86.5,23.0,0,94.0,154,63.8,87.5,1524,Cloudy,Major
2023-12-08,Koramangala,Road_9,69.6,13.3,0,73.6,163,57.0,80.9,4045,Clear,Major
2023-06-19,Whitefield,Road_8,86.8,16.3,0,97.7,141,44.1,64.1,2371,Clear,Major
2022-08-03,Marathahalli,Road_15,62.8,26.0,0,66.3,166,42.9,62.2,2232,Clear,None
2024-07-01,Koramangala,Road_13,79.7,12.0,2,95.9,134,38.2,82.5,4806,Rain,Major
2023-01-01,Brigade Road,Road_11,59.2,24.7,0,75.1,135,38.6,67.4,3682,Rain,Major
2023-02-23,Whitefield,Road_7,99.0,11.3,3,96.2,163,48.7,73.7,2622,Haze,None
2023-08-17,Indiranagar,Road_15,62.8,19.8,1,86.9,137,73.6,71.0,4096,Clear,None
2024-07-21,Electronic City,Road_15,72.1,21.1,2,75.4,54,42.1,84.1,3552,Rain,None
2022-12-11,MG Road,Road_12,91.6,10.3,2,96.3,187,49.6,61.7,1667,Cloudy,Major
2023-01-30,MG Road,Road_5,65.1,20.3,2,71.0,137,52.3,67.2,2579,Rain,Major
2023-12-09,Electronic City,Road_6,81.1,17.7,0,100.0,138,45.7,74.3,1481,Cloudy,Minor
2023-06-11,Whitefield,Road_9,62.4,22.4,0,62.5,71,30.2,81.3,2621,Rain,Major
2023-06-07,Electronic City,Road_6,63.5,28.8,0,65.4,147,42.3,67.9,3145,Cloudy,Minor
2022-03-08,Electronic City,Road_3,68.7,25.1,1,69.7,55,62.1,89.3,2364,Haze,Major
2022-05-04,Brigade Road,Road_8,79.7,14.4,4,75.7,70,45.4,91.6,4943,Haze,Minor
2023-06-17,Whitefield,Road_12,79.3,13.1,2,86.1,147,71.4,94.2,2148,Rain,Major
2023-06-21,MG Road,Road_2,85.2,14.8,2,93.4,200,71.1,90.4,1969,Cloudy,Minor
2024-06-18,Electronic City,Road_14,54.2,23.6,0,52.6,108,33.8,94.9,4907,Rain,Minor
2022-11-28,Whitefield,Road_16,57.2,23.7,1,61.0,124,31.3,89.6,2057,Haze,Minor
2023-11-11,Whitefield,Road_1,72.0,21.7,0,75.2,190,59.2,93.9,850,Clear,Minor
2023-04-05,Brigade Road,Road_7,75.8,18.6,1,80.9,172,59.4,93.3,4835,Cloudy,Major
2023-10-22,Whitefield,Road_11,81.9,22.0,0,96.7,73,44.1,93.4,4155,Clear,Major
2023-08-23,Indiranagar,Road_5,65.6,17.9,1,63.0,77,68.7,68.6,4781,Haze,Minor
2023-11-07,Indiranagar,Road_3,82.7,11.4,0,98.4,217,39.6,78.9,889,Haze,Major
2022-05-18,Indiranagar,Road_8,80.6,9.6,1,75.3,107,41.1,71.5,3732,Clear,Minor
2024-04-06,Brigade Road,Road_7,74.9,20.2,0,78.4,193,33.8,62.6,4367,Haze,Minor
2022-02-04,Brigade Road,Road_14,62.5,23.0,1,67.1,90,64.7,88.0,4276,Cloudy,None
2023-09-16,MG Road,Road_11,77.5,23.7,3,95.9,86,65.7,86.0,1880,Clear,None
2022-07-30,Koramangala,Road_8,81.8,17.6,0,81.8,94,51.6,85.6,2105,Rain,None
2022-06-17,Brigade Road,Road_15,78.6,25.5,2,87.6,193,35.2,88.0,1376,Haze,None
2024-06-01,Brigade Road,Road_4,70.0,14.9,0,78.9,158,56.6,88.5,566,Clear,Minor
2023-11-12,Whitefield,Road_14,71.2,17.9,1,77.2,139,30.1,63.8,1654,Haze,None
2022-09-15,Electronic City,Road_1,70.4,13.7,1,87.3,118,45.5,63.7,2175,Haze,Minor
2023-12-10,Brigade Road,Road_3,82.7,11.9,0,82.9,192,71.8,66.8,1278,Cloudy,Minor
2024-06-24,Brigade Road,Road_6,69.1,23.8,1,86.9,243,67.9,68.2,616,Haze,None
2024-05-31,Brigade Road,Road_11,68.5,17.2,1,87.8,238,36.7,82.1,4173,Clear,Minor
2022-09-25,Brigade Road,Road_16,52.3,21.6,0,60.2,179,32.9,74.6,4272,Cloudy,Major
2024-01-30,Silk Board,Road_15,75.3,21.0,0,80.0,243,73.6,80.1,843,Cloudy,Minor
2024-05-18,Electronic City,Road_16,94.9,8.0,2,100.0,185,40.8,64.4,4341,Rain,Minor
2022-11-13,Marathahalli,Road_13,72.4,18.2,3,89.6,149,53.9,79.0,1836,Clear,Major
2022-08-16,Electronic City,Road_12,79.8,17.5,1,81.6,73,33.1,91.5,4972,Clear,None
2023-07-09,Whitefield,Road_9,53.2,27.9,1,53.2,223,53.3,82.7,1239,Cloudy,Major
2024-02-24,Whitefield,Road_3,67.1,23.0,1,64.9,125,49.5,79.7,4849,Haze,Major
2022-04-28,Marathahalli,Road_16,88.8,8.0,0,100.0,204,46.8,69.2,2967,Haze,None
2023-08-04,Brigade Road,Road_11,73.7,12.5,0,74.1,50,60.4,65.8,674,Haze,Major
2024-08-07,Silk Board,Road_11,73.5,24.3,1,82.5,99,49.2,83.1,4126,Clear,Major
2023-03-09,Whitefield,Road_11,55.8,25.4,1,51.9,217,44.0,77.2,3703,Rain,Minor
2022-03-03,Electronic City,Road_5,81.4,14.6,1,94.2,219,35.6,63.0,2390,Haze,None
2023-09-14,Whitefield,Road_8,98.0,8.0,2,100.0,187,40.9,90.1,1073,Haze,None
2022-10-10,MG Road,Road_1,66.7,23.1,0,79.8,227,34.5,81.5,4759,Clear,Major
2024-01-07,MG Road,Road_3,73.1,14.0,1,93.7,215,38.6,66.7,4714,Haze,Major
2022-11-10,MG Road,Road_11,52.4,24.1,0,58.4,140,56.8,86.4,1800,Clear,None
2024-07-18,Silk Board,Road_15,61.8,24.7,0,56.5,107,49.6,72.1,4526,Clear,Major
2022-02-18,Whitefield,Road_1,80.7,20.7,3,89.8,167,49.3,65.7,617,Haze,Minor
2022-10-29,Silk Board,Road_5,82.8,16.2,2,91.8,194,43.0,91.5,2230,Rain,Minor
2023-07-28,Silk Board,Road_7,47.6,34.3,0,57.4,105,57.8,94.8,2183,Rain,None
2023-04-29,Brigade Road,Road_11,67.0,21.3,0,84.3,75,35.3,83.6,2351,Rain,Minor
2022-02-01,Koramangala,Road_10,64.8,16.8,0,67.8,108,54.3,81.1,939,Haze,Major
2024-06-22,Indiranagar,Road_1,80.8,13.0,2,89.5,153,43.4,81.7,4692,Clear,None
2023-12-15,Whitefield,Road_11,64.0,24.5,2,50.5,235,71.7,85.3,2587,Rain,Major
2024-06-06,Brigade Road,Road_11,89.2,12.4,0,89.5,160,44.6,69.5,3100,Haze,Minor
2023-04-21,Electronic City,Road_16,94.8,15.7,1,88.4,142,63.2,65.8,3672,Cloudy,Minor
2023-11-27,Marathahalli,Road_13,76.3,19.7,2,91.7,114,35.2,62.0,868,Rain,Major
2023-12-02,Whitefield,Road_10,82.1,18.3,0,84.2,151,68.9,65.1,1289,Clear,None
2024-01-22,Koramangala,Road_4,78.5,21.1,1,66.6,132,55.1,60.8,4348,Cloudy,None
2024-02-29,Indiranagar,Road_13,60.6,18.5,0,65.9,78,44.5,61.9,2867,Cloudy,Major
2024-04-19,Whitefield,Road_5,73.5,16.4,2,69.8,71,48.7,76.1,4769,Rain,Minor
2023-07-28,Whitefield,Road_7,71.5,16.1,0,74.2,208,63.0,71.7,1909,Haze,None
2023-05-02,Marathahalli,Road_3,63.6,24.7,1,75.8,165,67.5,88.2,2151,Haze,Minor
2024-05-14,Electronic City,Road_13,77.6,24.5,0,100.0,163,70.5,66.8,1935,Clear,Major
2022-05-16,MG Road,Road_16,71.2,19.4,0,71.3,208,73.3,63.5,1961,Cloudy,None
2024-01-12,Electronic City,Road_13,63.2,25.2,2,66.8,116,49.7,87.8,4826,Clear,Minor
2024-01-20,Whitefield,Road_16,84.8,13.0,1,97.9,118,38.4,78.2,1425,Clear,Major
2023-10-03,Indiranagar,Road_3,75.4,17.2,0,80.4,60,63.4,60.9,3443,Rain,Major
2024-08-09,Indiranagar,Road_5,60.7,24.5,0,50.0,147,74.9,69.3,3813,Rain,Major
2023-05-30,Silk Board,Road_14,69.0,26.2,1,69.2,185,64.8,64.6,1182,Haze,Minor
2022-12-05,MG Road,Road_8,62.0,15.5,1,68.6,168,43.1,64.0,3937,Rain,Major
2022-06-21,Koramangala,Road_5,75.0,24.4,1,76.0,136,59.7,93.1,3520,Clear,Major
2022-04-19,Brigade Road,Road_4,71.4,26.6,0,76.0,247,74.3,70.3,1467,Haze,Minor
2023-09-18,MG Road,Road_7,58.1,30.8,1,71.6,155,55.4,92.4,942,Haze,Major
2022-11-20,MG Road,Road_6,79.7,15.3,0,80.4,211,66.8,92.1,4270,Haze,Major
2022-12-24,Koramangala,Road_14,89.6,8.0,4,91.7,75,34.4,65.5,3173,Cloudy,Minor
2022-06-18,Indiranagar,Road_12,61.0,16.2,1,62.9,150,56.8,72.5,2834,Clear,Minor
2024-05-28,Koramangala,Road_7,90.6,8.2,3,85.7,89,49.9,90.4,943,Clear,Major
2024-03-18,Marathahalli,Road_14,71.7,13.7,0,71.4,93,39.6,76.7,885,Cloudy,None
2024-06-15,Indiranagar,Road_16,60.5,25.4,0,65.6,139,50.3,93.3,4969,Haze,Major
2022-09-23,Indiranagar,Road_15,51.3,30.5,0,50.0,188,62.0,68.8,3734,Cloudy,None
2024-02-29,MG Road,Road_4,84.9,18.2,1,81.2,120,44.5,80.6,2887,Cloudy,None
2024-03-15,Whitefield,Road_11,47.8,25.0,0,59.6,243,52.7,72.7,3123,Clear,None
2024-07-11,Silk Board,Road_9,76.4,19.5,2,72.8,68,52.6,67.6,1269,Clear,None
2023-05-09,Whitefield,Road_5,59.7,29.4,0,65.6,151,63.4,91.2,1668,Haze,Minor
2022-04-15,Whitefield,Road_2,74.6,19.5,1,75.2,209,44.0,81.9,1670,Rain,Minor
2022-08-10,Whitefield,Road_1,70.7,22.4,0,68.3,161,58.4,79.7,2930,Haze,Minor
2022-07-31,Electronic City,Road_2,70.6,12.5,0,81.2,107,40.2,89.2,2729,Rain,None
2022-10-07,Whitefield,Road_10,63.2,18.6,1,62.3,193,49.8,79.9,3261,Haze,None
2023-10-18,Whitefield,Road_15,58.7,28.9,0,56.5,224,49.9,61.3,718,Haze,Major
2022-02-28,Marathahalli,Road_11,58.9,21.7,1,62.5,82,62.5,63.8,3990,Cloudy,Minor
2024-05-07,MG Road,Road_13,62.3,21.5,1,67.3,228,74.6,86.1,2816,Clear,Major
2022-07-27,Brigade Road,Road_14,73.9,25.0,0,77.2,247,57.1,84.7,3008,Clear,None
2023-09-17,Whitefield,Road_16,67.3,19.5,0,81.1,52,43.6,70.7,3202,Rain,None
2023-07-20,MG Road,Road_14,61.0,18.4,2,62.3,117,38.1,83.1,2287,Haze,None
2022-05-02,MG Road,Road_8,67.6,19.3,2,72.2,55,37.3,62.7,2822,Clear,Major
2022-09-25,Marathahalli,Road_13,69.4,18.2,0,78.8,202,32.0,85.8,2574,Clear,Minor
2023-06-28,Silk Board,Road_9,71.8,23.7,2,76.4,79,66.9,76.2,2996,Cloudy,None
2024-06-24,Electronic City,Road_12,73.7,22.4,1,92.1,163,39.3,92.9,4421,Clear,Minor
2023-05-11,Whitefield,Road_10,56.9,22.6,0,63.2,119,73.1,63.1,945,Cloudy,None
2022-12-26,Whitefield,Road_7,74.7,15.7,2,85.8,58,47.8,92.4,874,Clear,Minor
2024-04-26,Silk Board,Road_7,56.6,22.1,0,54.7,92,70.4,60.7,4674,Haze,Minor
2024-05-08,Marathahalli,Road_2,69.9,13.1,0,77.8,50,37.2,78.7,4219,Cloudy,Minor
2023-11-19,Brigade Road,Road_12,62.1,23.1,0,70.1,224,46.3,64.5,4021,Cloudy,Major
2023-07-20,Whitefield,Road_14,58.3,20.9,0,63.8,107,43.0,86.0,4300,Clear,Major
2022-05-18,MG Road,Road_12,63.0,17.4,0,65.0,72,61.5,73.2,839,Clear,Major
2023-01-08,MG Road,Road_10,61.2,25.9,1,57.3,178,35.6,70.6,3918,Haze,Major
2023-05-06,Marathahalli,Road_8,35.0,36.6,0,50.0,165,44.6,88.3,4934,Haze,Major
2023-09-16,Marathahalli,Road_2,73.3,16.1,1,89.1,102,41.9,72.3,2717,Haze,Minor
2024-06-03,Koramangala,Road_8,68.9,16.1,1,79.3,163,42.0,86.7,1271,Haze,Minor
2024-06-24,Brigade Road,Road_13,65.7,22.6,0,73.4,57,58.8,79.7,1712,Cloudy,None
2022-11-28,Electronic City,Road_5,99.0,12.2,2,100.0,82,69.5,92.3,4611,Clear,Minor
2022-10-09,Koramangala,Road_11,68.3,19.4,1,77.1,191,72.4,86.1,2107,Clear,Minor
2024-03-27,Silk Board,Road_4,74.0,18.0,1,78.1,223,39.0,80.5,4783,Rain,Minor
2023-05-27,Electronic City,Road_14,90.6,13.3,0,88.9,89,37.5,69.8,1938,Cloudy,None
2022-05-11,MG Road,Road_6,75.2,18.3,2,76.0,129,64.8,61.0,3004,Clear,Minor
2024-01-09,Brigade Road,Road_7,63.3,25.0,1,59.1,105,35.2,68.5,3278,Cloudy,Minor
2023-03-20,MG Road,Road_13,76.1,15.9,0,87.8,94,59.8,72.7,4491,Haze,None
2023-05-03,Whitefield,Road_9,99.0,16.1,2,100.0,239,32.5,62.4,900,Rain,None
2023-02-19,MG Road,Road_5,53.3,29.6,0,54.9,177,32.4,87.9,1408,Haze,Major
2024-07-16,Brigade Road,Road_10,80.6,16.6,3,74.4,148,30.1,72.4,1304,Haze,Major
2024-07-02,Brigade Road,Road_11,92.3,10.9,1,100.0,228,73.5,70.9,3232,Haze,Minor
2022-08-27,Brigade Road,Road_2,75.2,15.4,1,87.9,142,66.4,84.8,3854,Cloudy,Major
2022-05-07,Brigade Road,Road_14,62.7,23.8,2,84.0,93,64.6,84.7,1763,Cloudy,Major
2022-03-04,Electronic City,Road_12,60.6,25.0,1,67.0,158,50.9,61.2,2392,Rain,Minor
2023-12-23,Brigade Road,Road_4,68.5,21.7,1,83.4,232,47.8,92.2,2411,Haze,None
2024-01-06,Brigade Road,Road_7,63.9,26.1,0,82.0,247,41.5,67.3,2576,Cloudy,None
2024-06-11,Whitefield,Road_8,70.5,18.4,0,76.4,168,65.6,61.2,2995,Haze,Minor
2022-11-03,Marathahalli,Road_13,73.5,16.4,1,70.4,105,70.1,74.3,1976,Rain,None
